Country Name,"Country Code","Series Name","Series Code","2016 [YR2016]","2017 [YR2017]","2018 [YR2018]","2019 [YR2019]","2020 [YR2020]","2021 [YR2021]","2022 [YR2022]","2023 [YR2023]","2024 [YR2024]","2025 [YR2025]"
Afghanistan,"AFG","GDP growth (annual %)","NY.GDP.MKTP.KD.ZG","2.26031420279821","2.6470032027451","1.18922812944517","3.91160341625552","-2.35110067203466","-20.7388393676343","-6.24017199240269","2.26694373649188","..",".."
Afghanistan,"AFG","Inflation, consumer prices (annual %)","FP.CPI.TOTL.ZG","4.38389195513914","4.97595150553832","0.626149149168846","2.30237251516833","5.60188791482224","5.13320340824962","13.7121023720064","-4.64470870797774","-6.60118564073725",".."
Afghanistan,"AFG","Gross fixed capital formation (% of GDP)","NE.GDI.FTOT.ZS","..","..","..","..","11.4556283331357","12.9867036666422","16.6684717100358","15.2435765521019","..",".."
Afghanistan,"AFG","Foreign direct investment, net inflows (% of GDP)","BX.KLT.DINV.WD.GD.ZS","0.516606084523093","0.274796791572807","0.661572217787196","0.124495985291258","0.0649939571808755","0.144466946606861","..","..","..",".."
Afghanistan,"AFG","Domestic credit to private sector (% of GDP)","FS.AST.PRVT.GD.ZS","3.88832174612488","3.84188120492596","3.51231703339133","3.22995723026215","3.09659808966059","..","..","..","..",".."
Afghanistan,"AFG","Real interest rate (%)","FR.INR.RINR","17.5839381624543","12.1411782956513","..","..","..","..","..","..","..",".."
Afghanistan,"AFG","Market capitalization of listed domestic companies (% of GDP)","CM.MKT.LCAP.GD.ZS","..","..","..","..","..","..","..","..","..",".."
Afghanistan,"AFG","Stocks traded, total value (% of GDP)","CM.MKT.TRAD.GD.ZS","..","..","..","..","..","..","..","..","..",".."
Afghanistan,"AFG","Secure Internet servers (per 1 million people)","IT.NET.SECR.P6","12.2764405423167","44.1873650754779","53.4795175761047","27.6573503133086","34.861417801576","39.1245970166507","36.7432860701151","43.758544404586","41.0575140034026",".."
Afghanistan,"AFG","Fixed broadband subscriptions (per 100 people)","IT.NET.BBND.P2","0.0253626650734575","0.0257278621511121","0.043542941562346","0.0519942336405782","0.0680079200431626","0.066424315829547","0.0796301678593983","0.0800873028793967","..",".."
Afghanistan,"AFG","ICT goods imports (% total goods imports)","TM.VAL.ICTG.ZS.UN","0.26","0.39","0.19","2.07","..","..","..","..","..",".."
Afghanistan,"AFG","Individuals using the Internet (% of population)","IT.NET.USER.ZS","11","13.5","16.79999924","17.60000038","17.04850006","16.51429939","15.86629963","15.92840004","16.09499931",".."
Afghanistan,"AFG","School enrollment, tertiary (% gross)","SE.TER.ENRR","..","..","9.99592018127441","..","10.85435962677","..","..","..","..",".."
Afghanistan,"AFG","Research and development expenditure (% of GDP)","GB.XPD.RSDV.GD.ZS","..","..","..","..","..","..","..","..","..",".."
Afghanistan,"AFG","High-technology exports (% of manufactured exports)","TX.VAL.TECH.MF.ZS","..","..","0","0","..","..","..","..","..",".."
Afghanistan,"AFG","GDP per person employed (constant 2021 PPP $)","SL.GDP.PCAP.EM.KD","12858.0910458783","12864.5667033688","13031.1958220999","13572.9111378508","13526.9396374728","10677.6454225309","10863.2517874778","10810.3819482136","..",".."
Albania,"ALB","GDP growth (annual %)","NY.GDP.MKTP.KD.ZG","3.90893551362245","3.28317593330073","3.67141928098908","2.06257790176122","-3.31375636888916","8.96957619074095","4.8268006234359","4.01541716935742","4.04592845095348",".."
Albania,"ALB","Inflation, consumer prices (annual %)","FP.CPI.TOTL.ZG","1.27543168367423","1.98666133171194","2.02805963071134","1.41109078954242","1.6208866171702","2.04147163139544","6.72520271530059","4.75834555150038","2.21587375089991",".."
Albania,"ALB","Gross fixed capital formation (% of GDP)","NE.GDI.FTOT.ZS","25.626746695952","26.2596685681188","25.9195838592949","24.6048342032887","25.1975755428037","27.2150561792836","25.6948129442746","24.2865145867852","24.3552461083467",".."
Albania,"ALB","Foreign direct investment, net inflows (% of GDP)","BX.KLT.DINV.WD.GD.ZS","8.71147225448456","7.71411336285186","7.83109146132114","7.70621465029911","7.01865154497786","6.75791457973236","7.57934042905775","6.90036950940795","6.32349466068578",".."
Albania,"ALB","Domestic credit to private sector (% of GDP)","FS.AST.PRVT.GD.ZS","36.2098635348358","34.1324652358472","32.507358683887","33.725595513728","37.719333429721","36.4341686860283","33.7912381516025","32.4665672054877","34.126089863133",".."
Albania,"ALB","Real interest rate (%)","FR.INR.RINR","7.66467500828308","3.40221801971973","4.41504942562581","5.22293804368142","6.07727270280431","2.4915930543219","-3.05379036037636","0.58425876644839","3.996116578401",".."
Albania,"ALB","Market capitalization of listed domestic companies (% of GDP)","CM.MKT.LCAP.GD.ZS","..","..","..","..","..","..","..","..","..",".."
Albania,"ALB","Stocks traded, total value (% of GDP)","CM.MKT.TRAD.GD.ZS","..","..","..","..","..","..","..","..","..",".."
Albania,"ALB","Secure Internet servers (per 1 million people)","IT.NET.SECR.P6","154.677373117147","480.688445541171","578.280061647416","852.869829087223","993.086755679302","1115.76929843093","1254.67239019169","1388.09781719444","1512.74983930188",".."
Albania,"ALB","Fixed broadband subscriptions (per 100 people)","IT.NET.BBND.P2","9.19224381243169","10.4757297699778","12.5058089696365","15.1192543526712","17.720931463387","19.6303737145283","20.6989441252111","22.5048592377088","24.8815713356962",".."
Albania,"ALB","ICT goods imports (% total goods imports)","TM.VAL.ICTG.ZS.UN","2.94","1.17","1.86","1.45","2.62","1.79","0.21","..","..",".."
Albania,"ALB","Individuals using the Internet (% of population)","IT.NET.USER.ZS","59.59999847","62.40000153","65.40000153","68.5503911218006","72.23767711","79.32371752","82.61367544","83.13559161","85.86389923",".."
Albania,"ALB","School enrollment, tertiary (% gross)","SE.TER.ENRR","58.4884791901189","58.0177836674929","56.0802964109938","61.4085141527142","61.5853024328899","59.9698690125562","62.647921513098","64.7293520237257","84.1496200561523",".."
Albania,"ALB","Research and development expenditure (% of GDP)","GB.XPD.RSDV.GD.ZS","..","..","..","..","..","0.18998","0.19997","..","..",".."
Albania,"ALB","High-technology exports (% of manufactured exports)","TX.VAL.TECH.MF.ZS","0.784313365143227","0.0884579218158484","0.0447019828200661","0.128427412960995","0.285854495639881","0.419509988977299","0.0596409977568037","0.682326849473647","1.52935344981595",".."
Albania,"ALB","GDP per person employed (constant 2021 PPP $)","SL.GDP.PCAP.EM.KD","37112.3083435748","37478.0764075609","37926.8954640283","38164.7731185576","38038.3076503402","41715.4655748964","42236.108505182","43262.9272668809","45524.5454675641",".."
Algeria,"DZA","GDP growth (annual %)","NY.GDP.MKTP.KD.ZG","3.90000000017621","1.49999999895587","1.40000000088281","0.899999999219148","-4.99999999908597","3.79999999900707","3.60000000094915","4.10000000005964","3.69999999907979",".."
Algeria,"DZA","Inflation, consumer prices (annual %)","FP.CPI.TOTL.ZG","6.39769480268756","5.59111590961663","4.26999020467083","1.95176821052891","2.41513094083413","7.22606307415477","9.26551551551552","9.32217375928322","4.04611455313434",".."
Algeria,"DZA","Gross fixed capital formation (% of GDP)","NE.GDI.FTOT.ZS","43.3866935269655","41.5075397965874","41.0086253013984","39.8722500063772","39.0898216851072","35.1175035102881","30.384790452886","32.7223686846894","35.1978539491642",".."
Algeria,"DZA","Foreign direct investment, net inflows (% of GDP)","BX.KLT.DINV.WD.GD.ZS","0.906300705997455","0.647902696344894","0.753576088552125","0.713947308015691","0.693816014772836","0.466728479682941","0.107187812155079","0.489819143410423","0.455370730483787",".."
Algeria,"DZA","Domestic credit to private sector (% of GDP)","FS.AST.PRVT.GD.ZS","20.2524548230485","21.8603855833638","22.387148870126","22.9128695368994","26.1172134194461","22.659990400839","18.2397846012833","18.846702518083","19.0341413218985",".."
Algeria,"DZA","Real interest rate (%)","FR.INR.RINR","7.08263567020895","2.91790627930198","1.72874977289301","7.05471454760202","13.3398767236666","-6.84242363086498","-12.1381943578662","6.92907177086673","4.47402521317597",".."
Algeria,"DZA","Market capitalization of listed domestic companies (% of GDP)","CM.MKT.LCAP.GD.ZS","0.229127480378834","0.185981841536564","0.190907251680752","..","..","..","..","..","..",".."
Algeria,"DZA","Stocks traded, total value (% of GDP)","CM.MKT.TRAD.GD.ZS","..","..","..","..","..","..","..","..","..",".."
Algeria,"DZA","Secure Internet servers (per 1 million people)","IT.NET.SECR.P6","7.56412597956349","62.8698506060272","67.168513094978","49.7522251417072","47.8178931150204","62.1075009798128","75.0702728338252","100.294126063305","119.343855301674",".."
Algeria,"DZA","Fixed broadband subscriptions (per 100 people)","IT.NET.BBND.P2","7.00004046440209","7.70045809597326","7.21566750856693","8.27526635803041","8.6064465013707","9.33184191925225","10.3517244580598","12.0086836084024","13.3173088877016",".."
Algeria,"DZA","ICT goods imports (% total goods imports)","TM.VAL.ICTG.ZS.UN","5.18","4.87","..","..","..","..","..","..","..",".."
Algeria,"DZA","Individuals using the Internet (% of population)","IT.NET.USER.ZS","42.94549942","47.69110107","49.0384680793271","55.79069901","63.47269821","72.21240234","74.78150177","76.19760132","77.4178009",".."
Algeria,"DZA","School enrollment, tertiary (% gross)","SE.TER.ENRR","43.9040620880927","49.177689984383","52.8819387317527","53.8645018203122","53.3752192208988","54.2222597146723","53.3875786756","55.5320185816789","54.4283410150344",".."
Algeria,"DZA","Research and development expenditure (% of GDP)","GB.XPD.RSDV.GD.ZS","..","0.47865","..","..","..","..","..","0.37787","0.44395",".."
Algeria,"DZA","High-technology exports (% of manufactured exports)","TX.VAL.TECH.MF.ZS","0.489614088330072","0.960396672710236","..","..","..","..","..","..","..",".."
Algeria,"DZA","GDP per person employed (constant 2021 PPP $)","SL.GDP.PCAP.EM.KD","57878.2947740375","59126.9092060989","59274.744358701","59207.3848011386","62792.5714798184","63250.6748129477","58367.7906366039","59596.4261123466","61189.0573634739",".."
American Samoa,"ASM","GDP growth (annual %)","NY.GDP.MKTP.KD.ZG","-1.67938931297709","-6.98757763975155","2.6711185308848","-0.487804878048777","4.41176470588236","-0.782472613458523","1.73501577287065","..","..",".."
American Samoa,"ASM","Inflation, consumer prices (annual %)","FP.CPI.TOTL.ZG","..","..","..","..","..","..","..","..","..",".."
American Samoa,"ASM","Gross fixed capital formation (% of GDP)","NE.GDI.FTOT.ZS","..","..","..","..","..","..","..","..","..",".."
American Samoa,"ASM","Foreign direct investment, net inflows (% of GDP)","BX.KLT.DINV.WD.GD.ZS","..","..","..","..","..","..","..","..","..",".."
American Samoa,"ASM","Domestic credit to private sector (% of GDP)","FS.AST.PRVT.GD.ZS","..","..","..","..","..","..","..","..","..",".."
American Samoa,"ASM","Real interest rate (%)","FR.INR.RINR","..","..","..","..","..","..","..","..","..",".."
American Samoa,"ASM","Market capitalization of listed domestic companies (% of GDP)","CM.MKT.LCAP.GD.ZS","..","..","..","..","..","..","..","..","..",".."
American Samoa,"ASM","Stocks traded, total value (% of GDP)","CM.MKT.TRAD.GD.ZS","..","..","..","..","..","..","..","..","..",".."
American Samoa,"ASM","Secure Internet servers (per 1 million people)","IT.NET.SECR.P6","191.405876160398","1066.18074671422","491.081951756109","378.418211874365","241.152709953578","426.6124936516","351.661081461255","462.953220681383","513.204319469689",".."
American Samoa,"ASM","Fixed broadband subscriptions (per 100 people)","IT.NET.BBND.P2","..","..","..","..","..","..","..","..","..",".."
American Samoa,"ASM","ICT goods imports (% total goods imports)","TM.VAL.ICTG.ZS.UN","..","..","..","..","..","..","..","..","..",".."
American Samoa,"ASM","Individuals using the Internet (% of population)","IT.NET.USER.ZS","..","..","..","..","..","..","..","..","..",".."
American Samoa,"ASM","School enrollment, tertiary (% gross)","SE.TER.ENRR","..","..","..","..","..","..","..","..","..",".."
American Samoa,"ASM","Research and development expenditure (% of GDP)","GB.XPD.RSDV.GD.ZS","..","..","..","..","..","..","..","..","..",".."
American Samoa,"ASM","High-technology exports (% of manufactured exports)","TX.VAL.TECH.MF.ZS","..","..","..","..","..","..","..","..","..",".."
American Samoa,"ASM","GDP per person employed (constant 2021 PPP $)","SL.GDP.PCAP.EM.KD","..","..","..","..","..","..","..","..","..",".."
Andorra,"AND","GDP growth (annual %)","NY.GDP.MKTP.KD.ZG","3.70967806978986","0.346071889630295","1.58876549046354","2.01554763848308","-11.1839399355384","8.28677879049404","9.56461225648184","2.58355480961319","3.37182032638998",".."
Andorra,"AND","Inflation, consumer prices (annual %)","FP.CPI.TOTL.ZG","..","..","..","..","..","..","..","..","..",".."
Andorra,"AND","Gross fixed capital formation (% of GDP)","NE.GDI.FTOT.ZS","..","..","..","..","..","..","..","..","..",".."
Andorra,"AND","Foreign direct investment, net inflows (% of GDP)","BX.KLT.DINV.WD.GD.ZS","..","..","..","13.3818072686093","9.43228499707799","14.5826559404996","17.5702350620217","7.28597529959797","6.64266743694098",".."
Andorra,"AND","Domestic credit to private sector (% of GDP)","FS.AST.PRVT.GD.ZS","..","..","..","..","..","..","..","..","..",".."
Andorra,"AND","Real interest rate (%)","FR.INR.RINR","..","..","..","..","..","..","..","..","..",".."
Andorra,"AND","Market capitalization of listed domestic companies (% of GDP)","CM.MKT.LCAP.GD.ZS","..","..","..","..","..","..","..","..","..",".."
Andorra,"AND","Stocks traded, total value (% of GDP)","CM.MKT.TRAD.GD.ZS","..","..","..","..","..","..","..","..","..",".."
Andorra,"AND","Secure Internet servers (per 1 million people)","IT.NET.SECR.P6","3034.03942865851","3565.47320472324","5321.83816290147","20359.8608677459","9705.35021969501","11280.6901128069","13725.6131986701","14618.5811813595","17623.0808660206",".."
Andorra,"AND","Fixed broadband subscriptions (per 100 people)","IT.NET.BBND.P2","45.011845222427","46.4785868253731","47.4481786008887","47.5429557758192","48.6559834582579","50.2769128681537","51.2050686907973","51.7401306025527","52.3554394786302",".."
Andorra,"AND","ICT goods imports (% total goods imports)","TM.VAL.ICTG.ZS.UN","6.49","6.86","6.28","6.34","5.88","5.96","5.89","..","..",".."
Andorra,"AND","Individuals using the Internet (% of population)","IT.NET.USER.ZS","89.69999695","91.5674670273926","93.5","90.71869659","93.20570374","93.89749908","94.05169678","94.21499634","94.39759827",".."
Andorra,"AND","School enrollment, tertiary (% gross)","SE.TER.ENRR","15.2011095700416","15.6664896441848","15.7132150886835","15.4352596927579","15.2605749006777","15.4117647058823","34.6414389161411","62.4106937082277","67.6767676767677",".."
Andorra,"AND","Research and development expenditure (% of GDP)","GB.XPD.RSDV.GD.ZS","..","..","..","..","..","..","0.15818","..","..",".."
Andorra,"AND","High-technology exports (% of manufactured exports)","TX.VAL.TECH.MF.ZS","24.4309106376305","23.2513189546623","28.4603950348388","32.5215915853416","23.0406088299837","24.3806762508654","13.3076613572665","21.4346319155008","..",".."
Andorra,"AND","GDP per person employed (constant 2021 PPP $)","SL.GDP.PCAP.EM.KD","..","..","..","..","..","..","..","..","..",".."
Angola,"AGO","GDP growth (annual %)","NY.GDP.MKTP.KD.ZG","-1.70053036291208","-0.149396225571834","-0.59441122698307","-0.204680245744115","-4.04244724639663","2.10275251923413","4.21600258475137","1.26330814020108","4.42390664406875",".."
Angola,"AGO","Inflation, consumer prices (annual %)","FP.CPI.TOTL.ZG","30.6944150806719","29.8444799015679","19.628937970152","17.080954143438","22.2715392470509","25.754294884189","21.3552901320822","13.6441017767714","28.2404948915772",".."
Angola,"AGO","Gross fixed capital formation (% of GDP)","NE.GDI.FTOT.ZS","30.0761762522923","29.1318691032117","24.159251809913","24.5904860348098","19.551921802528","15.959365647445","14.1370359060667","12.2907549674003","10.3941219963068",".."
Angola,"AGO","Foreign direct investment, net inflows (% of GDP)","BX.KLT.DINV.WD.GD.ZS","-0.299804386002375","-8.76696380208172","-7.21246216123288","-5.07649440156737","-3.17143620765821","-5.47403409372737","-5.02899288556058","-1.97786390222726","-1.0986881170909",".."
Angola,"AGO","Domestic credit to private sector (% of GDP)","FS.AST.PRVT.GD.ZS","18.5908277620868","14.84745928119","13.256401276638","13.4718248959992","11.3107531927913","8.70249637691384","6.86560736253038","7.56544382086068","7.31668036665318",".."
Angola,"AGO","Real interest rate (%)","FR.INR.RINR","-4.21286122228686","-6.39117809667091","-3.60811739452132","-0.475965539253865","3.09512618211643","-11.9794289274505","1.68930733692746","-0.855065283252623","-4.17755819878416",".."
Angola,"AGO","Market capitalization of listed domestic companies (% of GDP)","CM.MKT.LCAP.GD.ZS","..","..","..","..","..","..","..","..","..",".."
Angola,"AGO","Stocks traded, total value (% of GDP)","CM.MKT.TRAD.GD.ZS","..","..","..","..","..","..","..","..","..",".."
Angola,"AGO","Secure Internet servers (per 1 million people)","IT.NET.SECR.P6","8.22394628118289","10.6499657563912","11.023366181367","14.4862036978923","19.7302740008918","26.1782917153033","36.5370826553838","40.2177899448233","48.5141563014729",".."
Angola,"AGO","Fixed broadband subscriptions (per 100 people)","IT.NET.BBND.P2","0.290319010302891","0.32055404693903","0.350066962955579","0.367770426844486","0.363264238710965","0.39092529517689","0.386698155907211","0.373668982990052","0.362845240712436",".."
Angola,"AGO","ICT goods imports (% total goods imports)","TM.VAL.ICTG.ZS.UN","2.3","2.45","2.52","2.87","2.85","4.14","3.3","..","..",".."
Angola,"AGO","Individuals using the Internet (% of population)","IT.NET.USER.ZS","23.20000076","26","29","32.12939835","33.32089996","34.55649948","35.83800125","37.88589859","40.70479965",".."
Angola,"AGO","School enrollment, tertiary (% gross)","SE.TER.ENRR","9.78287696232453","..","..","..","..","..","..","10.04935810264","9.9549065722902",".."
Angola,"AGO","Research and development expenditure (% of GDP)","GB.XPD.RSDV.GD.ZS","0.03229","..","..","..","..","..","..","..","..",".."
Angola,"AGO","High-technology exports (% of manufactured exports)","TX.VAL.TECH.MF.ZS","12.9883050935056","19.3839506955365","23.3127754550372","27.4965016903098","23.3946213847164","16.1269540436105","22.0635039995781","23.4714139423334","16.6897206933082",".."
Angola,"AGO","GDP per person employed (constant 2021 PPP $)","SL.GDP.PCAP.EM.KD","31187.4718656878","30171.6575044905","29053.3348953266","28059.9533940627","26682.7933954204","25015.8558860116","25072.6000048665","24631.96462192","24845.8137735601",".."
Antigua and Barbuda,"ATG","GDP growth (annual %)","NY.GDP.MKTP.KD.ZG","4.1203675438061","2.71272657973627","6.71200487159726","3.1722219373937","-18.8687765208148","8.17286311186622","9.10780623385958","2.42736300110336","3.65638765956977",".."
Antigua and Barbuda,"ATG","Inflation, consumer prices (annual %)","FP.CPI.TOTL.ZG","-0.489437796230498","2.43248789041362","1.20715793367007","1.43135598182983","0.625989707046719","2.06299638545334","7.53107834634288","5.06713865364212","6.19886698842115",".."
Antigua and Barbuda,"ATG","Gross fixed capital formation (% of GDP)","NE.GDI.FTOT.ZS","..","..","..","..","..","..","..","..","..",".."
Antigua and Barbuda,"ATG","Foreign direct investment, net inflows (% of GDP)","BX.KLT.DINV.WD.GD.ZS","6.54079848427652","9.85575663347108","12.1775193572219","7.75630247071163","6.82766026835143","17.8854599675431","16.3832463643885","14.6092927494913","11.1314252318887",".."
Antigua and Barbuda,"ATG","Domestic credit to private sector (% of GDP)","FS.AST.PRVT.GD.ZS","47.0134239034493","44.2266252584994","41.6541874622447","41.9491312714393","53.7704057805227","45.4347464248891","38.1699416436992","38.0118435193016","38.5522100446786",".."
Antigua and Barbuda,"ATG","Real interest rate (%)","FR.INR.RINR","10.0980953388989","8.9650908443246","7.42507921733794","7.84312471601152","6.84865145111171","2.35704800577082","0.500681463519473","1.71819620309383","0.324776917260695",".."
Antigua and Barbuda,"ATG","Market capitalization of listed domestic companies (% of GDP)","CM.MKT.LCAP.GD.ZS","..","..","..","..","..","..","..","..","..",".."
Antigua and Barbuda,"ATG","Stocks traded, total value (% of GDP)","CM.MKT.TRAD.GD.ZS","..","..","..","..","..","..","..","..","..",".."
Antigua and Barbuda,"ATG","Secure Internet servers (per 1 million people)","IT.NET.SECR.P6","844.735408863053","939.558739001636","890.834304819304","952.235015980036","1328.31043268079","801.308081300285","829.383886255924","803.720690985469","970.438936996118",".."
Antigua and Barbuda,"ATG","Fixed broadband subscriptions (per 100 people)","IT.NET.BBND.P2","10.2935455545799","9.94826900119379","..","8.75618405498884","8.71023234544781","8.66279006811119","10.6818181818182","..","..",".."
Antigua and Barbuda,"ATG","ICT goods imports (% total goods imports)","TM.VAL.ICTG.ZS.UN","3.14","3.08","3.75","3.58","..","..","..","..","..",".."
Antigua and Barbuda,"ATG","Individuals using the Internet (% of population)","IT.NET.USER.ZS","70.27159882","70.54419708","70.81790161","71.09259796","71.36840057","71.64530182","71.9233017","72.12409973","72.73040009",".."
Antigua and Barbuda,"ATG","School enrollment, tertiary (% gross)","SE.TER.ENRR","..","..","..","..","..","..","..","..","..",".."
Antigua and Barbuda,"ATG","Research and development expenditure (% of GDP)","GB.XPD.RSDV.GD.ZS","..","..","..","..","..","..","..","..","..",".."
Antigua and Barbuda,"ATG","High-technology exports (% of manufactured exports)","TX.VAL.TECH.MF.ZS","0.0260556980755776","0.375050371986813","0.613426844678628","0","0","0","0","0","0",".."
Antigua and Barbuda,"ATG","GDP per person employed (constant 2021 PPP $)","SL.GDP.PCAP.EM.KD","..","..","..","..","..","..","..","..","..",".."
Argentina,"ARG","GDP growth (annual %)","NY.GDP.MKTP.KD.ZG","-2.08032784377811","2.81850297775918","-2.61739646282038","-2.00086100285785","-9.9004848136464","10.4418119882506","6.02074537534855","-1.85578803046339","-1.34293072157739",".."
Argentina,"ARG","Inflation, consumer prices (annual %)","FP.CPI.TOTL.ZG","..","..","34.2772237131003","53.5483043492339","42.0150947376509","48.4093786255199","72.430757531824","133.488935594175","219.883929014578",".."
Argentina,"ARG","Gross fixed capital formation (% of GDP)","NE.GDI.FTOT.ZS","14.2723627542237","15.1621987548244","15.2510495001607","14.1990461422681","14.282505371897","17.2906325754362","17.6177901931028","18.4930289934213","15.9035666572482",".."
Argentina,"ARG","Foreign direct investment, net inflows (% of GDP)","BX.KLT.DINV.WD.GD.ZS","0.584748941173009","1.78936504083806","2.23253157689253","1.48500687570697","1.26616924308721","1.36838083162438","2.3984601182853","3.81190879856952","1.82409522925391",".."
Argentina,"ARG","Domestic credit to private sector (% of GDP)","FS.AST.PRVT.GD.ZS","13.6676334273514","15.9584973420583","..","14.4776292447323","15.746489768328","13.2644289814534","12.8891009335255","15.3570823376104","15.1176778381075",".."
Argentina,"ARG","Real interest rate (%)","FR.INR.RINR","-7.00603984304116","0.455892832330463","4.56440909873508","12.1039696489827","-7.63517421630372","-11.8618379621172","-9.81968419782903","-17.2542810000346","-47.4304580263773",".."
Argentina,"ARG","Market capitalization of listed domestic companies (% of GDP)","CM.MKT.LCAP.GD.ZS","11.4076106061133","16.8948497510525","8.76225361679707","8.79801852253825","8.36065160246713","8.58081622666602","8.35147499068672","..","..",".."
Argentina,"ARG","Stocks traded, total value (% of GDP)","CM.MKT.TRAD.GD.ZS","0.782151174329976","1.02431430345001","0.87099785403387","0.666286721092952","0.73881273489992","0.53835046156679","1.25563223941586","0.178401593424374","..",".."
Argentina,"ARG","Secure Internet servers (per 1 million people)","IT.NET.SECR.P6","729.835343087417","1619.6159696379","1865.86541646219","3016.15630461206","3700.83487186273","5116.36127962748","5287.33940240888","5451.20150353984","5453.43428098629",".."
Argentina,"ARG","Fixed broadband subscriptions (per 100 people)","IT.NET.BBND.P2","16.5184995378051","17.7082272589602","18.9758759187853","19.551931344405","21.1797871590669","23.1500020932515","24.6831785056628","25.3580730689248","26.0976420359532",".."
Argentina,"ARG","ICT goods imports (% total goods imports)","TM.VAL.ICTG.ZS.UN","8.44","8.69","7.57","8.1","9.05","9.09","7.95","..","..",".."
Argentina,"ARG","Individuals using the Internet (% of population)","IT.NET.USER.ZS","70.9689808206024","74.2949068657957","77.7","79.9469520347551","85.51438646","87.15070683","88.37535691","89.22897166","89.66715228",".."
Argentina,"ARG","School enrollment, tertiary (% gross)","SE.TER.ENRR","86.6743832906399","89.3297346952415","91.0846512732766","95.1928240640628","99.3697348717996","107.219557633976","107.103901423423","107.822574129434","..",".."
Argentina,"ARG","Research and development expenditure (% of GDP)","GB.XPD.RSDV.GD.ZS","0.55815","0.55632","0.4883","0.47813","0.54126","0.5236","0.54951","0.60111","..",".."
Argentina,"ARG","High-technology exports (% of manufactured exports)","TX.VAL.TECH.MF.ZS","8.9823994804111","9.20544177021613","5.40298410146417","5.21279058881723","6.90388925607922","4.42289139264312","4.75157524338594","5.44959440578319","3.85019697474113",".."
Argentina,"ARG","GDP per person employed (constant 2021 PPP $)","SL.GDP.PCAP.EM.KD","68105.4026359412","69702.6851895696","66888.049287424","64545.6690918665","63088.8422580423","62199.2099349718","62861.7846363111","59860.6086847392","59453.738230398",".."
Armenia,"ARM","GDP growth (annual %)","NY.GDP.MKTP.KD.ZG","0.199999999825991","7.50000000164144","5.19999999965324","7.59999999853918","-7.19999999920631","5.80000000065645","12.5999999997766","8.29999999959539","5.90000000046228",".."
Armenia,"ARM","Inflation, consumer prices (annual %)","FP.CPI.TOTL.ZG","-1.40360755900899","0.969553268816137","2.52023382001637","1.44344660770698","1.21143577838464","7.1848362944337","8.64091108973854","1.98041877615553","0.269511978259125",".."
Armenia,"ARM","Gross fixed capital formation (% of GDP)","NE.GDI.FTOT.ZS","17.357719658433","17.6483759985837","16.7409108725174","15.8155984319769","17.7739212520107","21.2039418643996","21.0691132267399","20.5736619222159","21.3550447611018",".."
Armenia,"ARM","Foreign direct investment, net inflows (% of GDP)","BX.KLT.DINV.WD.GD.ZS","3.16536727816995","2.19257337687685","2.14204783415544","0.736345856475298","0.463408850763634","2.64014282794454","4.99991586140552","2.39959276465582","0.506878336560983",".."
Armenia,"ARM","Domestic credit to private sector (% of GDP)","FS.AST.PRVT.GD.ZS","48.8756443742771","51.5425858055791","55.5020027333594","60.1552379151791","72.1929140858517","61.6738125458808","52.5538426755394","55.4049602573759","64.3799433173924",".."
Armenia,"ARM","Real interest rate (%)","FR.INR.RINR","17.0423595080455","11.9973399575165","9.73397739946579","10.9595785635957","9.63911034033596","4.5475881609953","3.45742932246242","9.00575934552439","11.5859080483725",".."
Armenia,"ARM","Market capitalization of listed domestic companies (% of GDP)","CM.MKT.LCAP.GD.ZS","..","..","0.383771292314693","0.403545249598453","0.213183377396629","0.212696839421871","1.29484672225421","1.15740596145323","18.6746236710281",".."
Armenia,"ARM","Stocks traded, total value (% of GDP)","CM.MKT.TRAD.GD.ZS","..","..","0.00016054017666375","0.000587402110041417","..","0.00266591567026057","0.012504159584835","0.0286116145224032","0.00816789638699406",".."
Armenia,"ARM","Secure Internet servers (per 1 million people)","IT.NET.SECR.P6","186.144437389299","268.174800295361","333.108790838666","477.974683544304","587.877764646294","712.95952469365","862.185100363734","1177.00637587289","1735.28926982034",".."
Armenia,"ARM","Fixed broadband subscriptions (per 100 people)","IT.NET.BBND.P2","10.2497847569184","10.8172556564183","11.9399374219278","13.2819462446608","14.8883804721864","16.2565945813558","17.7300708049016","18.5458075085454","20.3090953111129",".."
Armenia,"ARM","ICT goods imports (% total goods imports)","TM.VAL.ICTG.ZS.UN","4.9","4.13","5.45","5.22","4.92","5.08","9.05","..","..",".."
Armenia,"ARM","Individuals using the Internet (% of population)","IT.NET.USER.ZS","64.3460297653742","64.7448843250726","68.2450522610271","66.5439496866159","76.50770055","78.61225758","77.02767465","79.99663036","81.33930206",".."
Armenia,"ARM","School enrollment, tertiary (% gross)","SE.TER.ENRR","54.3432877365993","55.5065519523494","57.4585357681354","53.5944174785534","52.3331534448642","56.6235144830279","57.1818422625098","56.2770051010456","52.7748065090859",".."
Armenia,"ARM","Research and development expenditure (% of GDP)","GB.XPD.RSDV.GD.ZS","0.23305","0.22788","0.18876","0.17854","0.2092","0.20557","0.20955","0.1821","0.2861",".."
Armenia,"ARM","High-technology exports (% of manufactured exports)","TX.VAL.TECH.MF.ZS","6.13769143045383","7.56330477959628","7.10147421496599","9.79110110537429","7.14063667161287","5.95671993684786","21.8475283435373","20.9051560207484","23.6403270515259",".."
Armenia,"ARM","GDP per person employed (constant 2021 PPP $)","SL.GDP.PCAP.EM.KD","32604.8214753052","35409.4291849734","38036.521992698","42384.9927249539","37618.0497887388","38030.4789416765","43845.172745608","45895.7380076628","47368.5514514897",".."
Aruba,"ABW","GDP growth (annual %)","NY.GDP.MKTP.KD.ZG","1.23433537363427","3.49342985290626","3.21247111920076","1.22511225158814","-23.8979898352395","14.7306159219273","10.6364309604414","7.70679839650956","6.81077669324542",".."
Aruba,"ABW","Inflation, consumer prices (annual %)","FP.CPI.TOTL.ZG","-0.93119598707956","-1.02828178762012","3.6260414135296","4.25746204335427","..","..","..","..","..",".."
Aruba,"ABW","Gross fixed capital formation (% of GDP)","NE.GDI.FTOT.ZS","..","..","..","..","..","..","..","..","..",".."
Aruba,"ABW","Foreign direct investment, net inflows (% of GDP)","BX.KLT.DINV.WD.GD.ZS","0.923397287531133","5.2533752062728","4.39981717177271","-2.2478342012416","6.51718576425329","4.63553026601194","7.4653342753216","-3.58459079731401","2.42051208397071",".."
Aruba,"ABW","Domestic credit to private sector (% of GDP)","FS.AST.PRVT.GD.ZS","57.2219316866237","57.246534425591","55.9651018283957","59.6493537497553","82.0939664354264","68.6460015848153","60.5316284506998","56.711929646071","..",".."
Aruba,"ABW","Real interest rate (%)","FR.INR.RINR","7.46758040290235","6.14327999866008","3.26873379730582","4.74304972808446","10.0595630604302","4.72220080025861","1.7364622447006","-1.22215389191863","..",".."
Aruba,"ABW","Market capitalization of listed domestic companies (% of GDP)","CM.MKT.LCAP.GD.ZS","..","..","..","..","..","..","..","..","..",".."
Aruba,"ABW","Stocks traded, total value (% of GDP)","CM.MKT.TRAD.GD.ZS","..","..","..","..","..","..","..","..","..",".."
Aruba,"ABW","Secure Internet servers (per 1 million people)","IT.NET.SECR.P6","1131.2737406532","947.257092932359","1120.21155470672","1364.43138009029","1556.3557331909","1643.45403899721","1621.47050601062","1397.18141935003","1574.14695124774",".."
Aruba,"ABW","Fixed broadband subscriptions (per 100 people)","IT.NET.BBND.P2","..","..","..","17.7444058425791","17.6908752327747","17.664887781476","17.4862221892338","..","..",".."
Aruba,"ABW","ICT goods imports (% total goods imports)","TM.VAL.ICTG.ZS.UN","4.92","4.83","5.21","4.18","5.4","4.23","..","..","..",".."
Aruba,"ABW","Individuals using the Internet (% of population)","IT.NET.USER.ZS","93.542453865048","97.17","..","..","..","..","..","..","..",".."
Aruba,"ABW","School enrollment, tertiary (% gross)","SE.TER.ENRR","17.1416206359863","..","..","..","..","..","..","..","14.0655418559377",".."
Aruba,"ABW","Research and development expenditure (% of GDP)","GB.XPD.RSDV.GD.ZS","..","..","..","..","..","..","..","..","..",".."
Aruba,"ABW","High-technology exports (% of manufactured exports)","TX.VAL.TECH.MF.ZS","4.04238531863215","6.6179822555614","8.51650729790994","4.95360767044503","6.7561753872818","4.81705330254684","7.12514654462656","6.86800836378335","..",".."
Aruba,"ABW","GDP per person employed (constant 2021 PPP $)","SL.GDP.PCAP.EM.KD","..","..","..","..","..","..","..","..","..",".."
Australia,"AUS","GDP growth (annual %)","NY.GDP.MKTP.KD.ZG","2.75564065529868","2.29331030192918","2.87417039499501","2.19401703622717","-0.133531904304775","2.00694844335034","4.25304559238732","3.58382100798981","1.37340773365975",".."
Australia,"AUS","Inflation, consumer prices (annual %)","FP.CPI.TOTL.ZG","1.27699365720306","1.94864309065653","1.91140002818579","1.610770929127","0.846900734607273","2.86391284709318","6.59409658717841","5.59701792296707","3.16656665428797",".."
Australia,"AUS","Gross fixed capital formation (% of GDP)","NE.GDI.FTOT.ZS","25.2841043930064","23.9744250133026","24.3863880116543","23.3219874334142","22.7279354612304","22.5826306071239","23.1156890618434","23.1932473759349","24.0919767539482",".."
Australia,"AUS","Foreign direct investment, net inflows (% of GDP)","BX.KLT.DINV.WD.GD.ZS","3.54660341826144","3.62158795648508","4.23450805251819","2.77077560426989","1.34826011276187","2.01542405903096","4.05215286724898","2.03614704389564","3.03883928325354",".."
Australia,"AUS","Domestic credit to private sector (% of GDP)","FS.AST.PRVT.GD.ZS","142.104255731186","140.108067004121","139.498062822532","135.666714386567","141.704749324425","138.339567139855","133.643883130746","126.962120898014","129.317349651589",".."
Australia,"AUS","Real interest rate (%)","FR.INR.RINR","6.13556882319326","1.54300485864138","3.35275994582846","1.56982320729507","..","..","..","..","..",".."
Australia,"AUS","Market capitalization of listed domestic companies (% of GDP)","CM.MKT.LCAP.GD.ZS","104.696759321256","113.342362733756","88.1139234839412","106.382445195033","129.041410738388","120.939358825633","99.0295271142089","103.129214204538","98.8664833716782",".."
Australia,"AUS","Stocks traded, total value (% of GDP)","CM.MKT.TRAD.GD.ZS","65.6144721257654","63.323893312036","54.0089747702156","59.6579008737373","91.9621007352024","68.4469349249607","64.2499586263382","51.757804805098","48.108216784871",".."
Australia,"AUS","Secure Internet servers (per 1 million people)","IT.NET.SECR.P6","9810.21505311893","21552.9166755447","32929.1953798659","36763.583850941","39862.7281392421","46481.5592601746","48266.9382557275","47565.8931035132","44295.1916570222",".."
Australia,"AUS","Fixed broadband subscriptions (per 100 people)","IT.NET.BBND.P2","30.3083074972206","32.0326223266488","33.5486251312018","34.5434163723691","35.346849265518","35.8359861455454","36.3933201898066","36.627426494239","36.4788276060473",".."
Australia,"AUS","ICT goods imports (% total goods imports)","TM.VAL.ICTG.ZS.UN","10","9.55","10.36","10.35","10.98","10","8.52","..","..",".."
Australia,"AUS","Individuals using the Internet (% of population)","IT.NET.USER.ZS","86.54000092","86.5450488476768","90.0082016","93.60990143","94.6934967","96.97219849","96.11940002","96.1160965","96.13140106",".."
Australia,"AUS","School enrollment, tertiary (% gross)","SE.TER.ENRR","119.682777404785","109.993309020996","103.322090148926","109.759559631348","110.139221191406","112.688293457031","106.240760803223","104.64835357666","108.421989440918",".."
Australia,"AUS","Research and development expenditure (% of GDP)","GB.XPD.RSDV.GD.ZS","..","1.88102","..","1.82826","..","1.85783","..","..","..",".."
Australia,"AUS","High-technology exports (% of manufactured exports)","TX.VAL.TECH.MF.ZS","20.6275044745549","18.0967924595604","18.1371018191307","21.2199332352628","21.4757898705835","22.3940766008599","25.8318704116272","25.2582777120781","25.1586416457084",".."
Australia,"AUS","GDP per person employed (constant 2021 PPP $)","SL.GDP.PCAP.EM.KD","113799.961412796","113779.721959186","113928.526316708","113842.022293434","115508.041684851","113808.531840373","114008.86076002","114664.901751543","114528.043332503",".."
Austria,"AUT","GDP growth (annual %)","NY.GDP.MKTP.KD.ZG","2.11721964494312","2.27224992038207","2.48422114080024","1.75497619649288","-6.31825509209936","4.92309171717903","5.33096379400371","-0.786244288594673","-0.659089573171372",".."
Austria,"AUT","Inflation, consumer prices (annual %)","FP.CPI.TOTL.ZG","0.891591752655362","2.08126911385586","1.99837981429548","1.53089564152643","1.38191063351853","2.7666666666667","8.54686993188457","7.81413417002831","2.93791574279375",".."
Austria,"AUT","Gross fixed capital formation (% of GDP)","NE.GDI.FTOT.ZS","23.3219102437796","23.8459451205616","24.3135937640992","25.0801117201002","25.134256704245","25.8646541570211","25.2127203813994","24.6875584181551","23.5479112127244",".."
Austria,"AUT","Foreign direct investment, net inflows (% of GDP)","BX.KLT.DINV.WD.GD.ZS","-7.23989904197038","3.38180275607348","-6.15119207172195","-2.85255617561831","-2.76332070661681","3.95409878611296","3.0221599256451","0.566112370322707","2.55351579610657",".."
Austria,"AUT","Domestic credit to private sector (% of GDP)","FS.AST.PRVT.GD.ZS","83.5897539711459","84.7370865911526","84.8629638770058","86.3027943646251","93.0516337886918","93.0624546800894","89.1835529946886","84.1024713084051","81.7652651021229",".."
Austria,"AUT","Real interest rate (%)","FR.INR.RINR","..","..","..","..","..","..","..","..","..",".."
Austria,"AUT","Market capitalization of listed domestic companies (% of GDP)","CM.MKT.LCAP.GD.ZS","30.7291374574845","36.3067004353975","25.8079030703192","30.0458543542059","30.406072576452","33.9022442534773","26.0022108616596","26.8320888102517","22.5848776685147",".."
Austria,"AUT","Stocks traded, total value (% of GDP)","CM.MKT.TRAD.GD.ZS","6.74456165616261","9.63711122461815","8.71263424088916","7.55782534559071","9.15741934517024","7.33562070130395","7.90203443537557","5.72339226816737","5.64782238061923",".."
Austria,"AUT","Secure Internet servers (per 1 million people)","IT.NET.SECR.P6","4449.98024418463","7431.71463561626","16705.0109377038","26298.32250741","33802.6911703487","39775.2427840872","39544.447259748","42281.0014410145","47132.0383936251",".."
Austria,"AUT","Fixed broadband subscriptions (per 100 people)","IT.NET.BBND.P2","28.8775983744406","28.5425998928488","28.5150396136468","28.3631930003301","29.2106456326106","29.2537339731419","29.2342573265435","29.3725409835617","30.12779672163",".."
Austria,"AUT","ICT goods imports (% total goods imports)","TM.VAL.ICTG.ZS.UN","5.4","5.23","5.26","5.23","5.48","6.82","6.33","..","..",".."
Austria,"AUT","Individuals using the Internet (% of population)","IT.NET.USER.ZS","84.3237425711653","87.9355865856062","87.4791372262556","87.7522047870069","87.52942813","92.52915104","93.61409139","95.33467117","94.91974877","91.92573373"
Austria,"AUT","School enrollment, tertiary (% gross)","SE.TER.ENRR","82.8496932983398","83.8392562866211","85.8698883056641","86.3234329223633","88.7071990966797","93.940071105957","94.5116882324219","91.6818237304688","92.6126708984375",".."
Austria,"AUT","Research and development expenditure (% of GDP)","GB.XPD.RSDV.GD.ZS","3.13356","3.07376","3.10828","3.14405","3.20758","3.25565","3.17775","3.25517","..",".."
Austria,"AUT","High-technology exports (% of manufactured exports)","TX.VAL.TECH.MF.ZS","14.4532591877111","12.8851997037889","11.6500759838374","11.4825348767666","12.2718957660446","11.017122140568","14.9141702472602","15.9232697881169","18.4525766859019",".."
Austria,"AUT","GDP per person employed (constant 2021 PPP $)","SL.GDP.PCAP.EM.KD","126111.1480753","127537.961464654","128696.212272063","129898.645396689","123044.080096606","129644.817221157","132596.377224908","130630.577000024","129651.403205036",".."
Azerbaijan,"AZE","GDP growth (annual %)","NY.GDP.MKTP.KD.ZG","-3.06359842251706","0.153614661745507","1.50040167167313","2.47980879185565","-4.19896065333343","5.61644027150554","4.71468033247649","1.35447749115767","4.07140205008956",".."
Azerbaijan,"AZE","Inflation, consumer prices (annual %)","FP.CPI.TOTL.ZG","12.4433748584372","12.9359184187334","2.26854690373999","2.61057182799215","2.75980947008127","6.65029912708778","13.8522590144267","8.7854304984908","2.21217188919901",".."
Azerbaijan,"AZE","Gross fixed capital formation (% of GDP)","NE.GDI.FTOT.ZS","25.0345882181606","23.8172078171339","20.6940768116666","21.1295517984961","22.6664792823179","16.2271252489185","12.0116262492284","17.4006159423821","16.7969003538156",".."
Azerbaijan,"AZE","Foreign direct investment, net inflows (% of GDP)","BX.KLT.DINV.WD.GD.ZS","11.8828171505465","7.01669598350389","2.97797589143235","3.12183056112494","1.18790387182911","-3.11473447263613","-5.67773710614177","0.349083720733803","0.311206693209432",".."
Azerbaijan,"AZE","Domestic credit to private sector (% of GDP)","FS.AST.PRVT.GD.ZS","32.8688540294339","22.099603808676","20.766485823452","23.0018690122863","26.0320151044626","22.9250440750459","18.2984687873762","23.1277980537513","26.3946919312989",".."
Azerbaijan,"AZE","Real interest rate (%)","FR.INR.RINR","1.52395800803738","0.27213781268683","4.69218428014947","17.5417497363129","26.6704180518877","-4.24617334310806","-16.5227722601387","25.6817087272921","16.3088883325338",".."
Azerbaijan,"AZE","Market capitalization of listed domestic companies (% of GDP)","CM.MKT.LCAP.GD.ZS","..","..","..","4.51253660120982","3.35973110345958","2.90985502643686","1.86274218553481","2.17767956052381","2.20049866626562",".."
Azerbaijan,"AZE","Stocks traded, total value (% of GDP)","CM.MKT.TRAD.GD.ZS","..","..","..","0.00411008080961021","0.0412714028060806","0.0132967537595276","0.00289312673402865","0.00381065619304726","0.00962109279150209",".."
Azerbaijan,"AZE","Secure Internet servers (per 1 million people)","IT.NET.SECR.P6","101.867098894711","259.487663578963","329.383845965868","368.804432197295","299.312769558593","416.857784025055","544.580248233146","549.736368813028","541.026362293599",".."
Azerbaijan,"AZE","Fixed broadband subscriptions (per 100 people)","IT.NET.BBND.P2","18.2770953995915","18.1091657629876","18.8342000186458","19.2178211211639","19.5985750948022","20.0856994533421","20.3655958095069","20.8825041017301","21.7534102440295",".."
Azerbaijan,"AZE","ICT goods imports (% total goods imports)","TM.VAL.ICTG.ZS.UN","2.74","3.75","4.57","3.95","5.86","5.51","4.54","..","..",".."
Azerbaijan,"AZE","Individuals using the Internet (% of population)","IT.NET.USER.ZS","78.2","79","79.7999954887896","81.0999990651547","84.59999573","85.99998954","88","89","90.43979645","90.80000181"
Azerbaijan,"AZE","School enrollment, tertiary (% gross)","SE.TER.ENRR","27.2368629930846","28.4670565431322","28.9724903670069","32.9221812477847","36.3854742250215","39.0095977224788","41.0017793895325","41.3907560278377","41.3413783372226",".."
Azerbaijan,"AZE","Research and development expenditure (% of GDP)","GB.XPD.RSDV.GD.ZS","0.20637","0.18468","0.18416","0.20013","0.2239","0.20836","0.1513","0.1816","0.20778",".."
Azerbaijan,"AZE","High-technology exports (% of manufactured exports)","TX.VAL.TECH.MF.ZS","2.8122107826307","3.30108229906783","4.34552506108911","4.95159340426308","7.06727951722298","2.09710423147129","3.9129441620027","4.17224487630151","2.91095088102775",".."
Azerbaijan,"AZE","GDP per person employed (constant 2021 PPP $)","SL.GDP.PCAP.EM.KD","42334.6643504857","41818.2118162947","41719.5305735389","42430.5814120378","40037.0853073336","43720.5413265585","44616.1419540263","45198.3740288539","46821.2246296206",".."
"Bahamas, The","BHS","GDP growth (annual %)","NY.GDP.MKTP.KD.ZG","-1.15650811269629","3.3713988456489","2.39795510823548","-0.838585871193203","-20.0893664891399","17.5861390037409","10.8779009410268","3.04824180553773","3.37866553336166",".."
"Bahamas, The","BHS","Inflation, consumer prices (annual %)","FP.CPI.TOTL.ZG","-0.346376929989396","1.51820700736147","2.26586346678735","2.49123527368045","0.0385210980054557","2.90491262928478","5.60540633583043","3.05291578969742","0.409162489083286",".."
"Bahamas, The","BHS","Gross fixed capital formation (% of GDP)","NE.GDI.FTOT.ZS","24.7801092509827","26.4676345114044","24.4289815277084","24.205769375612","21.9999614018836","23.3023178532857","22.5577111277416","21.7741777058928","25.7497094638977",".."
"Bahamas, The","BHS","Foreign direct investment, net inflows (% of GDP)","BX.KLT.DINV.WD.GD.ZS","3.28594665732394","2.4470958481014","3.83334911094036","3.63206527371394","4.19368341635396","3.18239411083404","3.82040434055862","2.11151935376225","1.51932088638775",".."
"Bahamas, The","BHS","Domestic credit to private sector (% of GDP)","FS.AST.PRVT.GD.ZS","51.9421929315119","..","..","..","..","..","..","..","..",".."
"Bahamas, The","BHS","Real interest rate (%)","FR.INR.RINR","3.16121095577698","2.86428153021585","3.64959861011263","-0.188692852300977","6.73004999145496","5.53774565438392","0.120846425529061","-2.24129307858973","3.95018544385138",".."
"Bahamas, The","BHS","Market capitalization of listed domestic companies (% of GDP)","CM.MKT.LCAP.GD.ZS","..","..","..","..","..","..","..","..","..",".."
"Bahamas, The","BHS","Stocks traded, total value (% of GDP)","CM.MKT.TRAD.GD.ZS","..","..","..","..","..","..","..","..","..",".."
"Bahamas, The","BHS","Secure Internet servers (per 1 million people)","IT.NET.SECR.P6","1025.62781049078","1475.08867177997","2314.64387841626","1565.84531576614","1252.95872561972","2765.07229301693","5189.44100941294","6434.00761065492","6354.61756416295",".."
"Bahamas, The","BHS","Fixed broadband subscriptions (per 100 people)","IT.NET.BBND.P2","21.9370965455928","22.2461810312816","20.678503859013","20.8513333755622","20.9668496424268","20.7423310871326","21.135589553703","23.816342880032","25.2679530406222",".."
"Bahamas, The","BHS","ICT goods imports (% total goods imports)","TM.VAL.ICTG.ZS.UN","3.38","3.64","2.8","2.33","3.01","..","..","..","..",".."
"Bahamas, The","BHS","Individuals using the Internet (% of population)","IT.NET.USER.ZS","80","80.59999847","83","90.69329834","92.4437027","92.34980011","92.2559967","92.38729858","92.47270203",".."
"Bahamas, The","BHS","School enrollment, tertiary (% gross)","SE.TER.ENRR","..","..","..","..","..","..","..","..","..",".."
"Bahamas, The","BHS","Research and development expenditure (% of GDP)","GB.XPD.RSDV.GD.ZS","..","..","..","..","..","..","..","..","..",".."
"Bahamas, The","BHS","High-technology exports (% of manufactured exports)","TX.VAL.TECH.MF.ZS","2.10443665797755","7.8029534837207","1.96644185119308","1.20544876600952","3.044762602524","0.261199965818234","0","0.0138247645369376","0",".."
"Bahamas, The","BHS","GDP per person employed (constant 2021 PPP $)","SL.GDP.PCAP.EM.KD","62953.5640089948","62204.9806331438","63072.1931240663","61411.8942733304","54848.9063472729","62022.1795518443","62815.1386389344","63680.1142732023","65603.5991515248",".."
Bahrain,"BHR","GDP growth (annual %)","NY.GDP.MKTP.KD.ZG","3.81499327422425","4.95383534123657","2.05258864979861","2.05287774418655","-5.9113629524152","4.35004091668986","6.18016125475185","3.87811614845566","2.60379670648454",".."
Bahrain,"BHR","Inflation, consumer prices (annual %)","FP.CPI.TOTL.ZG","2.78679347602044","1.38671830576406","2.08766938046978","1.00582004702136","-2.31770629331378","-0.60631938514085","3.62574104304482","0.0746206782192255","0.919635459817651",".."
Bahrain,"BHR","Gross fixed capital formation (% of GDP)","NE.GDI.FTOT.ZS","26.8323765525123","28.4555240149231","29.6473951373747","27.5453708574435","29.0855253637305","24.8418199625942","26.8491803428844","27.5133591159521","28.9384002214251",".."
Bahrain,"BHR","Foreign direct investment, net inflows (% of GDP)","BX.KLT.DINV.WD.GD.ZS","0.718174283238518","3.83300891199591","4.18079308703845","2.32837980010521","2.84973228101032","4.3566259787756","4.20018456310523","15.6428756083644","5.73694505846498",".."
Bahrain,"BHR","Domestic credit to private sector (% of GDP)","FS.AST.PRVT.GD.ZS","..","..","..","..","..","..","..","..","..",".."
Bahrain,"BHR","Real interest rate (%)","FR.INR.RINR","..","..","..","..","..","..","..","..","..",".."
Bahrain,"BHR","Market capitalization of listed domestic companies (% of GDP)","CM.MKT.LCAP.GD.ZS","57.235890609995","58.3423964955347","55.2536437426567","66.4632908995266","68.6655003543612","70.2449817399414","65.1388033624375","44.6098322863103","43.3193697641238",".."
Bahrain,"BHR","Stocks traded, total value (% of GDP)","CM.MKT.TRAD.GD.ZS","0.982491479510514","1.51324245512699","2.45119925579194","1.87834350341925","1.65460146419838","1.36899384732403","0.927672787475355","1.11756816589313","1.70177143167451",".."
Bahrain,"BHR","Secure Internet servers (per 1 million people)","IT.NET.SECR.P6","346.976876168589","357.733846018562","387.202105527876","429.989836603862","453.062211486995","3892.00759124282","5210.2292067977","5578.10456045081","7064.39978094884",".."
Bahrain,"BHR","Fixed broadband subscriptions (per 100 people)","IT.NET.BBND.P2","16.2552007409045","13.1014612060095","8.43441553498671","9.49012903269232","10.1824112975928","16.5057891919103","18.0025680504011","17.1582362107608","16.9915789748788",".."
Bahrain,"BHR","ICT goods imports (% total goods imports)","TM.VAL.ICTG.ZS.UN","4.81","3.94","4.19","3.92","4.37","4.87","3.91","..","..",".."
Bahrain,"BHR","Individuals using the Internet (% of population)","IT.NET.USER.ZS","97.9999807024146","95.8781357543453","98.6446725799886","99.7015043807778","99.67103159","100","100","100","100",".."
Bahrain,"BHR","School enrollment, tertiary (% gross)","SE.TER.ENRR","46.7631772606016","48.7280981931009","50.2628341348842","52.9045782700327","54.4077922369055","47.5015525503536","50.3073760962771","57.0562240948353","58.3677241853667",".."
Bahrain,"BHR","Research and development expenditure (% of GDP)","GB.XPD.RSDV.GD.ZS","..","..","..","..","..","..","..","..","0.19327",".."
Bahrain,"BHR","High-technology exports (% of manufactured exports)","TX.VAL.TECH.MF.ZS","1.05834005006869","0.624948582667465","0.449030020826873","4.44849833564378","8.97366105587992","0.59059004344565","0.569959196315979","0.387343644517371","..",".."
Bahrain,"BHR","GDP per person employed (constant 2021 PPP $)","SL.GDP.PCAP.EM.KD","95203.2935588568","93856.9330082414","96163.9931989062","100682.749637121","98787.3118286194","100319.737847296","102524.952914439","102026.195221448","103794.323618736",".."
Bangladesh,"BGD","GDP growth (annual %)","NY.GDP.MKTP.KD.ZG","7.11347821270093","6.59024999794057","7.31941263014136","7.88191515117722","3.44801755122445","6.93867912442445","7.09982877575158","5.77511237007889","4.22325911250161",".."
Bangladesh,"BGD","Inflation, consumer prices (annual %)","FP.CPI.TOTL.ZG","5.51352572692995","5.70207015717238","5.54362139486476","5.59199639930629","5.69107474746211","5.54565430773473","7.69695437176898","9.8835030377921","10.4657482763412",".."
Bangladesh,"BGD","Gross fixed capital formation (% of GDP)","NE.GDI.FTOT.ZS","30.2397639179985","30.9468731155675","31.8225747704431","32.2137331126266","31.3079413414304","31.0187387357172","32.047275580905","30.9512000834944","30.7004900245244",".."
Bangladesh,"BGD","Foreign direct investment, net inflows (% of GDP)","BX.KLT.DINV.WD.GD.ZS","0.879528340271998","0.616341784631384","0.75354913412869","0.543244141585063","0.407859894856915","0.414118154040593","0.347960024540439","0.335721505298968","0.283870773350074",".."
Bangladesh,"BGD","Domestic credit to private sector (% of GDP)","FS.AST.PRVT.GD.ZS","37.7986426672318","40.4489561448676","40.0247365906979","39.0344709350066","39.161059242521","39.0820163295701","38.9555684288032","37.6413802339103","35.8111715787963",".."
Bangladesh,"BGD","Real interest rate (%)","FR.INR.RINR","-13.6421356407859","4.27653989369391","3.63430365848223","5.68956371493223","4.2891862514626","3.07621573507076","1.9724805729144","0.629461237622801","2.77841137840799",".."
Bangladesh,"BGD","Market capitalization of listed domestic companies (% of GDP)","CM.MKT.LCAP.GD.ZS","26.5508730809515","29.3392000067805","24.0819788267218","18.3401778158872","24.0049718864107","26.2482228968323","25.0428850552811","25.5037744630994","19.537401350526",".."
Bangladesh,"BGD","Stocks traded, total value (% of GDP)","CM.MKT.TRAD.GD.ZS","5.77655499191178","9.02285066037398","5.02302456565012","3.73738238793184","4.2270532038202","10.1103546713315","5.03360897532488","3.04661473754116","2.84024396397186",".."
Bangladesh,"BGD","Secure Internet servers (per 1 million people)","IT.NET.SECR.P6","23.2010147107741","64.2040038105104","114.430313862134","99.0461307020236","138.817043310148","228.70847011754","329.568934354283","388.168008314603","527.061270034326",".."
Bangladesh,"BGD","Fixed broadband subscriptions (per 100 people)","IT.NET.BBND.P2","4.09944456111627","4.5013092271068","4.92461851093909","4.90288655437254","6.04506220711318","6.64246518111116","7.17020479104462","7.89245848428319","8.08931134401926",".."
Bangladesh,"BGD","ICT goods imports (% total goods imports)","TM.VAL.ICTG.ZS.UN","..","..","..","..","..","..","..","..","..",".."
Bangladesh,"BGD","Individuals using the Internet (% of population)","IT.NET.USER.ZS","16.89909935","21.5","25.56509972","30.38310051","36.10910034","38.91744466","41.61650085","44.50274195","53.42171316",".."
Bangladesh,"BGD","School enrollment, tertiary (% gross)","SE.TER.ENRR","17.3985207411042","18.5175604399834","19.5710492453779","22.7094642473405","22.6923019564501","23.9006822335243","23.5005059888653","24.2003442708621","23.7295608009814",".."
Bangladesh,"BGD","Research and development expenditure (% of GDP)","GB.XPD.RSDV.GD.ZS","..","..","..","..","..","..","..","..","..",".."
Bangladesh,"BGD","High-technology exports (% of manufactured exports)","TX.VAL.TECH.MF.ZS","0.242933626284075","0.426450633403232","0.539452073551698","..","..","..","..","..","..",".."
Bangladesh,"BGD","GDP per person employed (constant 2021 PPP $)","SL.GDP.PCAP.EM.KD","15254.5907780982","15398.4454288001","16161.7576549562","17073.9635892892","17564.3547619746","18166.5905913176","18760.0240013094","19552.1168625483","20762.8156602916",".."
Barbados,"BRB","GDP growth (annual %)","NY.GDP.MKTP.KD.ZG","1.49650622520576","0.708386729317951","-1.2760241773002","0.227712137486577","-14.3647119341564","-0.0967779613221893","17.2264626793379","2.914357359625","2.4822621396186",".."
Barbados,"BRB","Inflation, consumer prices (annual %)","FP.CPI.TOTL.ZG","1.28192813061895","4.66018463955995","3.1060057242059","1.67662473276987","..","..","..","3.18718905472631","1.44643664306159",".."
Barbados,"BRB","Gross fixed capital formation (% of GDP)","NE.GDI.FTOT.ZS","..","..","..","..","..","..","..","..","..",".."
Barbados,"BRB","Foreign direct investment, net inflows (% of GDP)","BX.KLT.DINV.WD.GD.ZS","9.82448659013076","1.60970470892023","4.02530011079732","3.49521864375147","4.84737518609963","4.01400677589932","2.90490784179872","3.11355691690029","4.04185101459713",".."
Barbados,"BRB","Domestic credit to private sector (% of GDP)","FS.AST.PRVT.GD.ZS","69.9902145429115","72.1398108078642","68.5529277484488","67.3743205679477","75.8841847266212","68.5058128222344","61.0737155039852","59.7307730097207","..",".."
Barbados,"BRB","Real interest rate (%)","FR.INR.RINR","10.1221008461217","8.65170480219416","1.00529791719641","5.48576078143842","5.44555342559885","-1.86440720623893","9.41853521201908","..","..",".."
Barbados,"BRB","Market capitalization of listed domestic companies (% of GDP)","CM.MKT.LCAP.GD.ZS","54.5680752828393","58.962371220186","59.0071560076309","55.1457760250574","51.4223097622548","..","..","..","..",".."
Barbados,"BRB","Stocks traded, total value (% of GDP)","CM.MKT.TRAD.GD.ZS","..","..","0.186939244745458","0.223796424775027","0.115774775524547","0.00369900211011257","..","..","..",".."
Barbados,"BRB","Secure Internet servers (per 1 million people)","IT.NET.SECR.P6","658.087683030637","785.23473164603","887.03328334123","960.146795776777","1057.87048541346","914.416952864996","981.16308559851","1059.02187464581","1171.81830089887",".."
Barbados,"BRB","Fixed broadband subscriptions (per 100 people)","IT.NET.BBND.P2","31.0756872366755","31.8876686023893","31.8263267203636","37.98020675161","45.43873225937","36.3512637029634","37.4843261853654","..","..",".."
Barbados,"BRB","ICT goods imports (% total goods imports)","TM.VAL.ICTG.ZS.UN","5.33","4.52","3.7","3.08","4.85","5.58","3.88","..","..",".."
Barbados,"BRB","Individuals using the Internet (% of population)","IT.NET.USER.ZS","71.57299805","71.14849854","70.72650146","70.30709839","69.89009857","69.4756012","69.06359863","69.67510223","70.36470032",".."
Barbados,"BRB","School enrollment, tertiary (% gross)","SE.TER.ENRR","52.0533712473342","51.0106696691866","45.8751983077737","48.935497470489","52.971630831","54.672","55.0600902713579","54.2600399378744","53.5815662047086","50.801079116886"
Barbados,"BRB","Research and development expenditure (% of GDP)","GB.XPD.RSDV.GD.ZS","..","..","..","..","..","..","..","..","..",".."
Barbados,"BRB","High-technology exports (% of manufactured exports)","TX.VAL.TECH.MF.ZS","..","..","..","13.6921297160453","20.3038221331687","17.1559663528192","17.0117393061682","18.4336134860133","19.9263557583818",".."
Barbados,"BRB","GDP per person employed (constant 2021 PPP $)","SL.GDP.PCAP.EM.KD","42581.6269093527","42771.8536703501","42182.9094869045","42654.6942758124","38345.1913569735","38796.9270543464","41549.4251678119","42518.0745990534","43410.0423192929",".."
Belarus,"BLR","GDP growth (annual %)","NY.GDP.MKTP.KD.ZG","-2.5264464460425","2.53218349471909","3.14919758275296","1.44645548204305","-0.672742918585868","2.43886210234947","-4.65839591328999","4.12654007153881","4.00984852465452",".."
Belarus,"BLR","Inflation, consumer prices (annual %)","FP.CPI.TOTL.ZG","11.8365807653496","6.03183725177785","4.87230220550689","5.59815595039853","5.5481435745651","9.46028389623105","15.2096752740809","5.00059903091312","5.78531910427998",".."
Belarus,"BLR","Gross fixed capital formation (% of GDP)","NE.GDI.FTOT.ZS","25.4400783578553","26.1579866134837","26.227418804984","27.034537426493","25.3653466986551","22.5711362004534","19.4477162810143","22.555363377361","23.8001790850118",".."
Belarus,"BLR","Foreign direct investment, net inflows (% of GDP)","BX.KLT.DINV.WD.GD.ZS","2.61275643208459","2.33218919527708","2.37627120733619","1.976861708457","2.27010267778425","1.76640687852003","2.17745011943276","2.74854001098901","2.28598440253164",".."
Belarus,"BLR","Domestic credit to private sector (% of GDP)","FS.AST.PRVT.GD.ZS","25.7170291419604","26.2361143981647","27.6140940559861","28.7688813037131","32.5082968438587","29.1729868961267","..","..","..",".."
Belarus,"BLR","Real interest rate (%)","FR.INR.RINR","5.59163350840924","0.953355735785373","-3.07064410474194","0.411085485073176","-2.54292948547578","-4.51680263394053","-1.88800246227375","1.77288530708884","1.12514415541048",".."
Belarus,"BLR","Market capitalization of listed domestic companies (% of GDP)","CM.MKT.LCAP.GD.ZS","2.59567890788739","..","..","..","..","4.06279282588662","3.38407849706567","4.72221100706981","7.91343124955594",".."
Belarus,"BLR","Stocks traded, total value (% of GDP)","CM.MKT.TRAD.GD.ZS","0.0385134840177358","0.0401824339137687","0.023654434731282","0.0232416710717045","0.00985796813134848","0.0121136013885198","0.0103422316391471","0.00611213544127835","0.0212475034673389",".."
Belarus,"BLR","Secure Internet servers (per 1 million people)","IT.NET.SECR.P6","440.472390005723","2269.27000337985","3436.88303102571","5750.67852061592","7550.57168736045","9313.43277164358","10278.4211348179","11946.8772968583","12729.5218058239",".."
Belarus,"BLR","Fixed broadband subscriptions (per 100 people)","IT.NET.BBND.P2","32.2929606538076","33.3125100702522","33.7711870351479","34.0723501521236","34.8152229336418","35.0097634241001","34.0671782490739","35.0931910729644","36.2627055164488",".."
Belarus,"BLR","ICT goods imports (% total goods imports)","TM.VAL.ICTG.ZS.UN","3.25","3.27","3.61","3.7","3.91","3.61","..","..","..",".."
Belarus,"BLR","Individuals using the Internet (% of population)","IT.NET.USER.ZS","71.1130457603832","74.4364454136036","79.1298866919307","82.7891520910901","85.08791245","86.88841196","89.50733148","91.51249979","94.26182128",".."
Belarus,"BLR","School enrollment, tertiary (% gross)","SE.TER.ENRR","91.5206757734477","89.4706479354735","84.7097808751504","81.2921953254514","79.900160036935","78.6027133367864","77.0977334087936","72.8250212584046","70.1107509145358",".."
Belarus,"BLR","Research and development expenditure (% of GDP)","GB.XPD.RSDV.GD.ZS","0.50063","0.58411","0.60443","0.57733","0.53901","0.45981","0.47477","0.57348","0.5872",".."
Belarus,"BLR","High-technology exports (% of manufactured exports)","TX.VAL.TECH.MF.ZS","4.87527975282095","4.60498280955259","4.28389065938672","4.49711309551307","5.09812592249613","6.01576846359853","..","..","..",".."
Belarus,"BLR","GDP per person employed (constant 2021 PPP $)","SL.GDP.PCAP.EM.KD","49068.3885492891","50333.7948387585","51697.3427214836","52419.6600118763","52451.7625882816","54118.3900627957","51749.5967172341","54328.3165592204","56813.3564432712",".."
Belgium,"BEL","GDP growth (annual %)","NY.GDP.MKTP.KD.ZG","1.19350273007754","1.47446761556785","1.87796847383565","2.4428900448156","-4.7929839083518","6.25445686466593","3.9562379757933","1.71412195515242","1.07045413019414",".."
Belgium,"BEL","Inflation, consumer prices (annual %)","FP.CPI.TOTL.ZG","1.97385264653162","2.12597086002616","2.05316499865177","1.43681956996438","0.740791812220343","2.44024851144084","9.597511728725","4.04901077613941","3.14349136500041",".."
Belgium,"BEL","Gross fixed capital formation (% of GDP)","NE.GDI.FTOT.ZS","23.5198221753782","23.5041514887444","23.7749835796852","24.2312098845978","24.0338724949105","23.9163856652107","23.9336223125547","24.1661068006826","24.2476765830721",".."
Belgium,"BEL","Foreign direct investment, net inflows (% of GDP)","BX.KLT.DINV.WD.GD.ZS","12.1319420227113","-7.4442379017663","-7.66649538713467","-1.97252997818915","-5.69020542304612","5.6774240968721","2.22243107053374","-0.652181403274143","-6.1601989579997",".."
Belgium,"BEL","Domestic credit to private sector (% of GDP)","FS.AST.PRVT.GD.ZS","63.6160862759358","65.3372340367951","68.168572322727","69.360003620854","76.125350915761","74.7536988644538","72.6022435766675","69.2782899991251","68.0983723586982",".."
Belgium,"BEL","Real interest rate (%)","FR.INR.RINR","..","..","..","..","..","..","..","..","..",".."
Belgium,"BEL","Market capitalization of listed domestic companies (% of GDP)","CM.MKT.LCAP.GD.ZS","79.7315946747612","87.3998522006743","59.1725980275377","..","..","..","..","..","..",".."
Belgium,"BEL","Stocks traded, total value (% of GDP)","CM.MKT.TRAD.GD.ZS","..","..","..","..","..","..","..","..","..",".."
Belgium,"BEL","Secure Internet servers (per 1 million people)","IT.NET.SECR.P6","3047.27862045911","8300.54404519041","13973.2427973124","19655.5307781892","24215.3210215031","28369.365438783","30850.8151822613","33664.5855592207","36731.8766702",".."
Belgium,"BEL","Fixed broadband subscriptions (per 100 people)","IT.NET.BBND.P2","37.6812994536783","38.4911160919085","39.4006967604533","39.9517850127817","41.0239697084264","43.0218054966431","43.5657139519422","43.7026445985633","44.2321563183446",".."
Belgium,"BEL","ICT goods imports (% total goods imports)","TM.VAL.ICTG.ZS.UN","3.62","3.46","3.21","4.06","4.44","3.65","3.24","..","..",".."
Belgium,"BEL","Individuals using the Internet (% of population)","IT.NET.USER.ZS","86.5164766644457","87.6796808175598","88.6473429951691","90.275428012141","91.52641629","92.78867618","94.00783071","94.62625074","95.77579144",".."
Belgium,"BEL","School enrollment, tertiary (% gross)","SE.TER.ENRR","77.2435073852539","80.7738189697266","79.1237487792969","79.3044815063477","79.4996032714844","82.6882019042969","83.5736465454102","82.1475601196289","..",".."
Belgium,"BEL","Research and development expenditure (% of GDP)","GB.XPD.RSDV.GD.ZS","2.53291","2.67654","2.86365","3.15154","3.36823","3.40589","3.19592","3.27235","..",".."
Belgium,"BEL","High-technology exports (% of manufactured exports)","TX.VAL.TECH.MF.ZS","13.3312451633933","11.4917903557909","11.7058640594516","14.1440138847213","15.2618615789713","21.3799638763737","22.8179135173265","18.6668227645892","20.3921453422236",".."
Belgium,"BEL","GDP per person employed (constant 2021 PPP $)","SL.GDP.PCAP.EM.KD","142336.271962493","142256.691741814","141579.484604144","142675.533329534","136668.184090266","143705.694905106","145434.117333979","146671.433996445","146630.39384677",".."
Belize,"BLZ","GDP growth (annual %)","NY.GDP.MKTP.KD.ZG","-0.0187414958130319","-1.83323729057784","0.822068592512508","4.25658710030072","-13.5228997055506","17.9899244143607","9.25051329530994","0.500127941638667","3.50466435023895",".."
Belize,"BLZ","Inflation, consumer prices (annual %)","FP.CPI.TOTL.ZG","0.663427167917601","1.14765339305816","0.269982622646335","0.187069385181424","0.121434644614893","3.2356365923707","6.27689319447543","4.38984017487674","3.28955985952768",".."
Belize,"BLZ","Gross fixed capital formation (% of GDP)","NE.GDI.FTOT.ZS","18.0259826627013","15.4176100849581","16.5822544455447","16.7569097918923","17.1569111592985","19.9353909263801","20.5192653485547","20.5010076374772","21.1340516722302",".."
Belize,"BLZ","Foreign direct investment, net inflows (% of GDP)","BX.KLT.DINV.WD.GD.ZS","1.46157075571746","1.40473162686238","5.33885311944147","3.94384011758557","3.72214070775569","5.16738739330779","4.95003696669658","0.525413666914349","4.00992513639046",".."
Belize,"BLZ","Domestic credit to private sector (% of GDP)","FS.AST.PRVT.GD.ZS","44.7352890566705","44.3763660186055","45.3308497476754","45.9626481720037","55.0782426439392","47.6178389837793","42.4867905443199","42.0392582524557","41.2775860732497",".."
Belize,"BLZ","Real interest rate (%)","FR.INR.RINR","7.5396893323002","6.2027911973807","9.05492755163392","9.15960947173286","9.36606522708543","7.85713206729614","1.15264503343042","1.63354849977459","6.91843305520634",".."
Belize,"BLZ","Market capitalization of listed domestic companies (% of GDP)","CM.MKT.LCAP.GD.ZS","..","..","..","..","..","..","..","..","..",".."
Belize,"BLZ","Stocks traded, total value (% of GDP)","CM.MKT.TRAD.GD.ZS","..","..","..","..","..","..","..","..","..",".."
Belize,"BLZ","Secure Internet servers (per 1 million people)","IT.NET.SECR.P6","1532.74564373946","8057.29872830263","11682.5256557942","42674.3453706175","133632.027675711","319745.235818751","342412.963427382","405693.422134437","464560.075958108",".."
Belize,"BLZ","Fixed broadband subscriptions (per 100 people)","IT.NET.BBND.P2","5.03804444688173","5.09268439075889","6.48509044620831","7.67179242617844","9.21159022752628","9.10594770150703","9.75385677359442","..","..",".."
Belize,"BLZ","ICT goods imports (% total goods imports)","TM.VAL.ICTG.ZS.UN","4.96","3.12","3.57","3.13","2.86","2.68","2.6","..","..",".."
Belize,"BLZ","Individuals using the Internet (% of population)","IT.NET.USER.ZS","44.57569885","48.8771019","53.59360123","58.76520157","64.43589783","70.65370178","69.98329926","70.18720245","80.00582262",".."
Belize,"BLZ","School enrollment, tertiary (% gross)","SE.TER.ENRR","24.4760136680388","24.731690676743","24.5883446033139","25.138736158351","25.9421694120047","23.6813942822198","23.9767727412258","22.3734089825019","24.8098643151325",".."
Belize,"BLZ","Research and development expenditure (% of GDP)","GB.XPD.RSDV.GD.ZS","..","..","..","..","..","..","..","..","..",".."
Belize,"BLZ","High-technology exports (% of manufactured exports)","TX.VAL.TECH.MF.ZS","0","8.17033581469156E-05","0.0665460206063414","0","0.938240933761362","0.191639909392131","0.000182431620336189","0","0.000191087699111545",".."
Belize,"BLZ","GDP per person employed (constant 2021 PPP $)","SL.GDP.PCAP.EM.KD","29301.9828625125","27807.1108059449","26775.9767965938","26287.2729603767","28952.1104495311","30188.1080821141","32593.0001003991","32062.1592324642","33118.8088836397",".."
Benin,"BEN","GDP growth (annual %)","NY.GDP.MKTP.KD.ZG","3.33967342629693","5.67156195150444","6.69725362180888","6.86568662848335","3.84879240030133","7.1554516457574","6.25294705373625","6.3527773854442","7.45311566226201",".."
Benin,"BEN","Inflation, consumer prices (annual %)","FP.CPI.TOTL.ZG","-0.793310145785624","0.0432648555103608","0.919170717886053","0.732849371241066","3.02272119663759","1.73353962694035","1.35077863583527","2.73870078406074","1.16093089640415",".."
Benin,"BEN","Gross fixed capital formation (% of GDP)","NE.GDI.FTOT.ZS","19.72249305162","23.4384503972218","25.900562756214","25.1732556309975","25.2065173861299","28.447444436108","30.7328757658114","34.1217773085656","34.6655509408179",".."
Benin,"BEN","Foreign direct investment, net inflows (% of GDP)","BX.KLT.DINV.WD.GD.ZS","1.11488130998834","1.58170495191393","1.36073573251591","1.51620780888962","1.10934414138144","1.95608661099463","2.15770537478617","2.25158090881957","2.5276563137227",".."
Benin,"BEN","Domestic credit to private sector (% of GDP)","FS.AST.PRVT.GD.ZS","..","..","..","..","..","..","..","..","..",".."
Benin,"BEN","Real interest rate (%)","FR.INR.RINR","4.58009973405583","7.32902771803383","6.05230816342888","7.11416977822067","3.55709341440007","4.55750151392328","..","..","..",".."
Benin,"BEN","Market capitalization of listed domestic companies (% of GDP)","CM.MKT.LCAP.GD.ZS","..","..","..","..","..","..","..","..","..",".."
Benin,"BEN","Stocks traded, total value (% of GDP)","CM.MKT.TRAD.GD.ZS","..","..","..","..","..","..","..","..","..",".."
Benin,"BEN","Secure Internet servers (per 1 million people)","IT.NET.SECR.P6","2.30811802723955","3.90372581558799","6.78330341546595","9.19323111036553","17.2912836857733","21.7692479105063","8.2125071250767","12.4016425727555","20.3972640285468",".."
Benin,"BEN","Fixed broadband subscriptions (per 100 people)","IT.NET.BBND.P2","0.190616354708843","0.237670455772448","0.218309314921079","0.199854558369357","0.229384945213792","0.154166533404575","0.153072411564925","0.170880461346773","0.277382047807868",".."
Benin,"BEN","ICT goods imports (% total goods imports)","TM.VAL.ICTG.ZS.UN","1.42","1.95","1.89","1.53","2.36","2.51","1.58","..","..",".."
Benin,"BEN","Individuals using the Internet (% of population)","IT.NET.USER.ZS","14.5","18.7","19","20.50099945","22.12059975","28.20470047","30.53730011","32.39400101","33.98379898",".."
Benin,"BEN","School enrollment, tertiary (% gross)","SE.TER.ENRR","11.9529895782471","11.337929725647","11.5739097595215","10.3906803131103","10.3808002471924","9.82796955108643","10.2350101470947","..","..",".."
Benin,"BEN","Research and development expenditure (% of GDP)","GB.XPD.RSDV.GD.ZS","..","..","..","..","..","..","..","..","..",".."
Benin,"BEN","High-technology exports (% of manufactured exports)","TX.VAL.TECH.MF.ZS","1.24487830227425","4.67071840547035","2.84228678612343","1.48291431982405","1.84364942977986","2.69844689930495","4.28715620621521","4.41801513975982","30.5389584270212",".."
Benin,"BEN","GDP per person employed (constant 2021 PPP $)","SL.GDP.PCAP.EM.KD","7202.37122961299","7331.16260097152","7525.9204301087","7742.91718776449","7856.06988927314","8053.28260450002","8266.76711018813","8527.81491564848","8897.28685841584",".."
Bermuda,"BMU","GDP growth (annual %)","NY.GDP.MKTP.KD.ZG","-0.657206304259205","3.61141983706115","-0.432801300339307","0.307106461240664","-6.82757303480177","4.60742917109469","6.47622571186707","4.91721557264164","5.97253260071749",".."
Bermuda,"BMU","Inflation, consumer prices (annual %)","FP.CPI.TOTL.ZG","..","..","..","..","..","..","..","..","..",".."
Bermuda,"BMU","Gross fixed capital formation (% of GDP)","NE.GDI.FTOT.ZS","12.8032086210967","13.763644733725","13.4097576009445","14.7485170334877","12.2379040805742","12.902924909709","12.536566366296","11.1992411450802","10.9469762606134",".."
Bermuda,"BMU","Foreign direct investment, net inflows (% of GDP)","BX.KLT.DINV.WD.GD.ZS","-1.06108315938513","-4.03383539732898","1.32046326053902","0.0591344675296509","6.9187294841684","0.681418926611757","0.0748475167550859","1.75782259401686","1.27620852105354",".."
Bermuda,"BMU","Domestic credit to private sector (% of GDP)","FS.AST.PRVT.GD.ZS","..","..","..","..","..","..","..","..","..",".."
Bermuda,"BMU","Real interest rate (%)","FR.INR.RINR","..","..","..","..","..","..","..","..","..",".."
Bermuda,"BMU","Market capitalization of listed domestic companies (% of GDP)","CM.MKT.LCAP.GD.ZS","36.5458141628288","38.065943875908","33.1193968649499","39.9449583179822","3.20006318818056","3.36075111827279","2.62877805887218","2.23446313788561","20.8798301854098",".."
Bermuda,"BMU","Stocks traded, total value (% of GDP)","CM.MKT.TRAD.GD.ZS","3.14453331354564","0.548001516594897","0.680184838673026","0.589751551330814","0.352674840475979","0.310560838031412","0.160774542151313","0.227992169937624","0.121837636458153",".."
Bermuda,"BMU","Secure Internet servers (per 1 million people)","IT.NET.SECR.P6","8274.36208608489","7911.54172827078","8162.17825194655","7674.66891291123","7517.62915100494","6171.88466773914","5498.15441165114","5718.87848156048","4347.42248901541",".."
Bermuda,"BMU","Fixed broadband subscriptions (per 100 people)","IT.NET.BBND.P2","35.9296442812337","35.8740444807952","..","35.8775172758045","35.7242707589078","35.5772800395991","35.5804722852863","..","51.3026796212637",".."
Bermuda,"BMU","ICT goods imports (% total goods imports)","TM.VAL.ICTG.ZS.UN","3.21","3.6","3","2.02","2.55","2.83","2.4","..","..",".."
Bermuda,"BMU","Individuals using the Internet (% of population)","IT.NET.USER.ZS","98","98.37","..","..","..","..","..","..","..",".."
Bermuda,"BMU","School enrollment, tertiary (% gross)","SE.TER.ENRR","..","21.8093700408936","22.3407592773438","..","..","..","..","17.3357105255127","..",".."
Bermuda,"BMU","Research and development expenditure (% of GDP)","GB.XPD.RSDV.GD.ZS","..","..","0.22851","0.26451","0.22546","..","..","..","..",".."
Bermuda,"BMU","High-technology exports (% of manufactured exports)","TX.VAL.TECH.MF.ZS","48.7853656585815","21.7890121439319","17.0559413120716","6.94052678775144","5.48239418215182","8.07436049658355","12.5402908347027","14.9372818212848","14.3007432825453",".."
Bermuda,"BMU","GDP per person employed (constant 2021 PPP $)","SL.GDP.PCAP.EM.KD","..","..","..","..","..","..","..","..","..",".."
Bhutan,"BTN","GDP growth (annual %)","NY.GDP.MKTP.KD.ZG","8.47594339232963","2.08684522733067","3.50187185732737","5.75514851246506","-10.2183974208569","4.42136738945015","5.21386783786224","4.63215704523927","..",".."
Bhutan,"BTN","Inflation, consumer prices (annual %)","FP.CPI.TOTL.ZG","3.21988689395717","4.95508366985129","2.72396386183713","2.72643037388832","5.62936522632507","7.3468144053353","5.6391667139637","4.22934419929251","2.76131569624097",".."
Bhutan,"BTN","Gross fixed capital formation (% of GDP)","NE.GDI.FTOT.ZS","56.9256652736371","54.2642033755981","53.6036335285777","45.799679573097","38.5705348473916","43.9896989488756","55.107688148516","44.6066544838727","..",".."
Bhutan,"BTN","Foreign direct investment, net inflows (% of GDP)","BX.KLT.DINV.WD.GD.ZS","0.504099187674602","-0.638806366922729","0.10255942689779","0.475617042344246","-0.113401528947433","0.244983575408047","0.289904655137253","0.338339566584512","..",".."
Bhutan,"BTN","Domestic credit to private sector (% of GDP)","FS.AST.PRVT.GD.ZS","44.1289341391622","48.3130245523484","54.8478285365288","59.3734191159054","67.5524988399457","64.8888785590362","67.8714365442647","71.4436682892915","68.394271253229",".."
Bhutan,"BTN","Real interest rate (%)","FR.INR.RINR","9.70801781192437","9.48768641129794","12.7029437863627","10.5636718210355","8.27509066810173","5.92037924542768","7.75571252215728","7.5346127024174","5.61175529457669",".."
Bhutan,"BTN","Market capitalization of listed domestic companies (% of GDP)","CM.MKT.LCAP.GD.ZS","..","..","..","..","..","..","..","..","..",".."
Bhutan,"BTN","Stocks traded, total value (% of GDP)","CM.MKT.TRAD.GD.ZS","..","..","..","..","..","..","..","..","..",".."
Bhutan,"BTN","Secure Internet servers (per 1 million people)","IT.NET.SECR.P6","36.1027242848318","116.659044058674","176.371717873694","477.233978013242","684.410251348691","816.308634301469","1024.44059140955","1227.13429172733","1339.18870432229",".."
Bhutan,"BTN","Fixed broadband subscriptions (per 100 people)","IT.NET.BBND.P2","2.20480674345404","2.21479846487303","1.42176663915794","1.14719203372279","0.414152616992595","0.364566273170656","0.631823734751842","1.31881966212479","2.92069476099272",".."
Bhutan,"BTN","ICT goods imports (% total goods imports)","TM.VAL.ICTG.ZS.UN","..","..","..","..","..","..","..","..","..",".."
Bhutan,"BTN","Individuals using the Internet (% of population)","IT.NET.USER.ZS","46.50320053","54.33549881","63.48680115","74.17939758","76.85079956","85.63688389","88.35620117","90.02140045","91.27739716",".."
Bhutan,"BTN","School enrollment, tertiary (% gross)","SE.TER.ENRR","..","14.8354989456323","14.9303808051574","15.9420291550317","16.8650740250552","14.7382447141292","14.5780698560857","15.0074996948242","13.011259392916",".."
Bhutan,"BTN","Research and development expenditure (% of GDP)","GB.XPD.RSDV.GD.ZS","..","..","..","..","..","..","..","0.10787","0.09979",".."
Bhutan,"BTN","High-technology exports (% of manufactured exports)","TX.VAL.TECH.MF.ZS","1.60332899746079","0.48623381410229","0.0945189011247493","0.0586540724500387","0.0818080898528299","..","0.0122179939865199","0.0107261524845822","..",".."
Bhutan,"BTN","GDP per person employed (constant 2021 PPP $)","SL.GDP.PCAP.EM.KD","29571.651518722","29852.9188964499","30532.0460441175","29729.1179836934","26297.0195518952","26460.1763886693","30393.8934192437","29545.9263306656","..",".."
Bolivia,"BOL","GDP growth (annual %)","NY.GDP.MKTP.KD.ZG","4.26392086382097","4.19520633360403","2.86808404814794","1.50672102666863","-12.7194690092717","10.0290488827886","3.74741781241461","2.51636590154891","-1.12335595517212",".."
Bolivia,"BOL","Inflation, consumer prices (annual %)","FP.CPI.TOTL.ZG","3.62321431764138","2.8227580554717","2.27205987230154","1.83954504969025","0.940742153381849","0.737383721452274","1.74632872945968","2.57688800489192","5.09976568317427",".."
Bolivia,"BOL","Gross fixed capital formation (% of GDP)","NE.GDI.FTOT.ZS","20.6704841876063","23.1176658338729","22.8232991121695","22.9142053369823","15.7937305332463","17.0431489901198","17.380669631509","17.7080563284576","16.608811759145",".."
Bolivia,"BOL","Foreign direct investment, net inflows (% of GDP)","BX.KLT.DINV.WD.GD.ZS","0.988080149462259","1.55130384811576","0.624547731622922","-0.44160551411852","-2.66931283946252","1.21888494970059","0.0122391923945909","0.458812480265399","0.652112801170427",".."
Bolivia,"BOL","Domestic credit to private sector (% of GDP)","FS.AST.PRVT.GD.ZS","57.4086457676424","47.873300738401","52.1161124499522","54.8862654855189","69.3991245633785","62.8488382346261","62.9475276019569","60.2219708371781","59.2427794669511",".."
Bolivia,"BOL","Real interest rate (%)","FR.INR.RINR","9.43472495453866","-16.7532693506203","5.42778018252471","8.59146406007209","8.87150552672699","5.03808285038352","5.04331357723287","8.48083667558091","2.60077611054795",".."
Bolivia,"BOL","Market capitalization of listed domestic companies (% of GDP)","CM.MKT.LCAP.GD.ZS","..","..","..","..","..","..","..","..","..",".."
Bolivia,"BOL","Stocks traded, total value (% of GDP)","CM.MKT.TRAD.GD.ZS","..","..","..","..","..","..","..","..","..",".."
Bolivia,"BOL","Secure Internet servers (per 1 million people)","IT.NET.SECR.P6","37.3881263181998","108.069161089778","128.428288007474","170.245419010219","207.509982609614","244.526427953919","275.975614784741","326.60471004991","364.447369618833",".."
Bolivia,"BOL","Fixed broadband subscriptions (per 100 people)","IT.NET.BBND.P2","2.57234781333128","3.34957984808085","4.38026486466196","6.39917144373428","7.88671647526861","9.44574009663778","10.9975247479663","11.1529423948186","12.0711429622144",".."
Bolivia,"BOL","ICT goods imports (% total goods imports)","TM.VAL.ICTG.ZS.UN","4.28","4.11","4.29","4.5","3.31","3.14","2.49","..","..",".."
Bolivia,"BOL","Individuals using the Internet (% of population)","IT.NET.USER.ZS","39.69749832","43.83229828","44.2861422024283","47.4748191121692","59.94010155","65.9773785","72.62270355","77.30039978","79.70469666",".."
Bolivia,"BOL","School enrollment, tertiary (% gross)","SE.TER.ENRR","..","..","..","..","..","..","..","..","..",".."
Bolivia,"BOL","Research and development expenditure (% of GDP)","GB.XPD.RSDV.GD.ZS","..","0.07627","..","0.06643","..","0.06308","..","..","..",".."
Bolivia,"BOL","High-technology exports (% of manufactured exports)","TX.VAL.TECH.MF.ZS","4.45996657268455","5.87150676063352","5.04855572806383","3.45205028026195","4.32521785105525","4.54888314317125","5.51769748718287","8.16517022638076","8.79395083358911",".."
Bolivia,"BOL","GDP per person employed (constant 2021 PPP $)","SL.GDP.PCAP.EM.KD","26005.3207186953","26123.0417704279","25166.0167148725","24312.5373260295","22404.8868583745","21923.1635801049","21896.1346897363","21876.5124597865","21296.2352266882",".."
Bosnia and Herzegovina,"BIH","GDP growth (annual %)","NY.GDP.MKTP.KD.ZG","3.24225822231566","3.24409895306594","3.82900399349064","2.88585242083978","-3.01509335460439","7.39164256472846","4.22681333390325","1.99439414850893","2.9715174617652",".."
Bosnia and Herzegovina,"BIH","Inflation, consumer prices (annual %)","FP.CPI.TOTL.ZG","-1.58410000000001","0.810133321953038","1.41710814018033","0.56278215406123","-1.05129600763489","1.98163900587622","14.0208440826771","6.1059011284828","1.69212733599723",".."
Bosnia and Herzegovina,"BIH","Gross fixed capital formation (% of GDP)","NE.GDI.FTOT.ZS","21.0912445723715","22.1820977450405","22.8222703920961","23.0639215176452","23.1509133837447","21.6266831748561","22.5774492481444","23.7931849176387","24.4669748531952",".."
Bosnia and Herzegovina,"BIH","Foreign direct investment, net inflows (% of GDP)","BX.KLT.DINV.WD.GD.ZS","1.82975695066219","2.77975922538248","2.93781298692857","2.18661375097898","2.38939027026416","3.24230818475028","3.7882728069108","4.0920266922729","3.39024835333872",".."
Bosnia and Herzegovina,"BIH","Domestic credit to private sector (% of GDP)","FS.AST.PRVT.GD.ZS","57.1711781131322","57.5236535627643","56.6595114683875","57.1691026496546","57.6585618063256","53.2893802522593","48.0992917361806","47.3447518824995","48.267377161079",".."
Bosnia and Herzegovina,"BIH","Real interest rate (%)","FR.INR.RINR","3.85348058757262","2.5554216066859","0.972976455539963","0.79460685233901","3.00785628069859","-1.67836310343647","-7.55577265951001","-2.96361296899419","0.303930251834686",".."
Bosnia and Herzegovina,"BIH","Market capitalization of listed domestic companies (% of GDP)","CM.MKT.LCAP.GD.ZS","..","..","..","..","..","..","..","..","..",".."
Bosnia and Herzegovina,"BIH","Stocks traded, total value (% of GDP)","CM.MKT.TRAD.GD.ZS","..","..","..","..","..","..","..","..","..",".."
Bosnia and Herzegovina,"BIH","Secure Internet servers (per 1 million people)","IT.NET.SECR.P6","183.702691877894","1465.28607785732","1898.73043991733","2620.80810441864","3146.68136047445","3956.6619320677","4776.58214142403","5345.87433317855","5554.23349523568",".."
Bosnia and Herzegovina,"BIH","Fixed broadband subscriptions (per 100 people)","IT.NET.BBND.P2","19.0747891666088","20.4261287573476","21.1504576321228","22.2950124838105","23.3507882918721","24.5890868366952","27.3190356221695","28.440133083292","29.3909178564419",".."
Bosnia and Herzegovina,"BIH","ICT goods imports (% total goods imports)","TM.VAL.ICTG.ZS.UN","2.96","2.62","2.64","2.83","3.05","2.69","2.39","..","..",".."
Bosnia and Herzegovina,"BIH","Individuals using the Internet (% of population)","IT.NET.USER.ZS","60.2565354318987","64.8920205128383","70.1201350394885","69.9463476317266","73.21175294","75.67620138","78.8455371","83.3771539","86.10091103",".."
Bosnia and Herzegovina,"BIH","School enrollment, tertiary (% gross)","SE.TER.ENRR","56.9546089172363","54.528678894043","49.7987518310547","46.6677894592285","43.8039207458496","45.0589485168457","45.6063499450684","45.5027618408203","..",".."
Bosnia and Herzegovina,"BIH","Research and development expenditure (% of GDP)","GB.XPD.RSDV.GD.ZS","0.21337","0.1978","0.19199","0.19001","0.20325","0.19035","0.18743","0.18853","0.21437",".."
Bosnia and Herzegovina,"BIH","High-technology exports (% of manufactured exports)","TX.VAL.TECH.MF.ZS","2.73442380884611","5.44354933849204","5.25474301922066","5.26613568987605","4.61445247367362","5.31622200242201","5.22474917760104","4.96705366555243","6.16317357059664",".."
Bosnia and Herzegovina,"BIH","GDP per person employed (constant 2021 PPP $)","SL.GDP.PCAP.EM.KD","46787.1367352774","46042.3987126378","47321.1337982123","47957.2182118771","48515.1149362739","52049.6736320375","52227.7062068073","51686.2427967205","53676.4758343711",".."
Botswana,"BWA","GDP growth (annual %)","NY.GDP.MKTP.KD.ZG","7.20442475914267","4.11437856445083","4.18869237159223","3.0317733945467","-8.72888243996397","11.9162724376008","5.48601706446772","3.20806812224438","-2.98986879467928",".."
Botswana,"BWA","Inflation, consumer prices (annual %)","FP.CPI.TOTL.ZG","2.81495791361943","3.30828076768219","3.23801558947715","2.7728644286332","1.8903591682421","7.24097765588442","11.665567478802","5.06761549343829","2.81835131676251",".."
Botswana,"BWA","Gross fixed capital formation (% of GDP)","NE.GDI.FTOT.ZS","24.5191722710084","24.1791764530728","26.3934732047554","28.8496651227091","27.6308199443399","26.3940542476821","24.4131351280825","25.6373629510322","28.2893193159531",".."
Botswana,"BWA","Foreign direct investment, net inflows (% of GDP)","BX.KLT.DINV.WD.GD.ZS","0.944944816734731","1.61796092921322","1.67893386448584","0.559653498041763","0.212513875084985","-1.70161470195308","3.49204705165089","3.82011318135645","2.40833479893043",".."
Botswana,"BWA","Domestic credit to private sector (% of GDP)","FS.AST.PRVT.GD.ZS","32.6906447797128","33.9522213058753","34.7396633171423","35.9371549010473","39.7285319568677","34.5320284610526","29.8892158357415","30.0596034463187","32.9279208188927",".."
Botswana,"BWA","Real interest rate (%)","FR.INR.RINR","-4.1150214814034","9.78420819148485","6.43973181618842","5.85806999647771","1.31361186880118","-2.8893700522839","-7.40320076859221","4.91413861754885","3.3846908835609",".."
Botswana,"BWA","Market capitalization of listed domestic companies (% of GDP)","CM.MKT.LCAP.GD.ZS","..","..","23.685729548957","21.2912803799483","22.0298433903258","16.8476229201528","152.673343217555","18.5177505728581","20.0898734168511",".."
Botswana,"BWA","Stocks traded, total value (% of GDP)","CM.MKT.TRAD.GD.ZS","..","..","0.9302520462197","0.954148489771857","0.422118568961888","0.819245370870372","0.438853103149189","1.55626111635032","0.53112907259297",".."
Botswana,"BWA","Secure Internet servers (per 1 million people)","IT.NET.SECR.P6","49.2219354422994","66.615286134712","130.918460416303","208.397385513294","262.057387186408","335.215397754931","369.688494408769","441.085635122996","471.215589461747",".."
Botswana,"BWA","Fixed broadband subscriptions (per 100 people)","IT.NET.BBND.P2","2.64263621946898","1.43086105330679","1.74169396309317","2.10301262862428","3.58604400704343","5.5483769953124","4.53192190474005","6.16495796381324","7.4409622000215",".."
Botswana,"BWA","ICT goods imports (% total goods imports)","TM.VAL.ICTG.ZS.UN","2.65","2.99","2.98","2.93","2.98","2.27","2.5","..","..",".."
Botswana,"BWA","Individuals using the Internet (% of population)","IT.NET.USER.ZS","41.16859818","43.57640076","46.12509918","48.82279968","51.67819977","54.70069885","57.9","..","57.45950036",".."
Botswana,"BWA","School enrollment, tertiary (% gross)","SE.TER.ENRR","22.6605855291776","21.4762885165012","..","21.4965480211896","22.4017870513653","21.2032904951187","20.7095613715302","20.5658232475186","21.4087908549348",".."
Botswana,"BWA","Research and development expenditure (% of GDP)","GB.XPD.RSDV.GD.ZS","..","..","..","..","..","..","..","..","..",".."
Botswana,"BWA","High-technology exports (% of manufactured exports)","TX.VAL.TECH.MF.ZS","0.424915581396886","0.957704009113018","0.61107528423043","0.36524715857455","0.405712803492277","0.330785941453264","0.502381294093243","0.539469030954736","..",".."
Botswana,"BWA","GDP per person employed (constant 2021 PPP $)","SL.GDP.PCAP.EM.KD","50976.7623642583","52098.7715225486","52975.4488296902","53491.7375710746","50122.8696928949","54141.6906888199","55903.1010343748","53442.7715864958","50958.19575659",".."
Brazil,"BRA","GDP growth (annual %)","NY.GDP.MKTP.KD.ZG","-3.2759169063211","1.32286905390815","1.78366676137003","1.22077782271943","-3.27675879612903","4.7626043797061","3.01669435408112","3.24165532813583","3.41931516597739",".."
Brazil,"BRA","Inflation, consumer prices (annual %)","FP.CPI.TOTL.ZG","8.73914352329393","3.44637335032669","3.66485028376728","3.73297621216893","3.21176803803376","8.30165975585673","9.28010608956872","4.59356282283203","4.36746407652336",".."
Brazil,"BRA","Gross fixed capital formation (% of GDP)","NE.GDI.FTOT.ZS","15.524327323785","14.5589865164471","15.0969119559144","15.4711697443353","16.5610215624606","17.9178490537897","17.8004023929581","16.4109751089246","16.9093613196902",".."
Brazil,"BRA","Foreign direct investment, net inflows (% of GDP)","BX.KLT.DINV.WD.GD.ZS","4.13737853830264","3.33826028420938","4.07858861807831","3.69267330426814","2.59263784624068","2.77979074096507","3.86803201499441","2.86383330702497","3.38960802616211",".."
Brazil,"BRA","Domestic credit to private sector (% of GDP)","FS.AST.PRVT.GD.ZS","62.1940069637572","59.4843092970149","60.2183479382346","62.7905050793429","68.6961548472792","68.8052246831437","70.6060973784652","71.0755405508788","75.6308730939542",".."
Brazil,"BRA","Real interest rate (%)","FR.INR.RINR","40.6983614299632","41.7138078837267","33.1023342525489","31.9030727574424","21.197179669345","15.0108849846561","28.3960928180404","36.554470620355","34.7285151444461",".."
Brazil,"BRA","Market capitalization of listed domestic companies (% of GDP)","CM.MKT.LCAP.GD.ZS","42.243234543327","46.2664552464381","47.827652359865","63.3838250884009","66.9581625438007","48.8359583664535","40.6992264217543","45.2367958179069","30.1448139796022",".."
Brazil,"BRA","Stocks traded, total value (% of GDP)","CM.MKT.TRAD.GD.ZS","31.2459187621109","31.1363240401384","40.1263803045646","55.4493047478597","93.0552899035877","84.3819118230722","66.1992521819097","54.7324456633868","41.6161684755719",".."
Brazil,"BRA","Secure Internet servers (per 1 million people)","IT.NET.SECR.P6","415.986539467638","1605.82544177505","2069.60200203718","2788.39613470957","3144.86893520731","3546.59010881655","4685.09246377482","5628.66295682819","6941.17408045006",".."
Brazil,"BRA","Fixed broadband subscriptions (per 100 people)","IT.NET.BBND.P2","13.217709027651","14.1218273097456","15.1537620986579","15.8621991239093","17.418059685583","19.8363162401481","20.9534469027015","22.4192301618889","24.079199344422",".."
Brazil,"BRA","ICT goods imports (% total goods imports)","TM.VAL.ICTG.ZS.UN","8.21","9.57","8.66","8.69","9.79","8.98","6.13","..","..",".."
Brazil,"BRA","Individuals using the Internet (% of population)","IT.NET.USER.ZS","60.8725400681261","67.4712845236305","70.4342825404361","73.9124399133589","81.34269353","80.68989314","80.52775094","84.15060238","84.46347227",".."
Brazil,"BRA","School enrollment, tertiary (% gross)","SE.TER.ENRR","48.9665794372559","50.7326316833496","52.05712890625","53.6215400695801","55.529109954834","57.6311988830566","61.0000915527344","..","69.7317733764648",".."
Brazil,"BRA","Research and development expenditure (% of GDP)","GB.XPD.RSDV.GD.ZS","1.19584","1.1175","1.15016","1.15115","1.21907","1.13371","1.18873","1.1938","..",".."
Brazil,"BRA","High-technology exports (% of manufactured exports)","TX.VAL.TECH.MF.ZS","16.0001642772964","14.3118892236086","14.7442418256611","14.0668052120423","11.3500942678804","9.00155420026002","9.11134627987528","9.849149349554","11.1103644206652",".."
Brazil,"BRA","GDP per person employed (constant 2021 PPP $)","SL.GDP.PCAP.EM.KD","39749.3215058649","40207.0253818913","40287.8207413607","39945.5086415363","41893.3237279563","41904.8315181573","40322.9212545766","41147.6933815581","41441.0405993743",".."
British Virgin Islands,"VGB","GDP growth (annual %)","NY.GDP.MKTP.KD.ZG","..","..","..","..","..","..","..","..","..",".."
British Virgin Islands,"VGB","Inflation, consumer prices (annual %)","FP.CPI.TOTL.ZG","..","..","..","..","..","..","..","..","..",".."
British Virgin Islands,"VGB","Gross fixed capital formation (% of GDP)","NE.GDI.FTOT.ZS","..","..","..","..","..","..","..","..","..",".."
British Virgin Islands,"VGB","Foreign direct investment, net inflows (% of GDP)","BX.KLT.DINV.WD.GD.ZS","..","..","..","..","..","..","..","..","..",".."
British Virgin Islands,"VGB","Domestic credit to private sector (% of GDP)","FS.AST.PRVT.GD.ZS","..","..","..","..","..","..","..","..","..",".."
British Virgin Islands,"VGB","Real interest rate (%)","FR.INR.RINR","..","..","..","..","..","..","..","..","..",".."
British Virgin Islands,"VGB","Market capitalization of listed domestic companies (% of GDP)","CM.MKT.LCAP.GD.ZS","..","..","..","..","..","..","..","..","..",".."
British Virgin Islands,"VGB","Stocks traded, total value (% of GDP)","CM.MKT.TRAD.GD.ZS","..","..","..","..","..","..","..","..","..",".."
British Virgin Islands,"VGB","Secure Internet servers (per 1 million people)","IT.NET.SECR.P6","18714.2098116772","321600.04893116","284386.992526762","113147.410358566","603419.954221085","1797058.90131979","3262663.43067408","1982403.48852123","1443008.79126447",".."
British Virgin Islands,"VGB","Fixed broadband subscriptions (per 100 people)","IT.NET.BBND.P2","18.3540941023673","15.3001620844674","13.6047551721153","16.290699271878","19.0925003366097","20.8865614007247","20.5485529371852","23.5269975631653","24.9119606799929",".."
British Virgin Islands,"VGB","ICT goods imports (% total goods imports)","TM.VAL.ICTG.ZS.UN","..","..","..","..","..","..","..","..","..",".."
British Virgin Islands,"VGB","Individuals using the Internet (% of population)","IT.NET.USER.ZS","77.7014296797074","77.7042682926829","..","..","..","..","..","..","..",".."
British Virgin Islands,"VGB","School enrollment, tertiary (% gross)","SE.TER.ENRR","39.173320807891","..","17.7551020408163","24.2532322781988","30.475763016158","30.3667262969589","29.0409725348942","26.6493055555556","29.5605306799337",".."
British Virgin Islands,"VGB","Research and development expenditure (% of GDP)","GB.XPD.RSDV.GD.ZS","..","..","..","..","..","..","..","..","..",".."
British Virgin Islands,"VGB","High-technology exports (% of manufactured exports)","TX.VAL.TECH.MF.ZS","..","..","..","..","..","..","..","..","..",".."
British Virgin Islands,"VGB","GDP per person employed (constant 2021 PPP $)","SL.GDP.PCAP.EM.KD","..","..","..","..","..","..","..","..","..",".."
Brunei Darussalam,"BRN","GDP growth (annual %)","NY.GDP.MKTP.KD.ZG","-2.47791771833224","1.32872661057823","0.0523710418528935","3.86884436177075","1.1335733495246","-1.59076260099606","-1.62833154515108","1.12764418162719","4.05251709306727",".."
Brunei Darussalam,"BRN","Inflation, consumer prices (annual %)","FP.CPI.TOTL.ZG","-0.278693265753083","-1.2605056462896","1.02505179290212","-0.390522069165529","1.94031996607183","1.73341388450593","3.68225030604215","0.35706431153689","-0.38867416503646",".."
Brunei Darussalam,"BRN","Gross fixed capital formation (% of GDP)","NE.GDI.FTOT.ZS","34.3684753465283","34.587567693936","40.8914880421939","38.5070273900823","40.3776287535699","31.084391319741","25.6780332540153","29.4254013593818","27.6977511976314",".."
Brunei Darussalam,"BRN","Foreign direct investment, net inflows (% of GDP)","BX.KLT.DINV.WD.GD.ZS","-1.32059047324395","3.85818821585897","3.80486552830842","2.77118007919323","4.7105756528403","1.47404982867232","-1.73946797718401","-0.370504516227009","0.189449066349964",".."
Brunei Darussalam,"BRN","Domestic credit to private sector (% of GDP)","FS.AST.PRVT.GD.ZS","44.3021638754597","39.4618611204976","35.0404687970572","35.7055507452154","39.6898831720749","36.2693770865454","31.5556345664422","37.0838497885739","37.7096482475039",".."
Brunei Darussalam,"BRN","Real interest rate (%)","FR.INR.RINR","16.1504061347444","0.519012853488807","-3.40209999333066","9.13837621574081","18.3581443058536","-8.63105577046672","-15.0814717318586","21.0518338115171","8.58680341460459",".."
Brunei Darussalam,"BRN","Market capitalization of listed domestic companies (% of GDP)","CM.MKT.LCAP.GD.ZS","..","..","..","..","..","..","..","..","..",".."
Brunei Darussalam,"BRN","Stocks traded, total value (% of GDP)","CM.MKT.TRAD.GD.ZS","..","..","..","..","..","..","..","..","..",".."
Brunei Darussalam,"BRN","Secure Internet servers (per 1 million people)","IT.NET.SECR.P6","601.079604456877","1589.75164751879","1948.33375208424","10492.9068401554","15399.9517214866","14092.769652064","21094.9337901047","8774.3954121264","16128.509404155",".."
Brunei Darussalam,"BRN","Fixed broadband subscriptions (per 100 people)","IT.NET.BBND.P2","8.44785809843673","9.49044762600168","11.2953107512391","12.2424776362158","15.886760064729","17.580984722871","19.8049937413532","20.2120497048692","21.1771240120937",".."
Brunei Darussalam,"BRN","ICT goods imports (% total goods imports)","TM.VAL.ICTG.ZS.UN","4.42","3.29","2.99","2.09","3.97","1.78","1.53","..","..",".."
Brunei Darussalam,"BRN","Individuals using the Internet (% of population)","IT.NET.USER.ZS","90","94.86669922","95","95","96.30549622","97.62879944","98.97042579","98.97039795","96.29828801",".."
Brunei Darussalam,"BRN","School enrollment, tertiary (% gross)","SE.TER.ENRR","28.6644096374512","31.2433910195239","27.9285989469629","27.7715019255456","27.4692556634304","27.4258937503291","31.1925368707703","36.4182725443167","..",".."
Brunei Darussalam,"BRN","Research and development expenditure (% of GDP)","GB.XPD.RSDV.GD.ZS","..","..","0.27764","..","..","..","..","..","..",".."
Brunei Darussalam,"BRN","High-technology exports (% of manufactured exports)","TX.VAL.TECH.MF.ZS","13.5766744202278","29.8494711484063","0.04242971199202","8.09397013891129","1.33895704916391","1.36091758514108","1.04425960383175","1.01925056768477","1.06433459453488",".."
Brunei Darussalam,"BRN","GDP per person employed (constant 2021 PPP $)","SL.GDP.PCAP.EM.KD","171508.775303403","172851.524715367","165771.589776663","169846.447864511","172926.261115206","163716.818760828","159454.946960478","158246.477493507","163274.360932634",".."
Bulgaria,"BGR","GDP growth (annual %)","NY.GDP.MKTP.KD.ZG","3.02662841229517","2.74592676054861","2.33015213407045","3.79331765354152","-3.13323303076419","7.82817232822165","4.0838640915123","1.68151074972904","3.38709063847314",".."
Bulgaria,"BGR","Inflation, consumer prices (annual %)","FP.CPI.TOTL.ZG","-0.798649886453617","2.06159619443141","2.81454473824838","3.10372944796771","1.67244096855756","3.29774435299506","15.3252589264367","9.44284140088564","2.44651943006078",".."
Bulgaria,"BGR","Gross fixed capital formation (% of GDP)","NE.GDI.FTOT.ZS","18.4104638518114","18.3038127443279","18.829925858619","18.7188398925975","18.9959627192677","16.2822548110057","17.0042276972592","18.7284506128321","18.3125447926031",".."
Bulgaria,"BGR","Foreign direct investment, net inflows (% of GDP)","BX.KLT.DINV.WD.GD.ZS","2.75996039584459","3.39254658352441","2.73817844158842","3.24233477901203","3.97434259753147","2.52884122158723","5.24661564677497","5.05888344751487","3.1312025090285",".."
Bulgaria,"BGR","Domestic credit to private sector (% of GDP)","FS.AST.PRVT.GD.ZS","52.019750215835","49.8038881171013","50.5406119539966","49.8324848400669","51.3032043573463","48.1534647397881","44.7288137825196","45.3249402189437","47.067902488525",".."
Bulgaria,"BGR","Real interest rate (%)","FR.INR.RINR","2.97072318273149","0.59767072570277","0.698370648977802","-0.69663574788372","-0.0127254303935295","-2.66431463275874","-10.5009128749801","-3.30310991348924","-2.48913081817616",".."
Bulgaria,"BGR","Market capitalization of listed domestic companies (% of GDP)","CM.MKT.LCAP.GD.ZS","..","..","23.6809634611655","23.3551158150948","25.1259533922735","20.1772184162959","17.351958323808","7.67190701317344","7.42299355979162",".."
Bulgaria,"BGR","Stocks traded, total value (% of GDP)","CM.MKT.TRAD.GD.ZS","..","..","0.317986112104281","0.248760244474612","0.301602237749551","0.342460829065768","0.395431677268089","0.218886186294583","0.16137690536978",".."
Bulgaria,"BGR","Secure Internet servers (per 1 million people)","IT.NET.SECR.P6","4180.50752965671","33602.2746046575","40013.7211699711","42421.4331982313","50889.4016757914","55100.7245553879","57819.5501165721","54104.3676383629","50750.6030113542",".."
Bulgaria,"BGR","Fixed broadband subscriptions (per 100 people)","IT.NET.BBND.P2","23.8176881048635","25.3925159519229","27.103417988838","28.8836779290396","30.5042854761098","32.7688420838347","34.9667968772891","37.0235717545079","..",".."
Bulgaria,"BGR","ICT goods imports (% total goods imports)","TM.VAL.ICTG.ZS.UN","5.37","4.94","5.05","5.24","5.66","5.88","4.8","..","..",".."
Bulgaria,"BGR","Individuals using the Internet (% of population)","IT.NET.USER.ZS","59.825547661014","63.4101013837926","64.78201069118","67.9469809417603","70.16248359","75.27144583","79.12686326","80.38956462","82.438955",".."
Bulgaria,"BGR","School enrollment, tertiary (% gross)","SE.TER.ENRR","80.6399612426758","81.2245864868164","83.134880065918","84.7503128051758","85.5331115722656","85.3017501831055","84.1293563842773","79.8532333374023","69.5460433959961",".."
Bulgaria,"BGR","Research and development expenditure (% of GDP)","GB.XPD.RSDV.GD.ZS","0.77009","0.74037","0.75505","0.83576","0.84549","0.76933","0.75174","0.79224","..",".."
Bulgaria,"BGR","High-technology exports (% of manufactured exports)","TX.VAL.TECH.MF.ZS","8.98610305298707","9.63608854549453","10.3728902592084","10.8523101760506","11.3032725784223","10.9244735738213","10.3826775418569","12.0578944173221","13.4299683659831",".."
Bulgaria,"BGR","GDP per person employed (constant 2021 PPP $)","SL.GDP.PCAP.EM.KD","60519.0099044436","59817.2103995106","61624.0998830936","62694.2453590044","62815.2683028541","68917.5718284863","69787.2155286909","71090.256747511","74220.9073928333",".."
Burkina Faso,"BFA","GDP growth (annual %)","NY.GDP.MKTP.KD.ZG","5.95797670754024","6.20348941121868","6.60456906812341","5.88920497068135","2.01077262406221","6.94252492572348","1.62673258211919","3.00027415814125","4.79980951667159",".."
Burkina Faso,"BFA","Inflation, consumer prices (annual %)","FP.CPI.TOTL.ZG","0.441041448058809","1.48299897161325","1.95594302672532","-3.23338933983321","1.88470066518847","3.65326761825508","14.2902354303358","0.742910428668917","4.19081721344523",".."
Burkina Faso,"BFA","Gross fixed capital formation (% of GDP)","NE.GDI.FTOT.ZS","20.2451557982691","20.8835008952792","20.1522963589389","18.8401565182191","17.7568948377207","18.1079398753545","18.1462572544304","18.3732352965603","17.1648896381461",".."
Burkina Faso,"BFA","Foreign direct investment, net inflows (% of GDP)","BX.KLT.DINV.WD.GD.ZS","3.04380349897538","0.0182370342122821","1.68919942943091","1.0164787373679","-0.557279533533573","-0.405926078113797","3.59640793567206","0.544129932348491","0.358681465803854",".."
Burkina Faso,"BFA","Domestic credit to private sector (% of GDP)","FS.AST.PRVT.GD.ZS","25.8099456026525","27.4216018903543","27.1497137139349","28.3478578876958","28.6738905255504","29.4819696538483","31.6493056662127","31.910243336278","27.1571923411989",".."
Burkina Faso,"BFA","Real interest rate (%)","FR.INR.RINR","2.62240552190937","5.02421161425245","5.62891377347395","6.1439206172505","0.0675375097350463","6.13021813204196","..","..","..",".."
Burkina Faso,"BFA","Market capitalization of listed domestic companies (% of GDP)","CM.MKT.LCAP.GD.ZS","..","..","..","..","..","..","..","..","..",".."
Burkina Faso,"BFA","Stocks traded, total value (% of GDP)","CM.MKT.TRAD.GD.ZS","..","..","..","..","..","..","..","..","..",".."
Burkina Faso,"BFA","Secure Internet servers (per 1 million people)","IT.NET.SECR.P6","1.75848219402306","1.85981919440977","2.44638885605291","3.29167817958938","5.81972178005269","11.0478433905004","21.7246068001662","22.583386549057","28.8337642615132",".."
Burkina Faso,"BFA","Fixed broadband subscriptions (per 100 people)","IT.NET.BBND.P2","0.0640501279140636","0.062133040708376","0.0676084024258783","0.0573181352576325","0.0650831126106853","0.0740660150924452","0.214398323020291","0.459463342299517","0.851360416490348",".."
Burkina Faso,"BFA","ICT goods imports (% total goods imports)","TM.VAL.ICTG.ZS.UN","2.5","3.58","3.35","2.74","2.65","3.08","..","..","..",".."
Burkina Faso,"BFA","Individuals using the Internet (% of population)","IT.NET.USER.ZS","7.140999794","7.790400028","8.498900414","9.27180600953186","12.97319984","18.1522007","25.3987999","25.36120033","28.25270081",".."
Burkina Faso,"BFA","School enrollment, tertiary (% gross)","SE.TER.ENRR","5.40541465878063","5.8341880408112","6.31826110291158","6.90532594926159","7.64277062242324","9.30513098594236","9.67069485831779","10.1078755635882","10.0419678526515",".."
Burkina Faso,"BFA","Research and development expenditure (% of GDP)","GB.XPD.RSDV.GD.ZS","..","0.61361","..","0.17435","0.25116","0.25057","..","0.09845","0.10477",".."
Burkina Faso,"BFA","High-technology exports (% of manufactured exports)","TX.VAL.TECH.MF.ZS","5.94496725526008","5.75853107563762","5.88092859304184","25.7871512116805","3.40123479951733","2.25653916783306","1.5289989764953","3.79784659837351","1.64548901950889",".."
Burkina Faso,"BFA","GDP per person employed (constant 2021 PPP $)","SL.GDP.PCAP.EM.KD","5290.99754769334","5461.63061566933","5659.92445204996","5813.15200948724","5931.60538294204","6231.15161967864","6223.52903326961","6289.32152884011","6470.85224017173",".."
Burundi,"BDI","GDP growth (annual %)","NY.GDP.MKTP.KD.ZG","3.20017470604286","3.83185756925806","5.3422447312502","4.45934202358784","0.306443809481593","3.23707479823578","2.31770122223331","3.254768974261","4.11227376264944",".."
Burundi,"BDI","Inflation, consumer prices (annual %)","FP.CPI.TOTL.ZG","5.55768961400965","16.0525353030391","-2.81469807668465","-0.686772170797358","7.3211064341552","8.4045384507634","18.8008786664944","26.9414835762453","20.2124925027847",".."
Burundi,"BDI","Gross fixed capital formation (% of GDP)","NE.GDI.FTOT.ZS","..","..","..","..","..","..","..","..","..",".."
Burundi,"BDI","Foreign direct investment, net inflows (% of GDP)","BX.KLT.DINV.WD.GD.ZS","0.00210472726474442","2.30701019619549","0.228727114717487","1.05451097508345","0.656677740998658","0.650589004531073","0.625576918322977","0.990959506801914","1.08105925624791",".."
Burundi,"BDI","Domestic credit to private sector (% of GDP)","FS.AST.PRVT.GD.ZS","17.3430079433227","14.8751095645513","16.5086011287819","18.5772261218263","19.4037543177132","28.3775482102837","34.9352492275533","37.0565348460861","..",".."
Burundi,"BDI","Real interest rate (%)","FR.INR.RINR","7.42932133642191","1.34592444421554","16.5825054853547","14.198167547899","-3.154469537169","2.49888138291524","-2.84824303558892","-6.52263211667207","..",".."
Burundi,"BDI","Market capitalization of listed domestic companies (% of GDP)","CM.MKT.LCAP.GD.ZS","..","..","..","..","..","..","..","..","..",".."
Burundi,"BDI","Stocks traded, total value (% of GDP)","CM.MKT.TRAD.GD.ZS","..","..","..","..","..","..","..","..","..",".."
Burundi,"BDI","Secure Internet servers (per 1 million people)","IT.NET.SECR.P6","1.42355707587497","4.34527106756879","5.64950504433344","8.64929366277677","8.16356551570432","6.32448576338973","10.8099205343224","10.2999024796467","10.6066536036355",".."
Burundi,"BDI","Fixed broadband subscriptions (per 100 people)","IT.NET.BBND.P2","0.0288715169450892","0.0340147819169285","0.0331803020141076","0.0317494355111928","0.0335260991567275","0.0304886490520483","0.0300650914860841","0.0203441336211462","..",".."
Burundi,"BDI","ICT goods imports (% total goods imports)","TM.VAL.ICTG.ZS.UN","5.95","2.72","4.8","2.43","3.01","2.94","1.91","..","..",".."
Burundi,"BDI","Individuals using the Internet (% of population)","IT.NET.USER.ZS","2.200000048","2.6607485347534","4.019499779","6.072199821","6.430099964","6.777999878","7.144800186","7.172299862","8.595999718",".."
Burundi,"BDI","School enrollment, tertiary (% gross)","SE.TER.ENRR","3.97908916361797","4.30528005798307","4.55281922933846","..","..","..","..","6.02545976638794","..","6.38454008102417"
Burundi,"BDI","Research and development expenditure (% of GDP)","GB.XPD.RSDV.GD.ZS","..","..","0.21312","..","..","..","..","..","..",".."
Burundi,"BDI","High-technology exports (% of manufactured exports)","TX.VAL.TECH.MF.ZS","3.1959825567903","1.66362151202897","25.9363254766862","0.470990947883211","0.120495501588776","0.250001784207837","1.11792409166671","1.30508367041098","..",".."
Burundi,"BDI","GDP per person employed (constant 2021 PPP $)","SL.GDP.PCAP.EM.KD","2449.26989535696","2487.27477683065","2532.02366045325","2546.35560242313","2499.79203059536","2475.74288463568","2435.84520392277","2428.87889281245","2444.22745706811",".."
Cabo Verde,"CPV","GDP growth (annual %)","NY.GDP.MKTP.KD.ZG","4.28071482662371","4.5513148102974","3.70696458310842","6.94782634051859","-20.8052758990735","7.03353010694514","15.843675684642","4.7947613911073","7.24388538990945",".."
Cabo Verde,"CPV","Inflation, consumer prices (annual %)","FP.CPI.TOTL.ZG","-1.40781637091705","0.784415251101334","1.25615185860785","1.10750930553819","0.6057961856899","1.86215256793885","7.93092928079189","3.72437535861454","1.0481698336865",".."
Cabo Verde,"CPV","Gross fixed capital formation (% of GDP)","NE.GDI.FTOT.ZS","..","..","..","..","..","..","..","..","..",".."
Cabo Verde,"CPV","Foreign direct investment, net inflows (% of GDP)","BX.KLT.DINV.WD.GD.ZS","6.82845117866997","5.59469673480566","4.69595735976167","5.45788755667341","3.71218491455203","4.45730498164251","5.43014452079405","6.33796269296642","4.03361601888808",".."
Cabo Verde,"CPV","Domestic credit to private sector (% of GDP)","FS.AST.PRVT.GD.ZS","55.104237005768","55.4240595425905","53.6607055362922","51.6385591168305","68.4560324470723","67.561644973855","57.9177809708983","56.3288782962359","54.3788465531014",".."
Cabo Verde,"CPV","Real interest rate (%)","FR.INR.RINR","7.79575933290896","8.08633611987591","7.1469580783303","8.38767999616974","7.79979465489292","6.18588126140526","1.39974162224958","4.1347591638487","6.10758050034173",".."
Cabo Verde,"CPV","Market capitalization of listed domestic companies (% of GDP)","CM.MKT.LCAP.GD.ZS","..","..","..","..","..","..","..","..","..",".."
Cabo Verde,"CPV","Stocks traded, total value (% of GDP)","CM.MKT.TRAD.GD.ZS","..","..","..","..","..","..","..","..","..",".."
Cabo Verde,"CPV","Secure Internet servers (per 1 million people)","IT.NET.SECR.P6","117.060836516738","272.961416903721","527.838103678311","587.429780744752","192.352903460215","648.40926818788","777.310237214305","951.503931415137","857.34372052881",".."
Cabo Verde,"CPV","Fixed broadband subscriptions (per 100 people)","IT.NET.BBND.P2","3.0320707671777","2.9232218025982","3.04957977464624","3.93928076809362","4.82611491823059","5.90962142576488","6.56769429388869","7.23008973237277","8.30537440200276",".."
Cabo Verde,"CPV","ICT goods imports (% total goods imports)","TM.VAL.ICTG.ZS.UN","5.07","5.02","3.5","3.04","3.32","..","..","..","..",".."
Cabo Verde,"CPV","Individuals using the Internet (% of population)","IT.NET.USER.ZS","50.3228178676892","57.1621463484891","59.5","61.9433977593088","69.37339783","70.28250122","73.32740021","74.59919739","74.73519897",".."
Cabo Verde,"CPV","School enrollment, tertiary (% gross)","SE.TER.ENRR","23.6934975221505","24.5594648459854","24.2905954414767","..","..","..","..","..","..",".."
Cabo Verde,"CPV","Research and development expenditure (% of GDP)","GB.XPD.RSDV.GD.ZS","..","..","..","..","..","..","..","..","..",".."
Cabo Verde,"CPV","High-technology exports (% of manufactured exports)","TX.VAL.TECH.MF.ZS","..","..","9.64098963151736E-05","1.3232793350624","0.760204522523159","2.03802142478556","3.47654000154602","1.15215005835922","..",".."
Cabo Verde,"CPV","GDP per person employed (constant 2021 PPP $)","SL.GDP.PCAP.EM.KD","21195.4244944538","22146.9640100607","24408.2403372433","25206.7704557971","22084.2748412221","22885.8042493684","24209.5353748199","24900.6156411164","26322.1641283167",".."
Cambodia,"KHM","GDP growth (annual %)","NY.GDP.MKTP.KD.ZG","7.90550116130704","8.07503915535979","8.77622376224463","7.93695013588524","-3.55572193406549","3.08984284148661","5.12990110773977","5.00733043811898","5.97510939607335",".."
Cambodia,"KHM","Inflation, consumer prices (annual %)","FP.CPI.TOTL.ZG","3.01913975139128","2.91263557371478","2.45908515380146","1.94257500833107","2.9402951426397","2.92073477592949","5.34370264895437","2.12746796594194","0.808042016536654",".."
Cambodia,"KHM","Gross fixed capital formation (% of GDP)","NE.GDI.FTOT.ZS","29.5113482528819","29.7794487571952","29.9831800685541","30.6598378372886","30.6318860127836","29.7406881932399","33.9832177454123","32.6793804081383","31.5853497927725",".."
Cambodia,"KHM","Foreign direct investment, net inflows (% of GDP)","BX.KLT.DINV.WD.GD.ZS","9.32318507305764","9.49760203098743","9.69240300027112","9.98500044202808","10.410239809326","9.4684591111041","8.94830125779534","9.35096701989758","9.48089832015712",".."
Cambodia,"KHM","Domestic credit to private sector (% of GDP)","FS.AST.PRVT.GD.ZS","61.5608886370159","65.4627205323548","73.8164269734727","84.3236738579751","103.732769960088","121.842231182128","132.817046084495","130.129720395297","124.659765749466",".."
Cambodia,"KHM","Real interest rate (%)","FR.INR.RINR","..","..","..","..","..","..","..","..","..",".."
Cambodia,"KHM","Market capitalization of listed domestic companies (% of GDP)","CM.MKT.LCAP.GD.ZS","..","..","..","..","..","..","..","..","..",".."
Cambodia,"KHM","Stocks traded, total value (% of GDP)","CM.MKT.TRAD.GD.ZS","..","..","..","..","..","..","..","..","..",".."
Cambodia,"KHM","Secure Internet servers (per 1 million people)","IT.NET.SECR.P6","20.3749456799533","54.9355791678311","80.98548147835","159.332052852129","188.455047671594","166.36910907398","183.469982427343","223.199425156739","817.289111657873",".."
Cambodia,"KHM","Fixed broadband subscriptions (per 100 people)","IT.NET.BBND.P2","0.615922622642822","0.831393686402579","1.02122815035674","1.11871609188205","1.39770029835926","1.98089406311481","2.9638308346303","3.64181801068419","4.14566160137529",".."
Cambodia,"KHM","ICT goods imports (% total goods imports)","TM.VAL.ICTG.ZS.UN","2.24","1.62","1.11","1.42","1.7","1.04","..","..","..",".."
Cambodia,"KHM","Individuals using the Internet (% of population)","IT.NET.USER.ZS","32.3984517141849","32.9002785437986","65","52.305878224498","56.37590027","60.76269913","65.49079895","68.92549896","68.47530365",".."
Cambodia,"KHM","School enrollment, tertiary (% gross)","SE.TER.ENRR","..","12.5181529981862","13.2671737077763","12.9409846754696","13.8767573747135","13.5005634857238","14.6069513022825","17.4362364390629","21.4437426836662",".."
Cambodia,"KHM","Research and development expenditure (% of GDP)","GB.XPD.RSDV.GD.ZS","..","..","..","..","..","..","..","..","..",".."
Cambodia,"KHM","High-technology exports (% of manufactured exports)","TX.VAL.TECH.MF.ZS","1.8586809100055","1.74238685693004","1.40927888070578","1.19402155927369","2.28307484240574","2.98063279368018","6.56222598236463","12.9853431148883","5.26214140574212",".."
Cambodia,"KHM","GDP per person employed (constant 2021 PPP $)","SL.GDP.PCAP.EM.KD","9550.82782631716","10144.0531843308","10802.0277078006","11406.4617876745","10831.4792987836","11356.7801844852","11306.1407777986","11663.2362656994","12150.183075401",".."
Cameroon,"CMR","GDP growth (annual %)","NY.GDP.MKTP.KD.ZG","4.53579423678801","3.54117654926007","3.95551423892049","3.47505998194981","0.259932915907115","3.33885747179505","3.7367840056412","3.34756290750219","3.52472308052245",".."
Cameroon,"CMR","Inflation, consumer prices (annual %)","FP.CPI.TOTL.ZG","0.874190383288856","0.64040914988195","1.0688581131292","2.45280214062732","2.43760882182236","2.27185762503637","6.24767713343861","7.38281384280983","4.53331349711606",".."
Cameroon,"CMR","Gross fixed capital formation (% of GDP)","NE.GDI.FTOT.ZS","19.4576148812245","19.2961406888504","19.5500413474034","19.088506793809","18.1922991522213","18.1895394723663","18.8164268671824","19.1469600869994","18.181902575179",".."
Cameroon,"CMR","Foreign direct investment, net inflows (% of GDP)","BX.KLT.DINV.WD.GD.ZS","1.96334943457327","2.25620975874553","1.91485781286221","2.58340602489154","1.65595614712353","2.14061326900656","2.08735032157122","1.68299656289954","1.66655391243674",".."
Cameroon,"CMR","Domestic credit to private sector (% of GDP)","FS.AST.PRVT.GD.ZS","14.3706640485152","14.0633461453046","14.6820776289898","14.0910928751244","..","..","..","..","..",".."
Cameroon,"CMR","Real interest rate (%)","FR.INR.RINR","..","..","..","..","..","..","..","..","..",".."
Cameroon,"CMR","Market capitalization of listed domestic companies (% of GDP)","CM.MKT.LCAP.GD.ZS","..","..","..","..","..","..","..","..","..",".."
Cameroon,"CMR","Stocks traded, total value (% of GDP)","CM.MKT.TRAD.GD.ZS","..","..","..","..","..","..","..","..","..",".."
Cameroon,"CMR","Secure Internet servers (per 1 million people)","IT.NET.SECR.P6","2.85663597175785","8.70336411132995","5.52277210264794","15.3688755569992","16.9397385587899","17.4618897970475","15.1993442858119","17.0586592662161","25.168467350901",".."
Cameroon,"CMR","Fixed broadband subscriptions (per 100 people)","IT.NET.BBND.P2","1.55529332300567","1.58466709279995","1.59560948486525","1.57189487453881","2.75682417749367","2.23385126289217","2.12862474053","..","..",".."
Cameroon,"CMR","ICT goods imports (% total goods imports)","TM.VAL.ICTG.ZS.UN","7.6","3.39","4.4","..","..","..","..","..","..",".."
Cameroon,"CMR","Individuals using the Internet (% of population)","IT.NET.USER.ZS","20.60000038","23.2029719748646","29.70000076","36.53919983","37.69749832","38.89260101","40.12559891","42.24380112","46.25880051",".."
Cameroon,"CMR","School enrollment, tertiary (% gross)","SE.TER.ENRR","12.7046554004596","12.9818161813936","14.5449548868213","15.0528614131463","15.5519566247682","17.1581831920239","16.4371527754335","16.0404395184936","16.6614294830602",".."
Cameroon,"CMR","Research and development expenditure (% of GDP)","GB.XPD.RSDV.GD.ZS","..","..","..","..","..","..","..","..","..",".."
Cameroon,"CMR","High-technology exports (% of manufactured exports)","TX.VAL.TECH.MF.ZS","5.61841773540935","6.01740401782352","7.02536411453841","5.11907584621214","3.08382242415572","2.15123166966613","3.28864706003967","2.10363029161033","..",".."
Cameroon,"CMR","GDP per person employed (constant 2021 PPP $)","SL.GDP.PCAP.EM.KD","12354.6966618624","12591.0295281773","12888.618864514","13118.161243185","13085.3670912701","13249.7844554751","13230.2122394146","13247.8419301564","13292.6834844114",".."
Canada,"CAN","GDP growth (annual %)","NY.GDP.MKTP.KD.ZG","1.03855092490855","3.03383491200222","2.74296344906655","1.90843194590616","-5.03823343468899","5.95052802804381","4.18903628100851","1.52874550838358","1.55479521049516",".."
Canada,"CAN","Inflation, consumer prices (annual %)","FP.CPI.TOTL.ZG","1.42875954701085","1.59688412852976","2.26822567248103","1.94926902411592","0.716999632307827","3.39519318527527","6.80280115341612","3.87900159788425","2.38158383281173",".."
Canada,"CAN","Gross fixed capital formation (% of GDP)","NE.GDI.FTOT.ZS","22.7723764559748","22.6963325471202","22.676090231483","22.579977290439","23.1842365277416","23.789323664906","22.9501146990116","22.8530818287483","22.5959576167528",".."
Canada,"CAN","Foreign direct investment, net inflows (% of GDP)","BX.KLT.DINV.WD.GD.ZS","2.23835012140903","1.53752071953934","2.46931207254863","2.80676687017653","1.75897085668576","2.97618288160973","2.31755804932899","2.01979850018061","2.81029565355294",".."
Canada,"CAN","Domestic credit to private sector (% of GDP)","FS.AST.PRVT.GD.ZS","..","..","..","..","..","..","..","..","..",".."
Canada,"CAN","Real interest rate (%)","FR.INR.RINR","1.96890522906262","0.125752246427379","..","..","..","..","..","..","..",".."
Canada,"CAN","Market capitalization of listed domestic companies (% of GDP)","CM.MKT.LCAP.GD.ZS","130.466596582731","143.522053482469","112.320751199607","138.15815488345","159.538527603603","163.313466014962","126.043526032141","142.597821807958","150.402111872218",".."
Canada,"CAN","Stocks traded, total value (% of GDP)","CM.MKT.TRAD.GD.ZS","75.482371926819","77.6193571040358","79.6169731403107","82.1554373025011","118.021314359756","108.285596934175","102.686141902737","92.9491886530653","95.8256788477537",".."
Canada,"CAN","Secure Internet servers (per 1 million people)","IT.NET.SECR.P6","10221.068747765","26565.3853494623","30940.812923392","35872.9396271701","39858.7243645171","43542.2312171403","43653.2998026964","42565.0375102124","39712.7546032744",".."
Canada,"CAN","Fixed broadband subscriptions (per 100 people)","IT.NET.BBND.P2","36.8232874759276","37.8276923396247","38.7333531661948","40.076756874499","40.7949805592606","41.6930962576979","42.1792116530791","42.5241770773151","42.5238215177079",".."
Canada,"CAN","ICT goods imports (% total goods imports)","TM.VAL.ICTG.ZS.UN","7.08","7.23","7.23","7.15","7.71","7.43","6.75","..","..",".."
Canada,"CAN","Individuals using the Internet (% of population)","IT.NET.USER.ZS","91.16000366","92.70140076","94.64","91.91290283","92.3","93.93710327","94","94.14530182","94.353302",".."
Canada,"CAN","School enrollment, tertiary (% gross)","SE.TER.ENRR","69.2459411621094","70.2687072753906","69.3507232666016","73.1128768920898","75.2389068603516","79.7657318115234","78.8488311767578","76.2666931152344","..",".."
Canada,"CAN","Research and development expenditure (% of GDP)","GB.XPD.RSDV.GD.ZS","1.72903","1.68702","1.7372","1.75578","1.93413","1.87064","1.81291","1.81048","1.7908",".."
Canada,"CAN","High-technology exports (% of manufactured exports)","TX.VAL.TECH.MF.ZS","14.0996116936098","14.3488055729531","15.4222842964733","17.1309209127166","16.7587089775244","16.33762888714","15.1489765380468","16.3717954388263","16.7779029827711",".."
Canada,"CAN","GDP per person employed (constant 2021 PPP $)","SL.GDP.PCAP.EM.KD","108776.054517772","109696.896761305","110704.699657944","110430.50597969","111042.871118821","112202.165429966","111740.979520838","109849.073990664","110184.232706304",".."
Cayman Islands,"CYM","GDP growth (annual %)","NY.GDP.MKTP.KD.ZG","3.23997361448569","3.18404730726789","4.26726567162505","3.91563637725301","-4.95480732200573","4.86941655353661","5.77566708028824","5.8155918263088","..",".."
Cayman Islands,"CYM","Inflation, consumer prices (annual %)","FP.CPI.TOTL.ZG","-0.62525835861814","..","..","..","..","..","..","..","..",".."
Cayman Islands,"CYM","Gross fixed capital formation (% of GDP)","NE.GDI.FTOT.ZS","..","..","..","..","..","..","..","..","..",".."
Cayman Islands,"CYM","Foreign direct investment, net inflows (% of GDP)","BX.KLT.DINV.WD.GD.ZS","54.6762797370938","48.515881955007","3.13994473836616","18.1830873442761","123.314001465062","-13.3283722401281","-47.2171219717417","166.996362350542","..",".."
Cayman Islands,"CYM","Domestic credit to private sector (% of GDP)","FS.AST.PRVT.GD.ZS","..","..","..","..","..","..","..","..","..",".."
Cayman Islands,"CYM","Real interest rate (%)","FR.INR.RINR","..","..","..","..","..","..","..","..","..",".."
Cayman Islands,"CYM","Market capitalization of listed domestic companies (% of GDP)","CM.MKT.LCAP.GD.ZS","..","..","7.91746595677648","6.37927627396308","11.3930895585267","..","..","..","..",".."
Cayman Islands,"CYM","Stocks traded, total value (% of GDP)","CM.MKT.TRAD.GD.ZS","..","..","0.00795634354455099","0.0585671585104643","0.0229870505743802","..","..","..","..",".."
Cayman Islands,"CYM","Secure Internet servers (per 1 million people)","IT.NET.SECR.P6","5182.25039619651","5950.25954908189","11222.1531368951","16353.0233041722","29147.9820627803","5762.53779882467","5182.21564163093","26561.5159232181","26673.1133405858",".."
Cayman Islands,"CYM","Fixed broadband subscriptions (per 100 people)","IT.NET.BBND.P2","38.8827258320127","48.3954443325327","..","75.7496992291354","46.5901811193291","45.6438637530667","56.3604363676998","..","..",".."
Cayman Islands,"CYM","ICT goods imports (% total goods imports)","TM.VAL.ICTG.ZS.UN","..","..","..","..","4.64","4.27","..","..","..",".."
Cayman Islands,"CYM","Individuals using the Internet (% of population)","IT.NET.USER.ZS","79","81.0676932508161","..","..","..","..","..","..","..",".."
Cayman Islands,"CYM","School enrollment, tertiary (% gross)","SE.TER.ENRR","..","..","..","..","..","..","..","..","..",".."
Cayman Islands,"CYM","Research and development expenditure (% of GDP)","GB.XPD.RSDV.GD.ZS","..","..","..","..","..","..","..","..","..",".."
Cayman Islands,"CYM","High-technology exports (% of manufactured exports)","TX.VAL.TECH.MF.ZS","..","..","..","..","69.5994743298033","67.7653374620884","56.6467051908622","47.701413334623","85.5232283869582",".."
Cayman Islands,"CYM","GDP per person employed (constant 2021 PPP $)","SL.GDP.PCAP.EM.KD","..","..","..","..","..","..","..","..","..",".."
Central African Republic,"CAF","GDP growth (annual %)","NY.GDP.MKTP.KD.ZG","4.75031684122342","4.52727821346231","3.78944359275462","3.09999999999999","0.899999996857062","0.982919996264229","0.453901876447787","0.69996840076054","1.49999999847535",".."
Central African Republic,"CAF","Inflation, consumer prices (annual %)","FP.CPI.TOTL.ZG","4.94543276106518","4.18072331871266","1.61215686991555","2.68537355266786","1.71015659523152","4.25936417542868","5.58316735183246","2.97913852618936","1.47733600718743",".."
Central African Republic,"CAF","Gross fixed capital formation (% of GDP)","NE.GDI.FTOT.ZS","20.8776384260612","24.2380273309599","16.3979800021887","14.3881299969725","18.2987700027516","15.7230599997852","14.9322699985163","14.5948464881829","15.1358985879924",".."
Central African Republic,"CAF","Foreign direct investment, net inflows (% of GDP)","BX.KLT.DINV.WD.GD.ZS","0.397590019652539","0.332412482969051","0.810612744001372","1.1525297989583","0.0746698927110639","0.214980465443776","1.00929791484186","1.51604656547544","1.46851186564355",".."
Central African Republic,"CAF","Domestic credit to private sector (% of GDP)","FS.AST.PRVT.GD.ZS","12.3148432385651","11.2150177342096","12.3443319944716","11.7050145625006","11.7039071336529","11.7946888020579","13.0385826544527","..","..",".."
Central African Republic,"CAF","Real interest rate (%)","FR.INR.RINR","..","..","..","..","..","..","..","..","..",".."
Central African Republic,"CAF","Market capitalization of listed domestic companies (% of GDP)","CM.MKT.LCAP.GD.ZS","..","..","..","..","..","..","..","..","..",".."
Central African Republic,"CAF","Stocks traded, total value (% of GDP)","CM.MKT.TRAD.GD.ZS","..","..","..","..","..","..","..","..","..",".."
Central African Republic,"CAF","Secure Internet servers (per 1 million people)","IT.NET.SECR.P6","0.21214923510654","0.417230710433334","0.614923328284813","1.01118307813432","1.1936431341249","0.978071633966472","1.96153854452663","2.5230857493982","1.68833678191754",".."
Central African Republic,"CAF","Fixed broadband subscriptions (per 100 people)","IT.NET.BBND.P2","0.0156141837038414","0.0129132904879117","0.0124624461199055","0.0100916071197805","..","0.00976115490698539","0.0160846160651184","..","..",".."
Central African Republic,"CAF","ICT goods imports (% total goods imports)","TM.VAL.ICTG.ZS.UN","8.24","4.07","3.87","5.08","5.91","..","..","..","..",".."
Central African Republic,"CAF","Individuals using the Internet (% of population)","IT.NET.USER.ZS","3.099999905","4","5.099999905","7.509200096","..","..","13.75360012","13.8416996","13.78250027",".."
Central African Republic,"CAF","School enrollment, tertiary (% gross)","SE.TER.ENRR","..","..","..","..","..","..","..","..","..",".."
Central African Republic,"CAF","Research and development expenditure (% of GDP)","GB.XPD.RSDV.GD.ZS","..","..","..","..","..","..","..","..","..",".."
Central African Republic,"CAF","High-technology exports (% of manufactured exports)","TX.VAL.TECH.MF.ZS","11.77186175421","22.0763616198396","29.0193180633593","95.6179350728442","0.67083835551212","7.66912447024762","37.2974046773952","1.87856696826495","8.29978042191414",".."
Central African Republic,"CAF","GDP per person employed (constant 2021 PPP $)","SL.GDP.PCAP.EM.KD","3044.48095930443","3132.06445748769","3194.82203404028","3251.55169660674","3272.29934868034","3265.9248751727","3253.1182600278","3234.62801565145","3165.77793079017",".."
Chad,"TCD","GDP growth (annual %)","NY.GDP.MKTP.KD.ZG","-4.12250332670322","-1.61746922760291","5.74111580758154","5.3828220290379","-0.393646583111035","0.29344264815208","4.12969897676332","3.98004368401293","4.19925854085865",".."
Chad,"TCD","Inflation, consumer prices (annual %)","FP.CPI.TOTL.ZG","-0.792440525236102","-1.5370996298084","4.27462198610545","-0.971939175419401","4.46414437232861","-0.77284437035914","5.78802687843616","10.8363568399843","8.89950732263754",".."
Chad,"TCD","Gross fixed capital formation (% of GDP)","NE.GDI.FTOT.ZS","16.0701130463914","15.2004119098293","17.3526851073987","20.2129960620874","18.2437176613322","16.3727111362785","14.5278019693895","16.031237350704","14.9015216339142",".."
Chad,"TCD","Foreign direct investment, net inflows (% of GDP)","BX.KLT.DINV.WD.GD.ZS","1.87837153237555","2.72215531343515","3.00704966736056","3.80153819394825","3.73465690769548","4.17913326043699","3.44402627536712","4.97994045498876","5.2230945466515",".."
Chad,"TCD","Domestic credit to private sector (% of GDP)","FS.AST.PRVT.GD.ZS","9.66896292279385","9.10617708639334","8.24873656929464","7.54147312123575","7.22915564060594","8.32290954891334","..","..","..",".."
Chad,"TCD","Real interest rate (%)","FR.INR.RINR","..","..","..","..","..","..","..","..","..",".."
Chad,"TCD","Market capitalization of listed domestic companies (% of GDP)","CM.MKT.LCAP.GD.ZS","..","..","..","..","..","..","..","..","..",".."
Chad,"TCD","Stocks traded, total value (% of GDP)","CM.MKT.TRAD.GD.ZS","..","..","..","..","..","..","..","..","..",".."
Chad,"TCD","Secure Internet servers (per 1 million people)","IT.NET.SECR.P6","0.330804771924996","0.576082624074275","0.433261323238262","0.659265986436022","1.21918092058494","1.23399501454796","0.866958875155538","1.24229621062387","1.23158030029179",".."
Chad,"TCD","Fixed broadband subscriptions (per 100 people)","IT.NET.BBND.P2","0.0339141052177506","0.00211870387298428","0.00206727545659399","0.00040754624616045","0","0","0","0","0",".."
Chad,"TCD","ICT goods imports (% total goods imports)","TM.VAL.ICTG.ZS.UN","..","..","..","..","..","..","..","..","..",".."
Chad,"TCD","Individuals using the Internet (% of population)","IT.NET.USER.ZS","5.800000191","6.351900101","6.956299782","7.618199825","8.343099594","9.653699875","11.17029953","12.03590012","12.62689972",".."
Chad,"TCD","School enrollment, tertiary (% gross)","SE.TER.ENRR","..","..","..","..","4.39665967267065","..","..","..","..",".."
Chad,"TCD","Research and development expenditure (% of GDP)","GB.XPD.RSDV.GD.ZS","0.23294","..","..","..","..","..","..","..","..",".."
Chad,"TCD","High-technology exports (% of manufactured exports)","TX.VAL.TECH.MF.ZS","..","..","..","..","..","..","..","..","..",".."
Chad,"TCD","GDP per person employed (constant 2021 PPP $)","SL.GDP.PCAP.EM.KD","8437.56987359415","8086.93703340021","8317.91128201611","8466.4207555804","8274.36612135632","7965.47291681219","7874.76969224159","7733.36576688212","7586.52855467393",".."
Channel Islands,"CHI","GDP growth (annual %)","NY.GDP.MKTP.KD.ZG","1.21302407657195","1.80648131383585","1.1222435658518","1.57335596156342","-8.89677926591959","9.93680136985076","5.34196140375869","3.71500590367266","..",".."
Channel Islands,"CHI","Inflation, consumer prices (annual %)","FP.CPI.TOTL.ZG","..","..","..","..","..","..","..","..","..",".."
Channel Islands,"CHI","Gross fixed capital formation (% of GDP)","NE.GDI.FTOT.ZS","..","..","..","..","..","..","..","..","..",".."
Channel Islands,"CHI","Foreign direct investment, net inflows (% of GDP)","BX.KLT.DINV.WD.GD.ZS","..","..","..","..","..","..","..","..","..",".."
Channel Islands,"CHI","Domestic credit to private sector (% of GDP)","FS.AST.PRVT.GD.ZS","..","..","..","..","..","..","..","..","..",".."
Channel Islands,"CHI","Real interest rate (%)","FR.INR.RINR","..","..","..","..","..","..","..","..","..",".."
Channel Islands,"CHI","Market capitalization of listed domestic companies (% of GDP)","CM.MKT.LCAP.GD.ZS","..","..","..","..","..","..","..","..","..",".."
Channel Islands,"CHI","Stocks traded, total value (% of GDP)","CM.MKT.TRAD.GD.ZS","..","..","..","..","..","..","..","..","..",".."
Channel Islands,"CHI","Secure Internet servers (per 1 million people)","IT.NET.SECR.P6","..","..","..","..","..","..","..","..","..",".."
Channel Islands,"CHI","Fixed broadband subscriptions (per 100 people)","IT.NET.BBND.P2","..","..","..","..","..","..","..","..","..",".."
Channel Islands,"CHI","ICT goods imports (% total goods imports)","TM.VAL.ICTG.ZS.UN","..","..","..","..","..","..","..","..","..",".."
Channel Islands,"CHI","Individuals using the Internet (% of population)","IT.NET.USER.ZS","..","..","..","..","..","..","..","..","..",".."
Channel Islands,"CHI","School enrollment, tertiary (% gross)","SE.TER.ENRR","..","..","..","..","..","..","..","..","..",".."
Channel Islands,"CHI","Research and development expenditure (% of GDP)","GB.XPD.RSDV.GD.ZS","..","..","..","..","..","..","..","..","..",".."
Channel Islands,"CHI","High-technology exports (% of manufactured exports)","TX.VAL.TECH.MF.ZS","..","..","..","..","..","..","..","..","..",".."
Channel Islands,"CHI","GDP per person employed (constant 2021 PPP $)","SL.GDP.PCAP.EM.KD","..","..","..","..","..","..","..","..","..",".."
Chile,"CHL","GDP growth (annual %)","NY.GDP.MKTP.KD.ZG","1.753038749071","1.35769537343957","3.99002947789977","0.634367533828438","-6.14347479224092","11.3149204879049","2.15399356192458","0.521367977246825","2.64431154871538",".."
Chile,"CHL","Inflation, consumer prices (annual %)","FP.CPI.TOTL.ZG","3.78619355893118","2.18271846868519","2.43488981353057","2.55754475703326","3.04549084804326","4.52456838259143","11.6438667110559","7.58168251407962","4.29763891572524",".."
Chile,"CHL","Gross fixed capital formation (% of GDP)","NE.GDI.FTOT.ZS","24.129197616698","22.2576646322298","23.0497926473567","24.5496860909505","22.5660080465409","23.3256236274779","25.6432104842936","24.2438038833976","23.4893507192449",".."
Chile,"CHL","Foreign direct investment, net inflows (% of GDP)","BX.KLT.DINV.WD.GD.ZS","4.55707488153847","1.89647029836548","2.68461345207245","4.87956164130548","4.50610139661101","4.81308998117864","6.2318507042491","5.47730938390937","3.79129110936144",".."
Chile,"CHL","Domestic credit to private sector (% of GDP)","FS.AST.PRVT.GD.ZS","109.658986217723","111.859731058874","116.098274611163","123.249083555952","123.562500975164","109.321889752715","112.621958263293","109.486414776185","104.043835473929",".."
Chile,"CHL","Real interest rate (%)","FR.INR.RINR","0.982913248021622","-0.262655305184403","2.54731216179178","..","..","..","..","..","..",".."
Chile,"CHL","Market capitalization of listed domestic companies (% of GDP)","CM.MKT.LCAP.GD.ZS","85.2152277842727","106.706932574631","85.4879920737696","73.2312582420885","72.6451942078247","82.3043810867021","94.6901545749887","85.8519195858762","79.3329036867525",".."
Chile,"CHL","Stocks traded, total value (% of GDP)","CM.MKT.TRAD.GD.ZS","9.61445242782006","13.7937655706462","15.4626163811408","13.6349900259111","16.3236134162713","13.2818765802296","13.6760874853476","9.13975555875041","8.87400733637778",".."
Chile,"CHL","Secure Internet servers (per 1 million people)","IT.NET.SECR.P6","1233.24724652973","7223.60868130535","8003.20072982907","10872.7358797992","12744.8656274573","12724.956304718","11563.2682310819","12299.9658931976","11912.6095617298",".."
Chile,"CHL","Fixed broadband subscriptions (per 100 people)","IT.NET.BBND.P2","15.9005028734256","16.5009633130641","17.2066645597348","17.8649532986793","19.4305872645094","22.0140443723879","22.7901897178525","22.9954165646133","23.731405742065",".."
Chile,"CHL","ICT goods imports (% total goods imports)","TM.VAL.ICTG.ZS.UN","8.8","8.42","8","7.59","8.92","8.98","5.5","..","..",".."
Chile,"CHL","Individuals using the Internet (% of population)","IT.NET.USER.ZS","83.5585860244169","82.3274869338464","84.90000153","85.01760101","87.45929718","90.23280334","92.31819916","94.45742345","95.590243",".."
Chile,"CHL","School enrollment, tertiary (% gross)","SE.TER.ENRR","88.8458862304688","89.921989440918","91.1974792480469","92.0659713745117","89.1124877929688","96.2227935791016","99.3372802734375","104.734062194824","110.176902770996",".."
Chile,"CHL","Research and development expenditure (% of GDP)","GB.XPD.RSDV.GD.ZS","0.37103","0.35679","0.36916","0.34243","0.33525","0.36063","0.39205","..","..",".."
Chile,"CHL","High-technology exports (% of manufactured exports)","TX.VAL.TECH.MF.ZS","8.42437955941115","7.1060964752424","6.91141099413123","7.63288202076965","15.9750583433893","12.4417748590856","6.93672684116693","10.7195633423709","8.31650307450688",".."
Chile,"CHL","GDP per person employed (constant 2021 PPP $)","SL.GDP.PCAP.EM.KD","59992.1478164205","59228.2679865208","60250.5717770307","59490.6161227729","64093.5695077388","68026.3944331136","65161.2748054022","63928.4562533417","63924.4289658656",".."
China,"CHN","GDP growth (annual %)","NY.GDP.MKTP.KD.ZG","6.77555562837017","6.8912663621211","6.75671800166833","6.06850235053705","2.34018843078414","8.57008513166322","3.1341888719577","5.41484330099675","4.9773565917572",".."
China,"CHN","Inflation, consumer prices (annual %)","FP.CPI.TOTL.ZG","2.00000182191943","1.59313600071435","2.07479039965576","2.89923416358226","2.41942189457782","0.981015135544881","1.9735755573905","0.23483682889305","0.218128938439177",".."
China,"CHN","Gross fixed capital formation (% of GDP)","NE.GDI.FTOT.ZS","41.0805800894123","41.4184897995936","42.3803760237203","42.2503490502374","41.8494114609444","41.3521203793076","41.2329317275585","40.4544347218594","39.8697027685165",".."
China,"CHN","Foreign direct investment, net inflows (% of GDP)","BX.KLT.DINV.WD.GD.ZS","1.52539470315394","1.32468971748482","1.66361992284408","1.28549226847992","1.68770756292082","1.8903454142588","1.03841365474349","0.280991103634816","0.0989988051182737",".."
China,"CHN","Domestic credit to private sector (% of GDP)","FS.AST.PRVT.GD.ZS","153.192761827313","152.089747458443","154.991560224764","162.207566232758","179.104100221958","173.554518720488","181.785162429715","189.606708989308","194.165996844811",".."
China,"CHN","Real interest rate (%)","FR.INR.RINR","2.83073632160298","0.19585733630837","0.852537111572747","2.99509285161556","3.79985989492251","-0.118557234530241","2.36988583421333","4.88038486696444","5.09321925687914",".."
China,"CHN","Market capitalization of listed domestic companies (% of GDP)","CM.MKT.LCAP.GD.ZS","63.9029590501553","69.4813653656583","44.7058557619521","58.8558640185154","81.8646786726428","79.3192238397069","62.6166578891979","59.8556765846528","62.7181039133864",".."
China,"CHN","Stocks traded, total value (% of GDP)","CM.MKT.TRAD.GD.ZS","159.698152645489","137.373869513271","92.3866174331064","125.338015855542","210.607270103945","221.737510118324","177.228885403939","163.18790877354","186.054420557923",".."
China,"CHN","Secure Internet servers (per 1 million people)","IT.NET.SECR.P6","47.5965383811672","207.64925172699","443.51278907297","729.738695573417","948.458649280703","1083.91132572432","1317.31265600935","1508.37096213963","1413.32103124612",".."
China,"CHN","Fixed broadband subscriptions (per 100 people)","IT.NET.BBND.P2","22.9761329915729","27.9101271418763","28.7089097131815","31.5611222411202","33.9069794578039","37.5611751315805","41.3736197056022","44.728886496649","47.1933952081567",".."
China,"CHN","ICT goods imports (% total goods imports)","TM.VAL.ICTG.ZS.UN","23.76","22.72","22.67","22.41","24.95","23.71","22.14","..","..",".."
China,"CHN","Individuals using the Internet (% of population)","IT.NET.USER.ZS","53.2","54.3","65.35839844","64.080881297515","70.05275998","73.05323517","75.61131603","90.6","92","91.6"
China,"CHN","School enrollment, tertiary (% gross)","SE.TER.ENRR","49.309077375597","51.0678812273407","53.3987984572814","56.6050917923292","61.6124675996947","66.8186077597542","71.5799465086024","74.5933014618366","76.8757843123403",".."
China,"CHN","Research and development expenditure (% of GDP)","GB.XPD.RSDV.GD.ZS","2.0595","2.07771","2.10232","2.20144","2.35712","2.38165","2.4945","2.57729","..",".."
China,"CHN","High-technology exports (% of manufactured exports)","TX.VAL.TECH.MF.ZS","30.2545232296357","30.9118639785891","31.5481478595353","30.8186302968419","31.2766154241293","30.2190732796596","27.7650612563156","26.5682136542881","26.2777380479223",".."
China,"CHN","GDP per person employed (constant 2021 PPP $)","SL.GDP.PCAP.EM.KD","29368.9159267195","31434.1717019663","33601.3928369762","35777.2153203047","37511.3571806438","39480.6030794518","41490.2318856884","43341.4185386626","45841.7963646181",".."
Colombia,"COL","GDP growth (annual %)","NY.GDP.MKTP.KD.ZG","2.08738250162794","1.35936086788746","2.56432428277704","3.18685539245533","-7.18591413760859","10.8011981904878","7.32827729427979","0.712380031974334","1.5983315366523",".."
Colombia,"COL","Inflation, consumer prices (annual %)","FP.CPI.TOTL.ZG","7.51346024627674","4.3143132569501","3.24056932930569","3.52301932741446","2.52663500084706","3.49505757399448","10.1772313546166","11.7359044948689","6.60908593728228",".."
Colombia,"COL","Gross fixed capital formation (% of GDP)","NE.GDI.FTOT.ZS","22.1296577145622","21.7227919184852","21.2278710779912","21.269107264817","18.3620756136132","18.9897319714179","19.070491795478","16.5149107450513","16.5945382423245",".."
Colombia,"COL","Foreign direct investment, net inflows (% of GDP)","BX.KLT.DINV.WD.GD.ZS","4.90164572903473","4.3931823276543","3.38083573220188","4.33058240931506","2.7588942895314","3.00175693787234","4.97124137726565","4.58478761240549","3.26725954832527",".."
Colombia,"COL","Domestic credit to private sector (% of GDP)","FS.AST.PRVT.GD.ZS","47.0541978052352","49.8054213986161","45.8707074728714","46.0415781067709","51.9987790610816","47.9124060650503","44.1883129591758","41.6579211967186","39.5325760607283",".."
Colombia,"COL","Real interest rate (%)","FR.INR.RINR","9.03209505722643","8.13449112757921","7.15306948982847","7.46754725861924","8.24660761552955","1.42458739401644","0.767867660015928","13.1631262778233","9.78943442272303",".."
Colombia,"COL","Market capitalization of listed domestic companies (% of GDP)","CM.MKT.LCAP.GD.ZS","36.7213432955425","38.9516295819788","31.0738880030359","40.8753318985173","39.3252642130379","28.4252677989683","19.7934197203512","21.6237934307051","17.3434816885955",".."
Colombia,"COL","Stocks traded, total value (% of GDP)","CM.MKT.TRAD.GD.ZS","5.0112589169771","4.44592999701063","4.08811874514016","4.30448774799945","3.69896848857737","2.25024040603104","1.88123805906021","1.11074274624786","1.17820823727721",".."
Colombia,"COL","Secure Internet servers (per 1 million people)","IT.NET.SECR.P6","324.953804491264","470.382151008544","659.629839917682","787.409068909514","407.78197162445","646.067207751291","669.643927095364","1109.11166481961","1126.20714719974",".."
Colombia,"COL","Fixed broadband subscriptions (per 100 people)","IT.NET.BBND.P2","12.4647515240681","13.1537299039926","13.622877883522","13.9253307862459","15.3363074463544","16.4767904492313","17.007465545983","17.0369815251774","17.2244156778185",".."
Colombia,"COL","ICT goods imports (% total goods imports)","TM.VAL.ICTG.ZS.UN","9.21","9.62","9.9","9.91","10.91","9.62","..","..","..",".."
Colombia,"COL","Individuals using the Internet (% of population)","IT.NET.USER.ZS","58.1364935728703","62.2598803162841","64.1263768204459","65.0069007159493","69.79533474","73.02837449","72.79637855","77.33686322","79.34543299",".."
Colombia,"COL","School enrollment, tertiary (% gross)","SE.TER.ENRR","57.1437492370605","58.3960418701172","57.3205413818359","56.6663017272949","55.7331085205078","58.3159217834473","59.2901382446289","..","..",".."
Colombia,"COL","Research and development expenditure (% of GDP)","GB.XPD.RSDV.GD.ZS","0.27051","0.26109","0.31233","0.32201","0.2894","..","..","..","..",".."
Colombia,"COL","High-technology exports (% of manufactured exports)","TX.VAL.TECH.MF.ZS","10.1857957756345","8.96236276389192","7.22139251354653","9.04845616228861","9.91355157220335","8.20914960906244","8.40182637186439","8.59989159781141","9.02469704912672",".."
Colombia,"COL","GDP per person employed (constant 2021 PPP $)","SL.GDP.PCAP.EM.KD","36943.6403776327","36903.5625254914","37412.4444096565","38575.7202575428","38004.1223580052","39876.7885971864","41331.834908291","40177.9882764965","40362.5120192748",".."
Comoros,"COM","GDP growth (annual %)","NY.GDP.MKTP.KD.ZG","3.32039987961315","3.81570211280726","3.64259587408398","1.76070164655727","-0.195577456821965","2.0001921183449","2.60301031927843","2.99521564038136","3.3381010943571",".."
Comoros,"COM","Inflation, consumer prices (annual %)","FP.CPI.TOTL.ZG","0.797517430888487","-0.237362224154613","2.15155084413033","3.58213544469211","0.786641929499151","-0.00441793682346988","12.5320314570998","8.37373955490995","5.05192609588218",".."
Comoros,"COM","Gross fixed capital formation (% of GDP)","NE.GDI.FTOT.ZS","12.4755919575083","13.3232598136896","14.7594576318137","12.6281735099465","10.956884294986","13.2615764510247","11.9372948701337","11.7309862033894","11.7339416915408",".."
Comoros,"COM","Foreign direct investment, net inflows (% of GDP)","BX.KLT.DINV.WD.GD.ZS","0.352458395658835","0.363776536091142","0.48130680430061","0.362046315267837","0.318014572633564","0.316353618234776","0.337727307705265","0.403422329791574","0.492716315085539",".."
Comoros,"COM","Domestic credit to private sector (% of GDP)","FS.AST.PRVT.GD.ZS","16.1429576955409","16.4592204557401","15.9122728670131","15.5802237466904","15.062938071211","16.3887427830441","17.0621990774365","18.3346696474682","17.1170357642363",".."
Comoros,"COM","Real interest rate (%)","FR.INR.RINR","8.63684255463117","10.0569625042915","9.45357655566528","5.74960926296478","7.28595029147475","9.14944315713446","2.70778302353403","..","..",".."
Comoros,"COM","Market capitalization of listed domestic companies (% of GDP)","CM.MKT.LCAP.GD.ZS","..","..","..","..","..","..","..","..","..",".."
Comoros,"COM","Stocks traded, total value (% of GDP)","CM.MKT.TRAD.GD.ZS","..","..","..","..","..","..","..","..","..",".."
Comoros,"COM","Secure Internet servers (per 1 million people)","IT.NET.SECR.P6","63.3644358340715","5.28632731088494","7.77615054627458","7.62797840773579","9.97303540552232","18.3335085201925","26.3729519005308","18.8149630697553","16.1545668960615",".."
Comoros,"COM","Fixed broadband subscriptions (per 100 people)","IT.NET.BBND.P2","0.220292527984836","0.217268052477371","0.198421441439106","0.162475940084772","0.148099575772006","0.150456993255713","0.219375008990779","0.387941019794517","..",".."
Comoros,"COM","ICT goods imports (% total goods imports)","TM.VAL.ICTG.ZS.UN","1.84","1.8","1.88","1.18","2","3.01","..","..","..",".."
Comoros,"COM","Individuals using the Internet (% of population)","IT.NET.USER.ZS","7.938300133","8.478199959","..","16.38380051","22.42040062","30.68120003","31.37409973","31.92749977","32.51750183",".."
Comoros,"COM","School enrollment, tertiary (% gross)","SE.TER.ENRR","..","18.8190281456697","..","..","..","..","..","..","..",".."
Comoros,"COM","Research and development expenditure (% of GDP)","GB.XPD.RSDV.GD.ZS","..","..","..","..","..","..","..","..","..",".."
Comoros,"COM","High-technology exports (% of manufactured exports)","TX.VAL.TECH.MF.ZS","0.230530375770608","27.3981291524228","0.172607880378736","3.03044600733887","0.574929085819981","0.206883909574449","0.307330846524193","3.13907204820087","..",".."
Comoros,"COM","GDP per person employed (constant 2021 PPP $)","SL.GDP.PCAP.EM.KD","12101.1008874528","11854.4544926302","11603.7416218137","11174.4576484191","10711.4438840008","10325.0961385362","10236.7725239683","10293.7756716506","10396.0697637574",".."
"Congo, Dem. Rep.","COD","GDP growth (annual %)","NY.GDP.MKTP.KD.ZG","0.393832798154563","4.24121047272719","6.07168870646615","0.555384294580819","0.775427992354622","6.42961005647355","9.31116944064918","8.5334898318451","6.12675551779212",".."
"Congo, Dem. Rep.","COD","Inflation, consumer prices (annual %)","FP.CPI.TOTL.ZG","2.88585107289988","..","..","..","..","..","..","..","..",".."
"Congo, Dem. Rep.","COD","Gross fixed capital formation (% of GDP)","NE.GDI.FTOT.ZS","28.2774194617476","27.5291187187835","28.6711519339602","22.2993438450818","21.8454079734967","32.558394122872","36.6831545427326","34.0755549341194","32.5422682705268",".."
"Congo, Dem. Rep.","COD","Foreign direct investment, net inflows (% of GDP)","BX.KLT.DINV.WD.GD.ZS","2.41546438746157","2.79181852942997","3.01664160584951","2.88391132652101","3.20844071096691","2.84027556004194","2.00131622839817","3.40082269757578","4.10789956662809",".."
"Congo, Dem. Rep.","COD","Domestic credit to private sector (% of GDP)","FS.AST.PRVT.GD.ZS","7.1121281512558","5.53598634132898","5.91738564865962","6.63540522970595","7.77351785936603","6.76403632346416","8.54046311411873","11.2863136949008","..",".."
"Congo, Dem. Rep.","COD","Real interest rate (%)","FR.INR.RINR","14.0221262627849","-10.7984290445672","-3.92075875738656","24.9897727890946","13.3627121400414","-3.52629476314924","..","..","..",".."
"Congo, Dem. Rep.","COD","Market capitalization of listed domestic companies (% of GDP)","CM.MKT.LCAP.GD.ZS","..","..","..","..","..","..","..","..","..",".."
"Congo, Dem. Rep.","COD","Stocks traded, total value (% of GDP)","CM.MKT.TRAD.GD.ZS","..","..","..","..","..","..","..","..","..",".."
"Congo, Dem. Rep.","COD","Secure Internet servers (per 1 million people)","IT.NET.SECR.P6","0.5955471061979","2.38851497273912","2.63194004276225","2.8295560839641","3.59412446284247","4.70000019768241","5.95720763919494","8.82883424668128","9.66358065038185",".."
"Congo, Dem. Rep.","COD","Fixed broadband subscriptions (per 100 people)","IT.NET.BBND.P2","0.0011910942123958","0.00114832450612458","0.0051306172985492","0.012802934372309","0.0322950314052512","0.0312660957356555","0.0322275167366284","0.0219936280960956","0.0320289131404702",".."
"Congo, Dem. Rep.","COD","ICT goods imports (% total goods imports)","TM.VAL.ICTG.ZS.UN","2.01","2.23","1.79","2.11","1.99","2.4","..","..","..",".."
"Congo, Dem. Rep.","COD","Individuals using the Internet (% of population)","IT.NET.USER.ZS","10.1","..","11.69999981","13.02970028","14.51049995","16.1595993","17.99620056","18.96789932","19.67350006",".."
"Congo, Dem. Rep.","COD","School enrollment, tertiary (% gross)","SE.TER.ENRR","5.9003701210022","..","..","..","6.37987995147705","..","..","..","..",".."
"Congo, Dem. Rep.","COD","Research and development expenditure (% of GDP)","GB.XPD.RSDV.GD.ZS","..","..","..","..","..","..","..","..","..",".."
"Congo, Dem. Rep.","COD","High-technology exports (% of manufactured exports)","TX.VAL.TECH.MF.ZS","0.310225164953757","0.18434368848256","0.246252589446654","0.782215715734939","0.506820617005321","0.0782346689876282","0.723158681595087","0.199611665225369","..",".."
"Congo, Dem. Rep.","COD","GDP per person employed (constant 2021 PPP $)","SL.GDP.PCAP.EM.KD","4136.28680166316","4170.70756694107","4298.48712497744","4209.39366167638","4201.78726800031","4317.43026021784","4483.15260988407","4701.6239708407","4822.00315446869",".."
"Congo, Rep.","COG","GDP growth (annual %)","NY.GDP.MKTP.KD.ZG","-8.68524343913786","-5.59477371915547","-2.30431780125842","1.12447391976529","-6.26777227963225","1.01507036990908","1.47535613247133","1.90686426346754","2.57966943921721",".."
"Congo, Rep.","COG","Inflation, consumer prices (annual %)","FP.CPI.TOTL.ZG","3.19056179723773","0.450063823285546","1.15277896375523","2.20607305781525","1.79537147083107","1.7156427545126","3.04344334698477","4.30174563591016","3.09143630919166",".."
"Congo, Rep.","COG","Gross fixed capital formation (% of GDP)","NE.GDI.FTOT.ZS","77.8214898988402","36.6644580240522","26.345781930627","26.1155301471499","23.2557304593578","22.1386763650518","20.6905597045862","24.9045198099403","26.5393398661499",".."
"Congo, Rep.","COG","Foreign direct investment, net inflows (% of GDP)","BX.KLT.DINV.WD.GD.ZS","0.46296936341342","37.3227748739474","29.2086100198947","-10.214754646531","-17.2921171034228","-2.15982873741865","3.36508336137956","4.0889721782705","3.83980276481754",".."
"Congo, Rep.","COG","Domestic credit to private sector (% of GDP)","FS.AST.PRVT.GD.ZS","17.9395649927598","15.7845144454442","13.0035781117488","12.6399762805673","15.5564368746607","13.902630970771","12.7664269281269","13.7900478506587","..",".."
"Congo, Rep.","COG","Real interest rate (%)","FR.INR.RINR","..","..","..","..","..","..","..","..","..",".."
"Congo, Rep.","COG","Market capitalization of listed domestic companies (% of GDP)","CM.MKT.LCAP.GD.ZS","..","..","..","..","..","..","..","..","..",".."
"Congo, Rep.","COG","Stocks traded, total value (% of GDP)","CM.MKT.TRAD.GD.ZS","..","..","..","..","..","..","..","..","..",".."
"Congo, Rep.","COG","Secure Internet servers (per 1 million people)","IT.NET.SECR.P6","4.40399070489892","4.48513374388503","5.83609544788203","5.87537684756121","7.99611875348852","10.1829831150865","11.7645031469217","18.5997313551845","16.5799220933146",".."
"Congo, Rep.","COG","Fixed broadband subscriptions (per 100 people)","IT.NET.BBND.P2","..","..","..","..","..","0.256899692355108","0.435883126454822","1.26798412068153","..",".."
"Congo, Rep.","COG","ICT goods imports (% total goods imports)","TM.VAL.ICTG.ZS.UN","0.57","1.47","1.37","2.25","2.63","1.55","..","..","..",".."
"Congo, Rep.","COG","Individuals using the Internet (% of population)","IT.NET.USER.ZS","8.121899605","8.649999619","11.8071003","16.11639977","21.99850082","30.02739906","40.98669815","43.15039825","47.25159836",".."
"Congo, Rep.","COG","School enrollment, tertiary (% gross)","SE.TER.ENRR","..","12.1461896896362","..","..","..","..","..","10.3812103271484","..",".."
"Congo, Rep.","COG","Research and development expenditure (% of GDP)","GB.XPD.RSDV.GD.ZS","..","..","..","..","..","..","0.38339","..","..",".."
"Congo, Rep.","COG","High-technology exports (% of manufactured exports)","TX.VAL.TECH.MF.ZS","1.15950410511852","2.00657411112222","2.52474361763104","6.34219069474197","4.54987327780387","6.53711247460385","4.32722654163177","3.15972234574724","..",".."
"Congo, Rep.","COG","GDP per person employed (constant 2021 PPP $)","SL.GDP.PCAP.EM.KD","25424.1927167189","23566.2991831936","22486.3883836695","22069.2879812779","21607.6987225482","20957.553893758","19464.936072741","19202.4014720953","19097.9950548019",".."
Costa Rica,"CRI","GDP growth (annual %)","NY.GDP.MKTP.KD.ZG","4.20432325175899","4.1576989627609","2.6159044043379","2.41751181762513","-4.27335432161462","7.93576224743147","4.55149177958398","5.11192183224598","4.32122429646145",".."
Costa Rica,"CRI","Inflation, consumer prices (annual %)","FP.CPI.TOTL.ZG","-0.0174788505908217","1.62590692991731","2.2211146152658","2.09604635327807","0.724911478131375","1.72647755109241","8.27477490232654","0.525193508693455","-0.412853001047069",".."
Costa Rica,"CRI","Gross fixed capital formation (% of GDP)","NE.GDI.FTOT.ZS","18.8245430063268","18.1777606896189","18.2028667597056","16.2541664771702","16.1681534980596","16.8662904144554","16.9503668523823","16.1793973267178","15.8255239777781",".."
Costa Rica,"CRI","Foreign direct investment, net inflows (% of GDP)","BX.KLT.DINV.WD.GD.ZS","4.45296211770326","4.83327522078441","4.829438721344","4.22094016659811","3.37043523313038","5.53072986406838","5.4175310653788","5.4191807109794","5.55680052586902",".."
Costa Rica,"CRI","Domestic credit to private sector (% of GDP)","FS.AST.PRVT.GD.ZS","58.638053772552","59.6859060134447","60.304459465327","56.1781065050745","60.1355330868076","56.589569581111","52.6621990605343","51.1196932765603","51.961123719959",".."
Costa Rica,"CRI","Real interest rate (%)","FR.INR.RINR","9.49388346148549","8.26983032730677","8.73920721920776","6.02471556816459","5.82052018289417","3.06530709358031","1.01661806501086","9.19254167495133","7.28433911155081",".."
Costa Rica,"CRI","Market capitalization of listed domestic companies (% of GDP)","CM.MKT.LCAP.GD.ZS","4.95827999336993","4.9751433972405","3.84670562842237","3.4421455821892","3.04713741373833","3.14199075969613","3.22348803495399","..","..",".."
Costa Rica,"CRI","Stocks traded, total value (% of GDP)","CM.MKT.TRAD.GD.ZS","0.0611075976974374","0.0914963962272671","0.0740626046186638","0.0568167083717612","0.0485290545779668","0.0497377448217014","0.0631249437774248","..","..",".."
Costa Rica,"CRI","Secure Internet servers (per 1 million people)","IT.NET.SECR.P6","493.117112437687","1170.11864217389","1216.05916151016","1322.91826889324","1335.23494732158","1720.95269791154","1892.8462847062","1956.70376699752","1999.84015314109",".."
Costa Rica,"CRI","Fixed broadband subscriptions (per 100 people)","IT.NET.BBND.P2","13.131030668186","15.1437857826005","16.8377298238862","18.0962978090241","19.7191477697087","20.9242986347003","21.7575979999075","22.5231293549635","23.287699004466",".."
Costa Rica,"CRI","ICT goods imports (% total goods imports)","TM.VAL.ICTG.ZS.UN","7.2","7.48","7.64","7.53","8.1","7.11","..","..","..",".."
Costa Rica,"CRI","Individuals using the Internet (% of population)","IT.NET.USER.ZS","65.8804491942718","71.5816646195022","73.4797284369906","81.2025964435269","80.53018608","82.74901607","82.59801121","85.39514799","87.17019653",".."
Costa Rica,"CRI","School enrollment, tertiary (% gross)","SE.TER.ENRR","51.6516418457031","54.4492301940918","52.6140899658203","55.0202903747559","..","..","..","..","..",".."
Costa Rica,"CRI","Research and development expenditure (% of GDP)","GB.XPD.RSDV.GD.ZS","0.44335","0.42587","0.37144","..","0.33002","0.27385","0.33789","0.33738","..",".."
Costa Rica,"CRI","High-technology exports (% of manufactured exports)","TX.VAL.TECH.MF.ZS","18.4424705219172","18.4952181840988","18.4668840173132","17.5649349958823","15.681961032421","16.9670005542705","21.9748960011818","24.177789153066","22.8587994049653",".."
Costa Rica,"CRI","GDP per person employed (constant 2021 PPP $)","SL.GDP.PCAP.EM.KD","51317.4677570728","52358.3007401609","51737.9712455385","51683.9007198684","55308.7730275096","57095.781989617","56811.3963511751","61814.243311733","61875.0231438471",".."
Cote d'Ivoire,"CIV","GDP growth (annual %)","NY.GDP.MKTP.KD.ZG","7.17275963956332","7.41076242592504","4.84314605889178","6.72137167584978","0.699728593494228","7.06332910205232","6.39988362720531","6.60000045223954","6.01953461940062",".."
Cote d'Ivoire,"CIV","Inflation, consumer prices (annual %)","FP.CPI.TOTL.ZG","0.723178457513308","0.685881065304603","0.401297817263547","0.79085551205366","2.41252617189052","4.15919657911797","5.23352856100842","4.36972254867474","3.45053028131018",".."
Cote d'Ivoire,"CIV","Gross fixed capital formation (% of GDP)","NE.GDI.FTOT.ZS","23.2965012963668","21.9109187509615","22.4665503582512","22.1766481096146","20.344763141247","21.0571796036942","22.2895218676818","20.602742584353","19.7219893709546",".."
Cote d'Ivoire,"CIV","Foreign direct investment, net inflows (% of GDP)","BX.KLT.DINV.WD.GD.ZS","1.19375800859004","1.85673486381973","1.05998699614336","1.40583048179048","1.13111245703154","1.91282655892028","2.2547265327193","3.07641433618414","3.58346670744132",".."
Cote d'Ivoire,"CIV","Domestic credit to private sector (% of GDP)","FS.AST.PRVT.GD.ZS","..","..","..","..","..","..","..","..","..",".."
Cote d'Ivoire,"CIV","Real interest rate (%)","FR.INR.RINR","6.55213666931005","..","..","..","..","..","..","..","..",".."
Cote d'Ivoire,"CIV","Market capitalization of listed domestic companies (% of GDP)","CM.MKT.LCAP.GD.ZS","25.5406546882353","23.7766952486201","14.4445573479576","13.4146102809389","11.6319843905098","..","..","..","..",".."
Cote d'Ivoire,"CIV","Stocks traded, total value (% of GDP)","CM.MKT.TRAD.GD.ZS","..","..","..","0.249723039539215","0.268294083446005","..","..","..","..",".."
Cote d'Ivoire,"CIV","Secure Internet servers (per 1 million people)","IT.NET.SECR.P6","5.54071938160954","7.93016309352969","10.6320332310753","40.612905135454","51.6332981721985","56.4444973464001","65.8331919175396","63.4352162159023","60.7498599465213",".."
Cote d'Ivoire,"CIV","Fixed broadband subscriptions (per 100 people)","IT.NET.BBND.P2","0.524752298099937","0.534257331996876","0.640536308885034","0.768711846259475","0.903911262107671","1.13037781443128","1.25179133069312","1.36336622359986","1.60153227430253",".."
Cote d'Ivoire,"CIV","ICT goods imports (% total goods imports)","TM.VAL.ICTG.ZS.UN","4.16","3.12","3.19","3.47","2.77","..","..","..","..",".."
Cote d'Ivoire,"CIV","Individuals using the Internet (% of population)","IT.NET.USER.ZS","41.2078149304414","43.8399208514876","37.5465361301281","36.2889545655205","36.01660156","35.95069885","38.41328122","40.65284979","41.43219902",".."
Cote d'Ivoire,"CIV","School enrollment, tertiary (% gross)","SE.TER.ENRR","8.89557845705252","9.52488768872621","..","10.3256981639741","10.2664091345849","10.7725833415282","11.1134926507622","11.5724272130065","12.3354902267456",".."
Cote d'Ivoire,"CIV","Research and development expenditure (% of GDP)","GB.XPD.RSDV.GD.ZS","0.06975","..","..","..","..","..","..","..","..",".."
Cote d'Ivoire,"CIV","High-technology exports (% of manufactured exports)","TX.VAL.TECH.MF.ZS","8.59367223098391","7.01554066796367","6.55999280073843","11.2315188507649","5.11294024947147","3.86336645370502","3.55657032872416","4.41310726011773","5.25759412069948",".."
Cote d'Ivoire,"CIV","GDP per person employed (constant 2021 PPP $)","SL.GDP.PCAP.EM.KD","14077.1274275355","15083.6351340213","15487.8189080678","16182.2996411821","15835.3594569968","16154.729364062","16390.3109715642","16924.8539357154","17398.987858472",".."
Croatia,"HRV","GDP growth (annual %)","NY.GDP.MKTP.KD.ZG","3.46646114288178","3.28396321643012","2.91107593407843","3.10152683894853","-8.31086401501189","12.6322190351024","7.29445343642668","3.76164540703459","3.82688702890739",".."
Croatia,"HRV","Inflation, consumer prices (annual %)","FP.CPI.TOTL.ZG","-1.12500000000002","1.12937210282347","1.50012501041756","0.771820346498019","0.154811374562106","2.55450699642041","10.7805806758686","7.9412817758683","2.97200477643618",".."
Croatia,"HRV","Gross fixed capital formation (% of GDP)","NE.GDI.FTOT.ZS","19.5583172462549","19.4723152178163","19.9769644572898","21.9107647969988","22.3539106538489","20.9487974846062","21.66300488516","24.7461300792411","25.2027496420771",".."
Croatia,"HRV","Foreign direct investment, net inflows (% of GDP)","BX.KLT.DINV.WD.GD.ZS","2.99037748818897","3.24019258507582","2.66912322417943","6.47286243805983","2.53925892567448","7.42754516764421","5.51626974323097","3.90300483680134","4.87780112464328",".."
Croatia,"HRV","Domestic credit to private sector (% of GDP)","FS.AST.PRVT.GD.ZS","58.9918174775171","55.9835191050696","54.2738253140054","52.9254641849064","59.1478598534047","52.8751591525322","50.5435072421278","46.4398333335074","46.8609410119769",".."
Croatia,"HRV","Real interest rate (%)","FR.INR.RINR","..","..","..","..","..","..","..","..","..",".."
Croatia,"HRV","Market capitalization of listed domestic companies (% of GDP)","CM.MKT.LCAP.GD.ZS","38.329603534201","40.5191750073822","33.4585117412344","36.5372669414508","38.3541235478542","30.4100300769825","27.1579225957704","29.6109319931274","29.9157239325906",".."
Croatia,"HRV","Stocks traded, total value (% of GDP)","CM.MKT.TRAD.GD.ZS","0.603543570107596","0.769474464879452","0.400905331453449","0.534451803609719","0.64332471797281","0.379595683973992","0.342207839637553","0.345801956915273","0.3045368855055",".."
Croatia,"HRV","Secure Internet servers (per 1 million people)","IT.NET.SECR.P6","1752.91773510075","14908.4217451991","20040.4886211932","23423.1109107989","23114.2663416284","25479.3720309535","29826.9470627582","29421.5643448716","29458.6415601883",".."
Croatia,"HRV","Fixed broadband subscriptions (per 100 people)","IT.NET.BBND.P2","25.2341141328155","26.865096097274","28.0156020023514","28.9682951804841","26.0744550144438","26.7157501000099","27.6606739600213","28.4709561519529","29.5997367962687",".."
Croatia,"HRV","ICT goods imports (% total goods imports)","TM.VAL.ICTG.ZS.UN","5.05","5.03","4.81","4.89","5.23","4.69","3.55","..","..",".."
Croatia,"HRV","Individuals using the Internet (% of population)","IT.NET.USER.ZS","72.6972696701463","67.0961920368478","75.2946259897258","79.0797836757554","78.32090004","81.25396608","82.07155532","83.24117599","83.63240029",".."
Croatia,"HRV","School enrollment, tertiary (% gross)","SE.TER.ENRR","69.5889511108398","71.3775863647461","72.8625411987305","74.0501174926758","74.738037109375","78.0067901611328","80.7626724243164","81.1775207519531","..",".."
Croatia,"HRV","Research and development expenditure (% of GDP)","GB.XPD.RSDV.GD.ZS","0.84569","0.84354","0.94608","1.07723","1.23536","1.24187","1.41896","1.38621","..",".."
Croatia,"HRV","High-technology exports (% of manufactured exports)","TX.VAL.TECH.MF.ZS","14.4016994474882","8.73810136016396","8.83753101502131","8.28927083536396","9.68004103299381","9.60673351412275","12.0638540428638","11.0335908814715","11.6739199311189",".."
Croatia,"HRV","GDP per person employed (constant 2021 PPP $)","SL.GDP.PCAP.EM.KD","81081.3330004904","82867.6326260322","84548.9230538064","86452.7828040296","80464.4679536374","89589.3644358141","95065.0183013692","98096.7269431501","100036.093723699",".."
Cuba,"CUB","GDP growth (annual %)","NY.GDP.MKTP.KD.ZG","0.512843095700745","1.80979178380274","2.24794852913217","-0.163087223606624","-10.9494359030206","1.25448735650322","1.77465227724316","-1.92937123169681","-1.06173273220524",".."
Cuba,"CUB","Inflation, consumer prices (annual %)","FP.CPI.TOTL.ZG","..","..","..","..","..","..","..","..","..",".."
Cuba,"CUB","Gross fixed capital formation (% of GDP)","NE.GDI.FTOT.ZS","8.81138673345027","9.87499828821489","11.447272231419","11.211707513275","9.81444220880841","10.4992865239225","11.4853583912632","12.8563762112359","12.7563522251456",".."
Cuba,"CUB","Foreign direct investment, net inflows (% of GDP)","BX.KLT.DINV.WD.GD.ZS","..","..","..","..","..","..","..","..","..",".."
Cuba,"CUB","Domestic credit to private sector (% of GDP)","FS.AST.PRVT.GD.ZS","..","..","..","..","..","..","..","..","..",".."
Cuba,"CUB","Real interest rate (%)","FR.INR.RINR","..","..","..","..","..","..","..","..","..",".."
Cuba,"CUB","Market capitalization of listed domestic companies (% of GDP)","CM.MKT.LCAP.GD.ZS","..","..","..","..","..","..","..","..","..",".."
Cuba,"CUB","Stocks traded, total value (% of GDP)","CM.MKT.TRAD.GD.ZS","..","..","..","..","..","..","..","..","..",".."
Cuba,"CUB","Secure Internet servers (per 1 million people)","IT.NET.SECR.P6","2.84050258432476","8.53498039488331","16.210749722235","35.7944757965967","69.3428286183491","108.701828636287","141.322372335174","169.329553878332","192.535681260732",".."
Cuba,"CUB","Fixed broadband subscriptions (per 100 people)","IT.NET.BBND.P2","0.128071160270743","0.298155315127924","0.880350593981465","1.6311212347291","2.07271530590388","2.67322881654008","2.89200005063374","2.97118012807884","3.08297531927544",".."
Cuba,"CUB","ICT goods imports (% total goods imports)","TM.VAL.ICTG.ZS.UN","..","..","..","..","..","..","..","..","..",".."
Cuba,"CUB","Individuals using the Internet (% of population)","IT.NET.USER.ZS","42.9786751910106","57.1484043170788","62.6789236230601","67.9708086565152","71.11907507","67.64354869","67.88410187","69.55580139","70.47699738",".."
Cuba,"CUB","School enrollment, tertiary (% gross)","SE.TER.ENRR","35.0523986816406","41.1702416547293","42.3506387045364","44.7791807576091","46.7357262964117","51.8885571735926","..","49.7285704304293","43.1040700506779",".."
Cuba,"CUB","Research and development expenditure (% of GDP)","GB.XPD.RSDV.GD.ZS","0.34223","0.43066","0.53691","0.55308","0.51838","0.32282","0.36032","0.39213","0.43839",".."
Cuba,"CUB","High-technology exports (% of manufactured exports)","TX.VAL.TECH.MF.ZS","35.0033320156303","21.1108836158782","11.4989160660893","17.416999745281","9.82889880376058","70.086566034141","7.87558913182664","..","..",".."
Cuba,"CUB","GDP per person employed (constant 2021 PPP $)","SL.GDP.PCAP.EM.KD","..","..","..","..","..","..","..","..","..",".."
Curacao,"CUW","GDP growth (annual %)","NY.GDP.MKTP.KD.ZG","-1.06770769957464","-1.27620931537493","-2.10411142994484","-3.20613171902549","-18.4384703505393","4.18371193053579","6.90599999999999","4.20199999999977","5.02690000000014",".."
Curacao,"CUW","Inflation, consumer prices (annual %)","FP.CPI.TOTL.ZG","-0.0472079848940292","1.58558801700344","2.58368756641813","2.62220783425058","..","..","..","..","..",".."
Curacao,"CUW","Gross fixed capital formation (% of GDP)","NE.GDI.FTOT.ZS","29.2656594792158","28.7264158053681","34.0473569436101","..","..","..","..","..","..",".."
Curacao,"CUW","Foreign direct investment, net inflows (% of GDP)","BX.KLT.DINV.WD.GD.ZS","4.39991505278562","5.69261131262937","4.16644113125828","6.71586643004897","6.14534824657672","6.23861045205909","5.71077944316966","4.16291089883125","4.347105970852",".."
Curacao,"CUW","Domestic credit to private sector (% of GDP)","FS.AST.PRVT.GD.ZS","..","..","..","..","..","..","..","..","..",".."
Curacao,"CUW","Real interest rate (%)","FR.INR.RINR","..","..","..","..","..","..","..","..","..",".."
Curacao,"CUW","Market capitalization of listed domestic companies (% of GDP)","CM.MKT.LCAP.GD.ZS","..","..","..","..","..","..","..","..","..",".."
Curacao,"CUW","Stocks traded, total value (% of GDP)","CM.MKT.TRAD.GD.ZS","..","..","..","..","..","..","..","..","..",".."
Curacao,"CUW","Secure Internet servers (per 1 million people)","IT.NET.SECR.P6","2912.36596853392","3165.28796628687","3797.00758146307","4109.47593066609","4727.23530698087","4897.75768441292","4956.92044794907","4597.35926649165","5071.58565594004",".."
Curacao,"CUW","Fixed broadband subscriptions (per 100 people)","IT.NET.BBND.P2","25.4574388194204","29.2838662204182","28.546725189032","28.1186854697879","31.5936827768109","32.5704880878504","32.9115972915374","31.5126707545287","..",".."
Curacao,"CUW","ICT goods imports (% total goods imports)","TM.VAL.ICTG.ZS.UN","..","..","..","..","..","..","..","..","..",".."
Curacao,"CUW","Individuals using the Internet (% of population)","IT.NET.USER.ZS","61.855510740634","68.1272162511339","..","..","..","..","..","..","..",".."
Curacao,"CUW","School enrollment, tertiary (% gross)","SE.TER.ENRR","..","..","..","..","..","..","..","..","..",".."
Curacao,"CUW","Research and development expenditure (% of GDP)","GB.XPD.RSDV.GD.ZS","..","..","..","..","..","..","..","..","..",".."
Curacao,"CUW","High-technology exports (% of manufactured exports)","TX.VAL.TECH.MF.ZS","..","..","..","..","..","..","..","..","..",".."
Curacao,"CUW","GDP per person employed (constant 2021 PPP $)","SL.GDP.PCAP.EM.KD","..","..","..","..","..","..","..","..","..",".."
Cyprus,"CYP","GDP growth (annual %)","NY.GDP.MKTP.KD.ZG","6.57359080924678","5.75083236554525","6.27166360056404","5.87559583386607","-3.22063018637567","11.3975590801512","8.27372597293814","3.61945644636856","3.94077381708404",".."
Cyprus,"CYP","Inflation, consumer prices (annual %)","FP.CPI.TOTL.ZG","-1.42916666666665","0.531766496174467","1.43549119531759","0.250370996758493","-0.638422797978958","2.44608867175474","8.39548297993334","3.54134188751663","1.80023018624815",".."
Cyprus,"CYP","Gross fixed capital formation (% of GDP)","NE.GDI.FTOT.ZS","18.0346280830739","20.7947375308198","18.5806193226431","18.6839206808435","20.8183845649063","19.2171328479755","20.365352478474","21.9867225271435","20.5485311273581",".."
Cyprus,"CYP","Foreign direct investment, net inflows (% of GDP)","BX.KLT.DINV.WD.GD.ZS","15.8272269765313","184.054282581805","307.086731038445","431.788470101997","-296.013199232631","21.8171172987561","0.172623612662826","-63.1546692723109","-133.824278977736",".."
Cyprus,"CYP","Domestic credit to private sector (% of GDP)","FS.AST.PRVT.GD.ZS","216.242757371797","191.783932232274","135.318599181494","106.684140672815","106.473520309929","87.3952443793853","70.8069403957086","60.571861381716","56.6577631532363",".."
Cyprus,"CYP","Real interest rate (%)","FR.INR.RINR","..","..","..","..","..","..","..","..","..",".."
Cyprus,"CYP","Market capitalization of listed domestic companies (% of GDP)","CM.MKT.LCAP.GD.ZS","11.9323284463061","12.2998458851113","12.8659230568173","16.3565463641626","18.3648709206791","18.6087858490966","20.9259140679469","29.5937407407807","29.0384363308674",".."
Cyprus,"CYP","Stocks traded, total value (% of GDP)","CM.MKT.TRAD.GD.ZS","0.352701590887916","0.301251828464974","0.216510045193477","0.213843996975495","0.152494059392576","0.0943283087655331","0.148151522602209","0.24669694756229","0.407604363384026",".."
Cyprus,"CYP","Secure Internet servers (per 1 million people)","IT.NET.SECR.P6","4304.3798782972","16331.3467939646","5963.46844390303","7658.52342984337","23168.4158228047","55321.8720892365","58909.2438615862","557174.254410488","221297.933713323",".."
Cyprus,"CYP","Fixed broadband subscriptions (per 100 people)","IT.NET.BBND.P2","32.0132199103345","33.6542226269064","35.2355650415637","36.1884973404255","36.3127392017496","36.6502473650247","36.7656727425982","36.9005587748344","37.5627069536424",".."
Cyprus,"CYP","ICT goods imports (% total goods imports)","TM.VAL.ICTG.ZS.UN","3.55","3.44","3.5","4.07","4.54","4.75","3.81","..","..",".."
Cyprus,"CYP","Individuals using the Internet (% of population)","IT.NET.USER.ZS","75.9002054030125","80.743188971932","84.4335825186889","86.0636299618935","90.80194644","90.75951564","89.60099194","91.22110357","89.60099246",".."
Cyprus,"CYP","School enrollment, tertiary (% gross)","SE.TER.ENRR","68.3754730224609","79.827522277832","86.5899276733398","93.9260711669922","102.390762329102","106.362930297852","105.384979248047","107.26212310791","120.87727355957",".."
Cyprus,"CYP","Research and development expenditure (% of GDP)","GB.XPD.RSDV.GD.ZS","0.5197","0.54259","0.61032","0.70269","0.82581","0.77686","0.70468","0.68145","..",".."
Cyprus,"CYP","High-technology exports (% of manufactured exports)","TX.VAL.TECH.MF.ZS","13.3285149968646","13.3499611387371","19.8567940881369","19.874215891301","12.2448277312995","15.9690026786633","17.6595981229011","18.7419533928829","18.0329234506901",".."
Cyprus,"CYP","GDP per person employed (constant 2021 PPP $)","SL.GDP.PCAP.EM.KD","59361.3995637175","60040.2114661779","60210.1129871792","61358.8473142048","59408.921468606","64554.1043680986","67503.2800923234","68217.9340825192","70318.1942468984",".."
Czechia,"CZE","GDP growth (annual %)","NY.GDP.MKTP.KD.ZG","2.58087013921376","5.17356529967881","2.83030588267866","3.56577658128261","-5.30487955463876","4.02901832055149","2.8471706583814","0.0475803308973752","1.23308611983484",".."
Czechia,"CZE","Inflation, consumer prices (annual %)","FP.CPI.TOTL.ZG","0.683504209385702","2.4505339846014","2.14949494949492","2.84787595918041","3.1612952849781","3.83984491500146","15.100165146837","10.6612601372427","2.43531202435314",".."
Czechia,"CZE","Gross fixed capital formation (% of GDP)","NE.GDI.FTOT.ZS","24.3093476604522","23.7274064051355","24.8456610600914","25.7720455320028","25.5353602874792","26.2369575229222","27.6877651111963","27.9408667883867","26.4879424582154",".."
Czechia,"CZE","Foreign direct investment, net inflows (% of GDP)","BX.KLT.DINV.WD.GD.ZS","5.47566421423918","5.07066240955503","3.30353998283407","4.18705737619001","3.39114066226469","4.43029524586196","3.02937517288668","3.4462419046487","3.76083530894919",".."
Czechia,"CZE","Domestic credit to private sector (% of GDP)","FS.AST.PRVT.GD.ZS","50.5721831167678","50.2324425641548","50.7185195587911","49.4401047128065","51.9829906329751","52.0361206166061","48.6347695390782","47.7195252266584","48.0273753411926",".."
Czechia,"CZE","Real interest rate (%)","FR.INR.RINR","2.38051334351634","1.87456261929575","0.708328255014696","-0.1495413565176","-1.12128534113106","-0.800024636625989","-4.09132848148826","-3.60514836252152","0.776963848316288",".."
Czechia,"CZE","Market capitalization of listed domestic companies (% of GDP)","CM.MKT.LCAP.GD.ZS","..","..","10.6995505413117","10.2467653377075","10.598397503362","12.8772452312801","9.54471813927969","10.044989494838","9.9762886985348",".."
Czechia,"CZE","Stocks traded, total value (% of GDP)","CM.MKT.TRAD.GD.ZS","..","..","2.04740730409205","1.49169641110203","1.68408494912254","1.72249140573786","1.87360997447897","1.35072147269252","1.04036761392615",".."
Czechia,"CZE","Secure Internet servers (per 1 million people)","IT.NET.SECR.P6","11991.389254095","25419.9420488373","42344.5953726121","56186.8725912141","67601.7572863652","75932.7348813586","85606.0624517083","80152.0281309664","79335.8806598204",".."
Czechia,"CZE","Fixed broadband subscriptions (per 100 people)","IT.NET.BBND.P2","29.14911847267","29.8452606888193","30.5512773467128","35.4302064212035","36.4490898642092","37.4984794433561","37.7136856539825","37.9099783935119","38.8656371139002",".."
Czechia,"CZE","ICT goods imports (% total goods imports)","TM.VAL.ICTG.ZS.UN","14.24","15.33","16.33","17.39","20.1","16.93","16.72","..","..",".."
Czechia,"CZE","Individuals using the Internet (% of population)","IT.NET.USER.ZS","76.4811986951838","78.7191728513432","80.6881675434288","80.8669444139622","81.33889705","82.67062427","84.54009378","85.99404818","87.68776014",".."
Czechia,"CZE","School enrollment, tertiary (% gross)","SE.TER.ENRR","67.5056381225586","67.7142181396484","66.7902221679688","66.8802185058594","67.1843719482422","69.8369293212891","70.8145904541016","66.7282867431641","..",".."
Czechia,"CZE","Research and development expenditure (% of GDP)","GB.XPD.RSDV.GD.ZS","1.65411","1.74513","1.87652","1.89547","1.94537","1.93302","1.89089","1.83369","..",".."
Czechia,"CZE","High-technology exports (% of manufactured exports)","TX.VAL.TECH.MF.ZS","16.8728021438796","17.8292568189487","19.5549977904499","20.7104130233292","22.58251525965","20.3560909262553","21.8353618959526","20.302723987427","22.4045215279558",".."
Czechia,"CZE","GDP per person employed (constant 2021 PPP $)","SL.GDP.PCAP.EM.KD","88651.4149977514","91774.5906092001","93149.9384930324","96427.3835750095","92703.3335731518","98551.0843875464","98358.3388438324","95792.8354094171","96011.8930320909",".."
Denmark,"DNK","GDP growth (annual %)","NY.GDP.MKTP.KD.ZG","3.07304549209093","3.05647723922718","1.8600074900921","1.71140093932736","-1.78010601831291","6.50025445756295","0.443832614908331","0.604587766175584","3.47783593140312",".."
Denmark,"DNK","Inflation, consumer prices (annual %)","FP.CPI.TOTL.ZG","0.250000000000031","1.14713216957601","0.813609467455631","0.75813157251162","0.420711974110024","1.85304543989689","7.69656699889259","3.30517811237605","1.37220049768925",".."
Denmark,"DNK","Gross fixed capital formation (% of GDP)","NE.GDI.FTOT.ZS","20.9848820610106","21.2303828701723","21.7629454283236","21.3534089903591","22.1844244807288","23.206237827405","23.0897420855077","23.5305356705048","23.3320384051141",".."
Denmark,"DNK","Foreign direct investment, net inflows (% of GDP)","BX.KLT.DINV.WD.GD.ZS","2.49983169836595","1.08780490285886","2.46670057625106","-1.10067098319484","0.363874538682217","4.18538817542322","6.9048667972729","2.0346382929142","4.29658848924698",".."
Denmark,"DNK","Domestic credit to private sector (% of GDP)","FS.AST.PRVT.GD.ZS","167.059346282627","162.056089653455","161.960223775062","161.898678914292","163.53675512979","155.229321090433","143.406000566119","147.482098497207","144.062236896793",".."
Denmark,"DNK","Real interest rate (%)","FR.INR.RINR","..","..","..","..","..","..","..","..","..",".."
Denmark,"DNK","Market capitalization of listed domestic companies (% of GDP)","CM.MKT.LCAP.GD.ZS","..","..","..","..","..","..","..","..","..",".."
Denmark,"DNK","Stocks traded, total value (% of GDP)","CM.MKT.TRAD.GD.ZS","..","..","..","..","..","..","..","..","..",".."
Denmark,"DNK","Secure Internet servers (per 1 million people)","IT.NET.SECR.P6","24041.3337267218","43757.82743392","123154.440492982","277330.575592896","277081.814259482","259654.486554193","258760.024712703","261262.408036924","246545.586810222",".."
Denmark,"DNK","Fixed broadband subscriptions (per 100 people)","IT.NET.BBND.P2","42.9699132415221","43.5697797531659","43.7690892923223","43.6229516711158","44.4185659681079","44.9598379722906","44.8863644064006","44.0352069959396","43.3933280824544",".."
Denmark,"DNK","ICT goods imports (% total goods imports)","TM.VAL.ICTG.ZS.UN","7.72","7.57","7.01","7.39","8.42","7.41","6.89","..","..",".."
Denmark,"DNK","Individuals using the Internet (% of population)","IT.NET.USER.ZS","96.9677852516645","97.0993621555621","97.3192043651002","98.0464347521549","96.54914573","98.8658506","97.86011812","98.77559197","99.76915157",".."
Denmark,"DNK","School enrollment, tertiary (% gross)","SE.TER.ENRR","82.1714935302734","81.3220062255859","81.1405487060547","81.6945877075195","82.6643295288086","83.982292175293","84.5866088867188","81.2308197021484","78.9604110717773",".."
Denmark,"DNK","Research and development expenditure (% of GDP)","GB.XPD.RSDV.GD.ZS","3.10209","2.93576","2.97895","2.90605","2.96533","2.74323","2.86709","3.04841","..",".."
Denmark,"DNK","High-technology exports (% of manufactured exports)","TX.VAL.TECH.MF.ZS","14.8833242354843","12.4279222825429","12.3547301877073","12.039996737934","13.2343925466707","13.9247982031326","15.988289228272","17.1321575837404","17.6194498489345",".."
Denmark,"DNK","GDP per person employed (constant 2021 PPP $)","SL.GDP.PCAP.EM.KD","132115.429451738","134703.772790156","135156.210076888","135435.78445924","133966.215233943","139792.042898258","136344.043441769","136292.369312567","137639.68530386",".."
Djibouti,"DJI","GDP growth (annual %)","NY.GDP.MKTP.KD.ZG","7.1234323372872","5.458091517212","4.77433934943193","5.54508081154978","1.2021151728969","4.40715667561153","5.16653702854374","6.80733529403308","6.98048467276334",".."
Djibouti,"DJI","Inflation, consumer prices (annual %)","FP.CPI.TOTL.ZG","2.40252905434889","0.57728572456066","0.138836400011405","3.31763203299602","1.77900535643955","1.18086783934059","5.17222088647605","1.44905087029085","2.1120116728497",".."
Djibouti,"DJI","Gross fixed capital formation (% of GDP)","NE.GDI.FTOT.ZS","27.7228772325212","26.1120682606879","28.4937586770341","29.7952101352966","30.0681931461676","29.6579987966534","28.9763142279811","24.6459078336045","24.1649469069389",".."
Djibouti,"DJI","Foreign direct investment, net inflows (% of GDP)","BX.KLT.DINV.WD.GD.ZS","6.1420623506391","5.97013597143086","5.83497725047345","5.66550441566635","5.03254315668511","4.91482788768696","5.24930012962196","3.51446231641349","1.63337101411676",".."
Djibouti,"DJI","Domestic credit to private sector (% of GDP)","FS.AST.PRVT.GD.ZS","20.4371265619881","21.1727542584921","21.6332373941692","22.3514833157846","21.153639250123","18.5968581486669","19.8343292529775","21.8231301046989","23.1025276600186",".."
Djibouti,"DJI","Real interest rate (%)","FR.INR.RINR","..","..","..","..","..","..","..","..","..",".."
Djibouti,"DJI","Market capitalization of listed domestic companies (% of GDP)","CM.MKT.LCAP.GD.ZS","..","..","..","..","..","..","..","..","..",".."
Djibouti,"DJI","Stocks traded, total value (% of GDP)","CM.MKT.TRAD.GD.ZS","..","..","..","..","..","..","..","..","..",".."
Djibouti,"DJI","Secure Internet servers (per 1 million people)","IT.NET.SECR.P6","10.6008463330227","19.9082136549489","33.5857864951552","40.4148399618263","44.3363482050113","46.3768943177602","55.4042930412208","63.3161714706005","114.655153235757",".."
Djibouti,"DJI","Fixed broadband subscriptions (per 100 people)","IT.NET.BBND.P2","2.33941404303751","2.31210201347881","2.3797395608845","2.24265621024535","2.26685414608193","1.39112845686235","1.41245769926198","1.47205761945073","..",".."
Djibouti,"DJI","ICT goods imports (% total goods imports)","TM.VAL.ICTG.ZS.UN","..","..","..","..","..","..","..","..","..",".."
Djibouti,"DJI","Individuals using the Internet (% of population)","IT.NET.USER.ZS","30.79999924","55.6814092453962","57.06169891","58.4762001","59.92570114","61.41120148","63.77600098","64.75869751","65.29889679",".."
Djibouti,"DJI","School enrollment, tertiary (% gross)","SE.TER.ENRR","..","..","..","..","..","..","..","..","..",".."
Djibouti,"DJI","Research and development expenditure (% of GDP)","GB.XPD.RSDV.GD.ZS","..","..","..","..","..","..","..","..","..",".."
Djibouti,"DJI","High-technology exports (% of manufactured exports)","TX.VAL.TECH.MF.ZS","..","..","..","..","..","2.62827621175548","3.02417742085029","3.27550022198031","..",".."
Djibouti,"DJI","GDP per person employed (constant 2021 PPP $)","SL.GDP.PCAP.EM.KD","32714.9835040235","33826.0113996112","34780.2619605126","36028.1984185206","36783.9893260954","37279.4933517092","37686.2129965431","39356.2022795424","41264.4546568382",".."
Dominica,"DMA","GDP growth (annual %)","NY.GDP.MKTP.KD.ZG","1.44724556489263","-7.5443637547282","2.964010610466","3.94809757938053","-15.7064024545862","5.37983838954712","10.3968076616121","3.65221012208734","2.052738472526",".."
Dominica,"DMA","Inflation, consumer prices (annual %)","FP.CPI.TOTL.ZG","0.141816225732312","0.296252889279486","0.989191119189889","1.50462353858141","1.22026442242476","2.22891330700343","2.88490226829353","5.08677483158111","2.56921890367725",".."
Dominica,"DMA","Gross fixed capital formation (% of GDP)","NE.GDI.FTOT.ZS","..","..","..","..","..","..","..","..","..",".."
Dominica,"DMA","Foreign direct investment, net inflows (% of GDP)","BX.KLT.DINV.WD.GD.ZS","6.89801855079428","4.02538103514499","12.4606230458607","9.78484788732394","4.31749235024332","5.0343144105378","2.71598643499556","7.2826833844529","8.70431929375585",".."
Dominica,"DMA","Domestic credit to private sector (% of GDP)","FS.AST.PRVT.GD.ZS","44.1506480003869","47.2243698473433","41.653873816514","38.3560218453579","50.7542625074397","49.3802060716119","45.8489422030946","41.7730066174571","39.3862299594619",".."
Dominica,"DMA","Real interest rate (%)","FR.INR.RINR","4.54991650114637","8.67554088047496","-0.457770450674691","9.00700479809524","9.75369748348236","5.25737094850956","6.25878110064677","3.76764114160115","3.36937431731501",".."
Dominica,"DMA","Market capitalization of listed domestic companies (% of GDP)","CM.MKT.LCAP.GD.ZS","..","..","..","..","..","..","..","..","..",".."
Dominica,"DMA","Stocks traded, total value (% of GDP)","CM.MKT.TRAD.GD.ZS","..","..","..","..","..","..","..","..","..",".."
Dominica,"DMA","Secure Internet servers (per 1 million people)","IT.NET.SECR.P6","5488.03264086429","7270.49754730203","6967.46560272245","10385.975250442","49990.3807733858","55117.4072200232","59198.5155478407","66516.3133363404","62865.3424967903",".."
Dominica,"DMA","Fixed broadband subscriptions (per 100 people)","IT.NET.BBND.P2","22.2495187196506","22.5166433076384","16.8891366209992","22.3998232174425","27.0611042872153","20.9562215410256","20.86014425523","..","..",".."
Dominica,"DMA","ICT goods imports (% total goods imports)","TM.VAL.ICTG.ZS.UN","..","..","..","..","..","..","..","..","..",".."
Dominica,"DMA","Individuals using the Internet (% of population)","IT.NET.USER.ZS","67.02999878","69.61969757","..","73.38200378","75.65670013","78.07949829","80.57980347","81.33650208","82.04689789",".."
Dominica,"DMA","School enrollment, tertiary (% gross)","SE.TER.ENRR","..","..","..","..","..","..","..","..","..",".."
Dominica,"DMA","Research and development expenditure (% of GDP)","GB.XPD.RSDV.GD.ZS","..","..","..","..","..","..","..","..","..",".."
Dominica,"DMA","High-technology exports (% of manufactured exports)","TX.VAL.TECH.MF.ZS","9.62334924307427","8.33001817629596","5.33180863920164","16.9050650080085","1.69441012466024","3.30533077770519","27.5946626639549","2.88328233207454","..",".."
Dominica,"DMA","GDP per person employed (constant 2021 PPP $)","SL.GDP.PCAP.EM.KD","..","..","..","..","..","..","..","..","..",".."
Dominican Republic,"DOM","GDP growth (annual %)","NY.GDP.MKTP.KD.ZG","6.71974078681295","3.93386176401576","7.09751640210159","4.8940301149584","-7.92905234231061","14.0124289062207","5.23795652902595","2.19229848237939","4.95352204492849",".."
Dominican Republic,"DOM","Inflation, consumer prices (annual %)","FP.CPI.TOTL.ZG","1.61416607245222","3.27955694678546","3.56443426013507","1.81060377042959","3.78103179915516","8.24300347981809","8.81109209279587","4.78561281021135","3.30223338951227",".."
Dominican Republic,"DOM","Gross fixed capital formation (% of GDP)","NE.GDI.FTOT.ZS","22.168510614524","20.9638452990699","24.8205752388366","24.9843138217951","24.8098538977154","28.9495612066708","29.9670054753193","28.9835484421124","26.1210921622134",".."
Dominican Republic,"DOM","Foreign direct investment, net inflows (% of GDP)","BX.KLT.DINV.WD.GD.ZS","3.33024928523507","4.55025610026855","3.22902365102652","3.17366550445317","3.13265976088131","3.53154938314388","3.56897098132173","3.94375586800192","3.6013993607877",".."
Dominican Republic,"DOM","Domestic credit to private sector (% of GDP)","FS.AST.PRVT.GD.ZS","26.9063969746819","27.5827678514226","27.3911536580126","28.0978072005075","30.6276284346111","27.7700298032382","27.9657954725609","30.842195690075","31.9220864876323",".."
Dominican Republic,"DOM","Real interest rate (%)","FR.INR.RINR","12.8105897801929","9.62636730477926","7.64602673118607","8.58272820015145","5.23918771591819","2.22649861965522","2.09839283957292","8.17430344456938","10.5315509404639",".."
Dominican Republic,"DOM","Market capitalization of listed domestic companies (% of GDP)","CM.MKT.LCAP.GD.ZS","..","..","..","..","..","..","..","..","..",".."
Dominican Republic,"DOM","Stocks traded, total value (% of GDP)","CM.MKT.TRAD.GD.ZS","..","..","..","..","..","..","..","..","..",".."
Dominican Republic,"DOM","Secure Internet servers (per 1 million people)","IT.NET.SECR.P6","91.9306672176188","96.7484006280021","119.921502890034","111.528841955186","124.905752931879","142.131830014287","183.336191561478","216.480684195454","180.878555232759",".."
Dominican Republic,"DOM","Fixed broadband subscriptions (per 100 people)","IT.NET.BBND.P2","7.21470928585035","7.69279157853922","7.98202346065262","8.53570157562257","9.37345457518418","10.3195260186654","10.6744492390257","11.1345555858062","11.2045645451604",".."
Dominican Republic,"DOM","ICT goods imports (% total goods imports)","TM.VAL.ICTG.ZS.UN","4.21","4.75","4.96","5.12","6.09","4.97","2.87","..","..",".."
Dominican Republic,"DOM","Individuals using the Internet (% of population)","IT.NET.USER.ZS","63.8708647408206","67.5712453277737","74.8220483597284","79.71549988","81.61730194","85.24298638","81.51269675","86.12689972","91.0022446",".."
Dominican Republic,"DOM","School enrollment, tertiary (% gross)","SE.TER.ENRR","54.498998211862","59.9155940980465","..","..","58.7264105314523","56.4690832383051","55.1665311527454","58.2428049803824","57.6509476207267",".."
Dominican Republic,"DOM","Research and development expenditure (% of GDP)","GB.XPD.RSDV.GD.ZS","..","..","..","..","..","..","..","..","..",".."
Dominican Republic,"DOM","High-technology exports (% of manufactured exports)","TX.VAL.TECH.MF.ZS","4.42181482516597","8.35627149926946","6.39815706280082","6.34761176426535","8.72741174344453","8.48005001549177","6.01879055876862","6.03092939982151","7.68868351413961",".."
Dominican Republic,"DOM","GDP per person employed (constant 2021 PPP $)","SL.GDP.PCAP.EM.KD","46036.8088726596","46447.9330254985","47946.2853253124","48767.7871166431","47694.874174832","52122.1489242308","52845.4779231741","52472.0258578576","53911.1123091322",".."
Ecuador,"ECU","GDP growth (annual %)","NY.GDP.MKTP.KD.ZG","-0.687954245877947","5.97039880954841","1.04429460679607","0.1654044646003","-9.24509619165865","9.42189269033631","5.86842354862311","1.98823813984235","-2.00125476341026",".."
Ecuador,"ECU","Inflation, consumer prices (annual %)","FP.CPI.TOTL.ZG","1.72826463324532","0.417335588666824","-0.224103246005552","0.266012515466155","-0.338872392562139","0.133251386096389","3.46616972213076","2.21568764237058","1.54732515615369",".."
Ecuador,"ECU","Gross fixed capital formation (% of GDP)","NE.GDI.FTOT.ZS","20.7148337835895","21.4612286161457","20.9884220968604","20.6549277978524","17.9954424258669","19.2305887994517","20.5795493948707","19.8518103497966","18.4101486634308",".."
Ecuador,"ECU","Foreign direct investment, net inflows (% of GDP)","BX.KLT.DINV.WD.GD.ZS","0.78469808886928","0.605279629548276","1.29342873266166","0.915058228783613","1.16754746598289","0.607511454080008","0.759467924339618","0.39702767894988","0.355365031150455",".."
Ecuador,"ECU","Domestic credit to private sector (% of GDP)","FS.AST.PRVT.GD.ZS","31.5046558000332","34.2208461040213","38.3374947486699","42.6915820194147","49.0557050652741","49.7533981232754","52.3799487703168","54.4947251674632","56.1805159157774",".."
Ecuador,"ECU","Real interest rate (%)","FR.INR.RINR","..","..","..","..","..","..","..","..","..",".."
Ecuador,"ECU","Market capitalization of listed domestic companies (% of GDP)","CM.MKT.LCAP.GD.ZS","..","..","..","..","..","..","..","..","..",".."
Ecuador,"ECU","Stocks traded, total value (% of GDP)","CM.MKT.TRAD.GD.ZS","..","..","..","..","..","..","..","..","..",".."
Ecuador,"ECU","Secure Internet servers (per 1 million people)","IT.NET.SECR.P6","120.447334614995","210.268564390183","266.165429497922","314.186470708426","382.4789204873","431.840512634728","837.022341410523","475.303701323292","490.861062498601",".."
Ecuador,"ECU","Fixed broadband subscriptions (per 100 people)","IT.NET.BBND.P2","9.75202935279733","10.6125181754918","11.4584100093686","12.0672172196331","13.5146940353863","14.0284374555704","15.1128846850944","16.0678902316524","17.246394056997",".."
Ecuador,"ECU","ICT goods imports (% total goods imports)","TM.VAL.ICTG.ZS.UN","5.62","5.53","5.85","5.73","7.28","5.8","..","..","..",".."
Ecuador,"ECU","Individuals using the Internet (% of population)","IT.NET.USER.ZS","54.0629247288864","55.79999924","57.5","59.2","70.7","69.1147995","69.71811356","72.6943146","77.17273115",".."
Ecuador,"ECU","School enrollment, tertiary (% gross)","SE.TER.ENRR","..","..","47.3311832253279","47.2627814012203","56.9066311483682","..","59.879782344866","67.8851161961618","..",".."
Ecuador,"ECU","Research and development expenditure (% of GDP)","GB.XPD.RSDV.GD.ZS","..","..","..","..","..","..","..","..","..",".."
Ecuador,"ECU","High-technology exports (% of manufactured exports)","TX.VAL.TECH.MF.ZS","9.19247360777488","7.95691634892711","5.29990873788448","5.52377825962259","4.28192759486423","4.84096317381331","6.71157923405729","7.27423385399254","9.99836390672699",".."
Ecuador,"ECU","GDP per person employed (constant 2021 PPP $)","SL.GDP.PCAP.EM.KD","29435.046009244","30027.8899742913","30166.4745111348","29791.5177746738","29987.4179618235","29089.9519944508","30047.8783723953","30735.5916662214","29604.5308592121",".."
"Egypt, Arab Rep.","EGY","GDP growth (annual %)","NY.GDP.MKTP.KD.ZG","4.34664345555447","4.18122099994778","5.3311086189448","5.55209307156956","3.55016483786838","3.29064601202211","6.58784560886967","3.76028052279247","2.3991692678251",".."
"Egypt, Arab Rep.","EGY","Inflation, consumer prices (annual %)","FP.CPI.TOTL.ZG","13.8136062148289","29.5066083940038","14.4014657807421","9.15279959324803","5.04493288977538","5.21404940513042","13.8956609775177","33.8847763115546","28.2705899322082",".."
"Egypt, Arab Rep.","EGY","Gross fixed capital formation (% of GDP)","NE.GDI.FTOT.ZS","14.4681479294309","16.3133564922454","18.4089837555184","18.7723373838456","16.958684133537","16.285212588735","18.0439910742748","15.1318510349174","11.6981379076204",".."
"Egypt, Arab Rep.","EGY","Foreign direct investment, net inflows (% of GDP)","BX.KLT.DINV.WD.GD.ZS","2.43856278142762","2.98301550917695","3.10040077579187","2.82732944960686","1.52462948997172","1.20617861055665","2.39118080969079","2.48546398363597","11.9719350883142",".."
"Egypt, Arab Rep.","EGY","Domestic credit to private sector (% of GDP)","FS.AST.PRVT.GD.ZS","34.1348626252639","27.0698246737254","24.2952790707642","22.8487308972761","25.7894742547866","28.2307543894277","30.847002116672","29.2578215393463","27.5692279729149",".."
"Egypt, Arab Rep.","EGY","Real interest rate (%)","FR.INR.RINR","6.92201135491608","-8.75819408094445","-2.35870301315844","2.19909578279469","4.88781543020771","4.36620669870869","0.142669652477037","-5.64166239964291","-7.03099094109377",".."
"Egypt, Arab Rep.","EGY","Market capitalization of listed domestic companies (% of GDP)","CM.MKT.LCAP.GD.ZS","10.0237151349692","18.7411743209606","15.9967130320175","13.8697170478913","10.7736471638007","11.4750859284717","8.14958485176921","14.0345669269504","10.9482675534796",".."
"Egypt, Arab Rep.","EGY","Stocks traded, total value (% of GDP)","CM.MKT.TRAD.GD.ZS","3.03215989872602","5.8095731434164","5.51342221507865","3.35888345246605","4.18976875467282","4.94193909441551","2.35437727765381","5.01607023276341","5.21726074209017",".."
"Egypt, Arab Rep.","EGY","Secure Internet servers (per 1 million people)","IT.NET.SECR.P6","13.655424392537","33.6560530937063","32.7018501355584","32.979040931555","41.1928362263944","38.0868236821959","48.1804680857676","53.3021246846793","82.2047640355153",".."
"Egypt, Arab Rep.","EGY","Fixed broadband subscriptions (per 100 people)","IT.NET.BBND.P2","4.39685382563749","5.04732016956055","6.26825297386708","7.04130696004296","8.5396308016812","9.76582299335252","10.6832498285136","10.8642477216638","11.6871225241757",".."
"Egypt, Arab Rep.","EGY","ICT goods imports (% total goods imports)","TM.VAL.ICTG.ZS.UN","4.21","4.01","5.07","5.76","3.99","4.85","2.55","..","..",".."
"Egypt, Arab Rep.","EGY","Individuals using the Internet (% of population)","IT.NET.USER.ZS","41.2480670885772","44.9502042452857","46.92433676792","57.2828663990195","71.91420096","72.05599976","72.19806556","74.01190186","74.64839935",".."
"Egypt, Arab Rep.","EGY","School enrollment, tertiary (% gross)","SE.TER.ENRR","31.8731307983398","33.1018892935221","36.1230010986328","33.622825887244","38.773998260498","35.1185317783157","36.462230682373","37.9005584716797","37.5781274463676","38.0398346509947"
"Egypt, Arab Rep.","EGY","Research and development expenditure (% of GDP)","GB.XPD.RSDV.GD.ZS","0.70848","0.64486","0.68839","0.79617","0.91564","0.91175","1.01968","1.03356","1.01757",".."
"Egypt, Arab Rep.","EGY","High-technology exports (% of manufactured exports)","TX.VAL.TECH.MF.ZS","0.504375385317036","0.565232575837901","0.862813543464706","2.34526584104617","2.55490106145901","3.17081927055814","3.40204987508041","3.16286878393567","3.81290087814207",".."
"Egypt, Arab Rep.","EGY","GDP per person employed (constant 2021 PPP $)","SL.GDP.PCAP.EM.KD","51041.0895750058","53638.5056046135","56226.182278193","58323.0268036561","60089.4567809916","58608.2012342448","60860.8730494067","59309.6192445363","59440.8082144077",".."
El Salvador,"SLV","GDP growth (annual %)","NY.GDP.MKTP.KD.ZG","2.53906241135864","2.24761908134138","2.4124442237792","2.43747159065784","-7.893101359867","11.9047617015957","2.95461516549889","3.5391566928735","2.60202016121069",".."
El Salvador,"SLV","Inflation, consumer prices (annual %)","FP.CPI.TOTL.ZG","0.60404908699661","1.0123540331558","1.09033000581892","0.0753241350024612","-0.371590212324095","3.46692585313082","7.19861615609867","4.04554694222477","0.853782292567288",".."
El Salvador,"SLV","Gross fixed capital formation (% of GDP)","NE.GDI.FTOT.ZS","15.4902789954955","16.0287823584352","17.1694237505693","17.7597006674568","17.4555067394454","21.0450385185624","21.6475808688515","21.9630270509134","22.1882903303157",".."
El Salvador,"SLV","Foreign direct investment, net inflows (% of GDP)","BX.KLT.DINV.WD.GD.ZS","1.98198031581358","2.01688451540263","1.58620478716365","2.59024369040438","1.55101998611342","2.7560499827498","0.0823187568481088","1.89928827474734","2.61241857793703",".."
El Salvador,"SLV","Domestic credit to private sector (% of GDP)","FS.AST.PRVT.GD.ZS","55.0597980078069","56.0486779897987","57.2770156356153","59.0743132128325","65.3332227111145","61.139568580911","62.6134049968434","61.9007180453442","62.4875657227945",".."
El Salvador,"SLV","Real interest rate (%)","FR.INR.RINR","..","..","..","..","..","..","..","..","..",".."
El Salvador,"SLV","Market capitalization of listed domestic companies (% of GDP)","CM.MKT.LCAP.GD.ZS","..","..","..","..","..","..","..","..","..",".."
El Salvador,"SLV","Stocks traded, total value (% of GDP)","CM.MKT.TRAD.GD.ZS","..","..","..","..","..","..","..","..","..",".."
El Salvador,"SLV","Secure Internet servers (per 1 million people)","IT.NET.SECR.P6","53.3802090052896","63.2490404412433","93.5720352737633","97.712781635397","140.504562147846","154.257293492644","173.398835313939","181.785792624093","191.221693627821",".."
El Salvador,"SLV","Fixed broadband subscriptions (per 100 people)","IT.NET.BBND.P2","6.37509676170817","7.26258313909333","7.91447387354624","8.43878438871173","8.53679094316574","9.07178351163771","9.73832698625659","11.6271746145254","12.4640729621203",".."
El Salvador,"SLV","ICT goods imports (% total goods imports)","TM.VAL.ICTG.ZS.UN","5.23","5.08","5.27","5.2","5.3","6.52","5.38","..","..",".."
El Salvador,"SLV","Individuals using the Internet (% of population)","IT.NET.USER.ZS","28.99710083","33.8207289048526","43.79999924","50.4911940673888","54.60136976","57.26380157","60.05609894","62.61989975","66.47769928",".."
El Salvador,"SLV","School enrollment, tertiary (% gross)","SE.TER.ENRR","27.1794802471695","27.6409104549006","28.194336537252","28.5178063545936","30.9986370324013","30.3043325211094","31.4538910186841","32.3802636612661","32.8347079463918",".."
El Salvador,"SLV","Research and development expenditure (% of GDP)","GB.XPD.RSDV.GD.ZS","0.14493","0.18078","0.16531","0.17477","0.16299","0.16252","0.14333","0.10152","..",".."
El Salvador,"SLV","High-technology exports (% of manufactured exports)","TX.VAL.TECH.MF.ZS","5.37320139679434","5.73736147193314","6.12699337415169","5.14076264668843","6.37122274852995","7.17516150721425","7.8500188873406","6.40401071272118","5.47333119441725",".."
El Salvador,"SLV","GDP per person employed (constant 2021 PPP $)","SL.GDP.PCAP.EM.KD","24185.4775824593","24599.7497125621","25035.7747508201","25056.0973682155","24506.2702255048","25801.768687886","25572.5687541818","25579.7503364974","25908.0464718549",".."
Equatorial Guinea,"GNQ","GDP growth (annual %)","NY.GDP.MKTP.KD.ZG","-8.81641723219757","-5.66750850486686","-6.23654406734575","-5.48182537893445","-4.79108083383294","0.860269956382069","3.22350831658598","-5.08930872071532","0.907248245986736",".."
Equatorial Guinea,"GNQ","Inflation, consumer prices (annual %)","FP.CPI.TOTL.ZG","1.41193915479015","0.74435474661241","1.06007410662171","1.53027528964189","4.76669523944228","-0.0971007664640198","4.78671704710803","2.85949506037322","2.92140227309103",".."
Equatorial Guinea,"GNQ","Gross fixed capital formation (% of GDP)","NE.GDI.FTOT.ZS","16.5504331560808","13.9565530197219","12.6801434398089","11.3929818569737","7.55519736848281","8.0569099526607","7.57452706152852","9.3108984864249","9.07181309458443",".."
Equatorial Guinea,"GNQ","Foreign direct investment, net inflows (% of GDP)","BX.KLT.DINV.WD.GD.ZS","15.6154447046738","3.1541343035206","-1.10304372116447","7.22811929659373","-0.0916985922610923","4.59725955429429","10.1419330984832","1.14918183344023","1.47277889961866",".."
Equatorial Guinea,"GNQ","Domestic credit to private sector (% of GDP)","FS.AST.PRVT.GD.ZS","14.9468582596128","14.1214330973783","14.1882491471457","15.2395082821309","12.8708903076884","10.4542771122938","8.08192941445443","5.90842492713663","..",".."
Equatorial Guinea,"GNQ","Real interest rate (%)","FR.INR.RINR","..","..","..","..","..","..","..","..","..",".."
Equatorial Guinea,"GNQ","Market capitalization of listed domestic companies (% of GDP)","CM.MKT.LCAP.GD.ZS","..","..","..","..","..","..","..","..","..",".."
Equatorial Guinea,"GNQ","Stocks traded, total value (% of GDP)","CM.MKT.TRAD.GD.ZS","..","..","..","..","..","..","..","..","..",".."
Equatorial Guinea,"GNQ","Secure Internet servers (per 1 million people)","IT.NET.SECR.P6","4.64133734168067","0","8.04245426008802","16.1659512734279","27.3818096230166","19.9000901758372","36.5945956435797","43.8418683347505","66.5780368567558",".."
Equatorial Guinea,"GNQ","Fixed broadband subscriptions (per 100 people)","IT.NET.BBND.P2","0.224242898422343","0.121416081454382","0.100221353087251","0.0598738936052885","0.107371649223871","0.0976810140631094","0.10069058437688","..","..",".."
Equatorial Guinea,"GNQ","ICT goods imports (% total goods imports)","TM.VAL.ICTG.ZS.UN","..","..","..","..","..","..","..","..","..",".."
Equatorial Guinea,"GNQ","Individuals using the Internet (% of population)","IT.NET.USER.ZS","23.78000069","26.23999977","29.39999962","49.13370132","55.00130081","58.71730042","63.65950012","63.51950073","63.29930115",".."
Equatorial Guinea,"GNQ","School enrollment, tertiary (% gross)","SE.TER.ENRR","..","..","..","..","..","..","..","..","..",".."
Equatorial Guinea,"GNQ","Research and development expenditure (% of GDP)","GB.XPD.RSDV.GD.ZS","..","..","..","..","..","..","..","..","..",".."
Equatorial Guinea,"GNQ","High-technology exports (% of manufactured exports)","TX.VAL.TECH.MF.ZS","..","..","..","..","..","..","..","..","..",".."
Equatorial Guinea,"GNQ","GDP per person employed (constant 2021 PPP $)","SL.GDP.PCAP.EM.KD","70187.9842782095","63789.4909383476","57701.2978986851","52784.1850252366","52830.2373578031","51454.7137110205","48486.4005083109","44718.84731959","44117.9180700146",".."
Eritrea,"ERI","GDP growth (annual %)","NY.GDP.MKTP.KD.ZG","..","..","..","..","..","..","..","..","..",".."
Eritrea,"ERI","Inflation, consumer prices (annual %)","FP.CPI.TOTL.ZG","..","..","..","..","..","..","..","..","..",".."
Eritrea,"ERI","Gross fixed capital formation (% of GDP)","NE.GDI.FTOT.ZS","..","..","..","..","..","..","..","..","..",".."
Eritrea,"ERI","Foreign direct investment, net inflows (% of GDP)","BX.KLT.DINV.WD.GD.ZS","..","..","..","..","..","..","..","..","..",".."
Eritrea,"ERI","Domestic credit to private sector (% of GDP)","FS.AST.PRVT.GD.ZS","..","..","..","..","..","..","..","..","..",".."
Eritrea,"ERI","Real interest rate (%)","FR.INR.RINR","..","..","..","..","..","..","..","..","..",".."
Eritrea,"ERI","Market capitalization of listed domestic companies (% of GDP)","CM.MKT.LCAP.GD.ZS","..","..","..","..","..","..","..","..","..",".."
Eritrea,"ERI","Stocks traded, total value (% of GDP)","CM.MKT.TRAD.GD.ZS","..","..","..","..","..","..","..","..","..",".."
Eritrea,"ERI","Secure Internet servers (per 1 million people)","IT.NET.SECR.P6","0","0","0.313208634535637","0.925870488001644","0.911501969907674","0.89547347115068","0.879908090666903","0.288152052074839","1.97986029540081",".."
Eritrea,"ERI","Fixed broadband subscriptions (per 100 people)","IT.NET.BBND.P2","0.0192018556673317","0.031742535028681","..","0.0925870488001644","0.151916994984612","0.149245578525113","0.165393390775689","..","..",".."
Eritrea,"ERI","ICT goods imports (% total goods imports)","TM.VAL.ICTG.ZS.UN","..","..","..","..","..","..","..","..","..",".."
Eritrea,"ERI","Individuals using the Internet (% of population)","IT.NET.USER.ZS","1.177099943","2.496099949","5.293000221","11.22379971","14.34939957","..","..","..","..",".."
Eritrea,"ERI","School enrollment, tertiary (% gross)","SE.TER.ENRR","3.20262002944946","..","..","..","..","..","..","..","..",".."
Eritrea,"ERI","Research and development expenditure (% of GDP)","GB.XPD.RSDV.GD.ZS","..","..","..","..","..","..","..","..","..",".."
Eritrea,"ERI","High-technology exports (% of manufactured exports)","TX.VAL.TECH.MF.ZS","..","..","..","..","..","..","..","..","..",".."
Eritrea,"ERI","GDP per person employed (constant 2021 PPP $)","SL.GDP.PCAP.EM.KD","..","..","..","..","..","..","..","..","..",".."
Estonia,"EST","GDP growth (annual %)","NY.GDP.MKTP.KD.ZG","3.09301920751959","5.63467248963991","3.69969756161726","3.72664943466884","-2.88380751483778","8.25488044580031","-1.22616966587796","-2.74421914571231","-0.0900428648493801",".."
Estonia,"EST","Inflation, consumer prices (annual %)","FP.CPI.TOTL.ZG","0.148684907627372","3.41723549488054","3.43632688420446","2.27725931243522","-0.444531097679829","4.65316673847472","19.3982634080616","9.15922507983982","3.5194118998392",".."
Estonia,"EST","Gross fixed capital formation (% of GDP)","NE.GDI.FTOT.ZS","23.9449043102923","25.4039470690204","26.5760517476199","26.6153386918257","31.1753648845812","29.9823233247321","25.1608257827686","25.4086839463969","23.8965498272625",".."
Estonia,"EST","Foreign direct investment, net inflows (% of GDP)","BX.KLT.DINV.WD.GD.ZS","3.7692325610639","6.31892721219604","4.08015832167199","9.76819364646981","12.0147752855703","20.2291128645653","4.52988372813183","12.540812828973","-7.97097840452121",".."
Estonia,"EST","Domestic credit to private sector (% of GDP)","FS.AST.PRVT.GD.ZS","68.4124027630138","62.8595377411996","60.7637234103393","58.2395451990957","62.4674951324135","59.2942307857999","57.2271887161449","57.661097453773","60.5354220304166",".."
Estonia,"EST","Real interest rate (%)","FR.INR.RINR","..","..","..","..","..","..","..","..","..",".."
Estonia,"EST","Market capitalization of listed domestic companies (% of GDP)","CM.MKT.LCAP.GD.ZS","..","..","..","..","..","..","..","..","..",".."
Estonia,"EST","Stocks traded, total value (% of GDP)","CM.MKT.TRAD.GD.ZS","..","..","..","..","..","..","..","..","..",".."
Estonia,"EST","Secure Internet servers (per 1 million people)","IT.NET.SECR.P6","10786.6756853297","29131.217625233","48893.4376316683","83313.1107289332","84354.3769866162","96297.9325765704","104101.301859375","112224.017467886","139022.298393767",".."
Estonia,"EST","Fixed broadband subscriptions (per 100 people)","IT.NET.BBND.P2","31.4989029896287","32.5220031500844","33.3725174267095","33.8508104327483","34.2700326171401","37.357189680638","39.7219150412824","35.2539796781149","35.3527186879385",".."
Estonia,"EST","ICT goods imports (% total goods imports)","TM.VAL.ICTG.ZS.UN","11.53","9.4","8.48","7.47","7.67","7.61","6.13","..","..",".."
Estonia,"EST","Individuals using the Internet (% of population)","IT.NET.USER.ZS","87.2402327514547","88.1024568740199","89.3570077747426","90.2289281997919","89.05828666","90.97970174","91.52016546","93.18342241","92.23796204",".."
Estonia,"EST","School enrollment, tertiary (% gross)","SE.TER.ENRR","73.0334320068359","72.1369781494141","72.0659637451172","72.7060317993164","72.0443572998047","73.1502075195312","71.4251937866211","67.6179275512695","65.6692276000977",".."
Estonia,"EST","Research and development expenditure (% of GDP)","GB.XPD.RSDV.GD.ZS","1.21835","1.25152","1.38298","1.59093","1.72614","1.75152","1.76094","1.83878","..",".."
Estonia,"EST","High-technology exports (% of manufactured exports)","TX.VAL.TECH.MF.ZS","21.9072583684186","17.9646942764807","18.2045260067525","16.9644248677655","20.6216264338951","20.6301155577085","18.0186438315616","16.581160524959","18.382980141257",".."
Estonia,"EST","GDP per person employed (constant 2021 PPP $)","SL.GDP.PCAP.EM.KD","76614.4601825381","79264.2799558725","81327.4144033194","83770.9891912828","83490.3618177295","89268.0967343546","83737.034346778","79997.6433207164","80735.320538645",".."
Eswatini,"SWZ","GDP growth (annual %)","NY.GDP.MKTP.KD.ZG","2.94916821059911","3.52095345987983","0.0653956557843571","6.43186888691574","-2.95183453409287","4.23621913615419","0.386070835562705","3.53257662836211","2.97391075973985",".."
Eswatini,"SWZ","Inflation, consumer prices (annual %)","FP.CPI.TOTL.ZG","7.8472745908568","6.22137528933118","4.81506167461513","2.59801620311077","..","..","..","..","..",".."
Eswatini,"SWZ","Gross fixed capital formation (% of GDP)","NE.GDI.FTOT.ZS","17.7706342085714","16.1959758932985","17.1273006273966","17.6611246910449","14.9219109792212","17.2988091991202","15.0547844438278","16.0885184660281","16.0703120268798",".."
Eswatini,"SWZ","Foreign direct investment, net inflows (% of GDP)","BX.KLT.DINV.WD.GD.ZS","0.721382841978235","-1.2917821060433","0.670381040235302","2.7717218211659","0.938105324268348","2.34790226144325","0.281255609924273","0.608772714416035","1.55448906259813",".."
Eswatini,"SWZ","Domestic credit to private sector (% of GDP)","FS.AST.PRVT.GD.ZS","21.5801659225305","20.6352761067432","20.9890102465224","20.2233785743064","20.9643539991261","20.823247149558","21.3428907072988","21.3095273182131","21.6231408755943",".."
Eswatini,"SWZ","Real interest rate (%)","FR.INR.RINR","3.26450637974075","5.5316562022321","6.79501144097576","8.00268068430049","2.65609708937312","7.12781245477293","-0.338623363428756","4.50681426827475","9.39270668201632",".."
Eswatini,"SWZ","Market capitalization of listed domestic companies (% of GDP)","CM.MKT.LCAP.GD.ZS","..","..","..","..","..","..","..","..","..",".."
Eswatini,"SWZ","Stocks traded, total value (% of GDP)","CM.MKT.TRAD.GD.ZS","..","..","..","..","..","..","..","..","..",".."
Eswatini,"SWZ","Secure Internet servers (per 1 million people)","IT.NET.SECR.P6","25.228206526798","39.7169733939449","52.1845210444775","90.6876496981881","107.316917757512","87.8506671263632","109.933654219278","139.779895425134","116.669965610522",".."
Eswatini,"SWZ","Fixed broadband subscriptions (per 100 people)","IT.NET.BBND.P2","0.608956709267538","1.34191565323629","1.8710289504324","2.04369280109571","2.29004241533492","2.55280778191155","2.18530055779024","2.76365982774566","2.5065536335855",".."
Eswatini,"SWZ","ICT goods imports (% total goods imports)","TM.VAL.ICTG.ZS.UN","2.72","3.07","2.92","2.61","2.33","2.73","..","..","..",".."
Eswatini,"SWZ","Individuals using the Internet (% of population)","IT.NET.USER.ZS","28.56999969","35.33160019","39.38100052","43.93389893","49.01300049","53.99530029","57.34370041","61.33330154","63.40309906",".."
Eswatini,"SWZ","School enrollment, tertiary (% gross)","SE.TER.ENRR","..","..","..","..","..","..","..","..","..",".."
Eswatini,"SWZ","Research and development expenditure (% of GDP)","GB.XPD.RSDV.GD.ZS","..","..","..","..","..","..","..","..","..",".."
Eswatini,"SWZ","High-technology exports (% of manufactured exports)","TX.VAL.TECH.MF.ZS","0.200467504294285","0.293249799871917","0.925351559868595","0.274607103354208","0.342192841190398","0.325445621132478","0.31591177017993","0.285307158606886","..",".."
Eswatini,"SWZ","GDP per person employed (constant 2021 PPP $)","SL.GDP.PCAP.EM.KD","37396.3274233881","39336.2486927859","40000.284275499","43177.5960029879","44752.8390501502","46468.6608438366","46911.9105274611","45827.624637044","46542.5338907203",".."
Ethiopia,"ETH","GDP growth (annual %)","NY.GDP.MKTP.KD.ZG","9.43348265981905","9.56418965754014","6.81614778557282","8.36408573314054","6.05953089054807","5.64153069257077","5.32175988403378","6.59424599357075","7.61277447511073",".."
Ethiopia,"ETH","Inflation, consumer prices (annual %)","FP.CPI.TOTL.ZG","6.62813337230924","10.6871150284238","13.8330356586661","15.8096321719344","20.3563468559061","26.8395221557722","33.8898797100898","30.2188278135278","21.037746057771",".."
Ethiopia,"ETH","Gross fixed capital formation (% of GDP)","NE.GDI.FTOT.ZS","37.3487629699646","38.4439871569806","34.1629551124182","35.2639756254811","30.5789686594943","28.0252954109363","25.3422268254436","22.1694039604718","20.5754723153175",".."
Ethiopia,"ETH","Foreign direct investment, net inflows (% of GDP)","BX.KLT.DINV.WD.GD.ZS","6.0502150951561","5.26039764214773","4.03228222144798","2.77536541541531","2.42792592797614","3.90520609771909","2.9803331590978","2.40146315358044","2.68582028016447",".."
Ethiopia,"ETH","Domestic credit to private sector (% of GDP)","FS.AST.PRVT.GD.ZS","..","..","..","..","..","..","..","..","..",".."
Ethiopia,"ETH","Real interest rate (%)","FR.INR.RINR","..","..","..","..","..","..","..","..","..",".."
Ethiopia,"ETH","Market capitalization of listed domestic companies (% of GDP)","CM.MKT.LCAP.GD.ZS","..","..","..","..","..","..","..","..","..",".."
Ethiopia,"ETH","Stocks traded, total value (% of GDP)","CM.MKT.TRAD.GD.ZS","..","..","..","..","..","..","..","..","..",".."
Ethiopia,"ETH","Secure Internet servers (per 1 million people)","IT.NET.SECR.P6","0.393560001530011","0.693010291813777","1.4201500402719","1.42564135911039","5.49960316663114","7.19674276896013","9.00431806100233","17.4681050894878","23.7316790056127",".."
Ethiopia,"ETH","Fixed broadband subscriptions (per 100 people)","IT.NET.BBND.P2","0.523809621083991","0.0574013129864174","..","0.137379985514274","0.178274598062049","0.399382380284272","0.45157652011053","0.534823180349513","0.593917449513598",".."
Ethiopia,"ETH","ICT goods imports (% total goods imports)","TM.VAL.ICTG.ZS.UN","5.75","3.83","2.84","3.01","3.65","3.36","..","..","..",".."
Ethiopia,"ETH","Individuals using the Internet (% of population)","IT.NET.USER.ZS","15.3669238595896","15.62440014","15.88619995","15.98460007","16.06959915","16.6981031","17.9836998","20.33749962","21.94129944",".."
Ethiopia,"ETH","School enrollment, tertiary (% gross)","SE.TER.ENRR","..","..","..","..","..","..","..","..","..",".."
Ethiopia,"ETH","Research and development expenditure (% of GDP)","GB.XPD.RSDV.GD.ZS","..","0.27437","..","..","..","..","..","..","..",".."
Ethiopia,"ETH","High-technology exports (% of manufactured exports)","TX.VAL.TECH.MF.ZS","6.82740269371127","5.83937193918337","13.6451525613537","9.42339221070521","13.1014525306681","8.54658883162268","3.21026574936058","3.75062055802087","..",".."
Ethiopia,"ETH","GDP per person employed (constant 2021 PPP $)","SL.GDP.PCAP.EM.KD","4855.52489660133","5245.9974717124","5536.30597107097","5933.42359368362","6343.72107088079","6586.6754646976","6657.88703220714","6876.15638960945","7172.66580809974",".."
Faroe Islands,"FRO","GDP growth (annual %)","NY.GDP.MKTP.KD.ZG","1.38644795938293","3.51201367488443","2.76370952267429","4.53851028676189","-1.63732118017028","5.06636291600633","3.86099981669155","3.15873872329266","0.843716851362103",".."
Faroe Islands,"FRO","Inflation, consumer prices (annual %)","FP.CPI.TOTL.ZG","..","..","..","..","..","..","..","..","..",".."
Faroe Islands,"FRO","Gross fixed capital formation (% of GDP)","NE.GDI.FTOT.ZS","..","..","..","..","..","..","..","..","..",".."
Faroe Islands,"FRO","Foreign direct investment, net inflows (% of GDP)","BX.KLT.DINV.WD.GD.ZS","..","..","..","..","..","..","..","..","..",".."
Faroe Islands,"FRO","Domestic credit to private sector (% of GDP)","FS.AST.PRVT.GD.ZS","..","..","..","..","..","..","..","..","..",".."
Faroe Islands,"FRO","Real interest rate (%)","FR.INR.RINR","..","..","..","..","..","..","..","..","..",".."
Faroe Islands,"FRO","Market capitalization of listed domestic companies (% of GDP)","CM.MKT.LCAP.GD.ZS","..","..","..","..","..","..","..","..","..",".."
Faroe Islands,"FRO","Stocks traded, total value (% of GDP)","CM.MKT.TRAD.GD.ZS","..","..","..","..","..","..","..","..","..",".."
Faroe Islands,"FRO","Secure Internet servers (per 1 million people)","IT.NET.SECR.P6","3598.57674268155","3786.36907134316","4412.11075378461","4691.84430027804","5593.07524017883","6304.41308916241","7104.16975812435","8361.81864961223","11411.6420694574",".."
Faroe Islands,"FRO","Fixed broadband subscriptions (per 100 people)","IT.NET.BBND.P2","36.2922278537245","35.9074896005414","35.6252694282243","35.0680915088152","35.0714054804419","34.6022514071295","34.5873988631945","..","..",".."
Faroe Islands,"FRO","ICT goods imports (% total goods imports)","TM.VAL.ICTG.ZS.UN","..","..","..","..","..","..","..","..","..",".."
Faroe Islands,"FRO","Individuals using the Internet (% of population)","IT.NET.USER.ZS","95.1086816720257","97.5819589384468","..","..","..","..","..","..","..",".."
Faroe Islands,"FRO","School enrollment, tertiary (% gross)","SE.TER.ENRR","..","..","..","..","..","..","..","..","..",".."
Faroe Islands,"FRO","Research and development expenditure (% of GDP)","GB.XPD.RSDV.GD.ZS","..","..","..","..","..","..","..","..","..",".."
Faroe Islands,"FRO","High-technology exports (% of manufactured exports)","TX.VAL.TECH.MF.ZS","..","..","..","..","..","..","..","..","..",".."
Faroe Islands,"FRO","GDP per person employed (constant 2021 PPP $)","SL.GDP.PCAP.EM.KD","..","..","..","..","..","..","..","..","..",".."
Fiji,"FJI","GDP growth (annual %)","NY.GDP.MKTP.KD.ZG","2.44565179664245","5.35336455965039","3.81235122208561","-0.581946709343867","-17.1835352599354","-4.3459619989752","17.7451269773594","9.44245856738313","3.53085896076352",".."
Fiji,"FJI","Inflation, consumer prices (annual %)","FP.CPI.TOTL.ZG","3.86322538221277","3.34757834757831","4.08147637644542","1.79388647514555","-1.70014167847317","1.53454853751591","6.07882431529724","2.97544080604538","3.89084237884105",".."
Fiji,"FJI","Gross fixed capital formation (% of GDP)","NE.GDI.FTOT.ZS","..","..","..","..","..","..","..","..","..",".."
Fiji,"FJI","Foreign direct investment, net inflows (% of GDP)","BX.KLT.DINV.WD.GD.ZS","7.94325933214602","7.24021289135771","8.40038118168196","6.02971795135456","5.66217121930221","9.85590435372296","2.08084502833913","1.65373894455648","3.41161017865705",".."
Fiji,"FJI","Domestic credit to private sector (% of GDP)","FS.AST.PRVT.GD.ZS","84.4251449377182","86.2066812169131","92.7963247404047","104.113881166689","130.050824259717","139.163957696995","118.381851673369","113.600553281902","115.346328808796",".."
Fiji,"FJI","Real interest rate (%)","FR.INR.RINR","3.13543085775456","3.97454739022907","4.19184470016411","6.35485233449617","10.7453953620684","7.8999158860546","-2.44477145573424","2.15829274772142","-1.45418747666566",".."
Fiji,"FJI","Market capitalization of listed domestic companies (% of GDP)","CM.MKT.LCAP.GD.ZS","..","..","..","..","..","..","..","..","..",".."
Fiji,"FJI","Stocks traded, total value (% of GDP)","CM.MKT.TRAD.GD.ZS","..","..","..","..","..","..","..","..","..",".."
Fiji,"FJI","Secure Internet servers (per 1 million people)","IT.NET.SECR.P6","107.706333785192","142.583637275934","166.815674131577","204.394146239093","260.119808123389","255.260381952436","253.420083487234","229.40123032641","221.795379765371",".."
Fiji,"FJI","Fixed broadband subscriptions (per 100 people)","IT.NET.BBND.P2","1.34165101842322","1.32080338804844","2.08214309077826","2.34495829594305","2.52053908190823","2.51573287546457","2.53376577893503","1.82947481185312","1.80009560888215",".."
Fiji,"FJI","ICT goods imports (% total goods imports)","TM.VAL.ICTG.ZS.UN","4.82","5.24","4.96","4.88","4.61","5.36","4.13","..","..",".."
Fiji,"FJI","Individuals using the Internet (% of population)","IT.NET.USER.ZS","49.41999817","53.6473999","58.2364006","63.21789932","68.62560272","70.56800079","72.56549835","74.1160965","74.7052002",".."
Fiji,"FJI","School enrollment, tertiary (% gross)","SE.TER.ENRR","77.5601234063116","82.343551650893","79.1464225438552","77.5562006170027","83.7613654490349","76.7030156165859","68.7794855157684","60.9679066767014","75.0089752283697",".."
Fiji,"FJI","Research and development expenditure (% of GDP)","GB.XPD.RSDV.GD.ZS","..","..","..","..","..","..","..","..","..",".."
Fiji,"FJI","High-technology exports (% of manufactured exports)","TX.VAL.TECH.MF.ZS","2.84203358700427","3.53488889969416","3.80322248838358","5.67997543305016","10.850874908157","1.90912873666526","2.24124587754453","1.64679784443044","2.99874841417736",".."
Fiji,"FJI","GDP per person employed (constant 2021 PPP $)","SL.GDP.PCAP.EM.KD","30749.4602379205","32409.2887921567","33661.622877075","33442.8689531785","29414.1978600318","27779.3758787253","31023.0000483558","33550.5472354996","34428.3497317922",".."
Finland,"FIN","GDP growth (annual %)","NY.GDP.MKTP.KD.ZG","2.57193414898754","3.30337003591039","1.19297759742292","1.34973845741737","-2.49103605535707","2.67634641498897","0.763041912763526","-0.939093459613758","0.416171964862073",".."
Finland,"FIN","Inflation, consumer prices (annual %)","FP.CPI.TOTL.ZG","0.356684500891695","0.754015047084346","1.08382098409305","1.0240939296343","0.290554555653239","2.19457432340007","7.12350773301402","6.25064322154762","1.56568906231615",".."
Finland,"FIN","Gross fixed capital formation (% of GDP)","NE.GDI.FTOT.ZS","23.0524251681601","23.6891760789654","24.5932601711908","24.4207984303071","24.6561782162302","24.4207361193742","24.6641741973059","23.3397349439981","21.9949775875751",".."
Finland,"FIN","Foreign direct investment, net inflows (% of GDP)","BX.KLT.DINV.WD.GD.ZS","2.18951964860612","6.66136555422276","-3.84456657280518","6.09707710249334","-0.939114055968044","8.01406291677223","4.66691154081507","-0.0389119475535467","2.92666706920425",".."
Finland,"FIN","Domestic credit to private sector (% of GDP)","FS.AST.PRVT.GD.ZS","94.7843702628907","94.0317570514361","94.8815247622949","95.9193855390369","101.738251257472","100.140293611616","96.1977943524903","93.2665806602944","92.0344393994847",".."
Finland,"FIN","Real interest rate (%)","FR.INR.RINR","..","..","..","..","..","..","..","..","..",".."
Finland,"FIN","Market capitalization of listed domestic companies (% of GDP)","CM.MKT.LCAP.GD.ZS","..","..","..","..","..","..","..","..","..",".."
Finland,"FIN","Stocks traded, total value (% of GDP)","CM.MKT.TRAD.GD.ZS","..","..","..","..","..","..","..","..","..",".."
Finland,"FIN","Secure Internet servers (per 1 million people)","IT.NET.SECR.P6","7131.36291119889","22324.1144951885","33999.120663944","57692.6350775481","81650.5089118576","104960.876315666","131286.012181913","153868.49826224","177933.600727841",".."
Finland,"FIN","Fixed broadband subscriptions (per 100 people)","IT.NET.BBND.P2","31.152937083259","31.0435197469463","31.491717515124","32.5439773811208","33.3838974597133","33.6396818306917","34.2951599474189","35.3318092510781","36.4765341417867",".."
Finland,"FIN","ICT goods imports (% total goods imports)","TM.VAL.ICTG.ZS.UN","7.29","7.07","7.33","7.06","7.09","6.9","5.73","..","..",".."
Finland,"FIN","Individuals using the Internet (% of population)","IT.NET.USER.ZS","87.7036499599455","87.4689290730615","88.8899599985585","89.6073851129779","92.17027106","92.80806082","92.98879471","93.51385075","93.72405196",".."
Finland,"FIN","School enrollment, tertiary (% gross)","SE.TER.ENRR","89.3280029296875","90.6983871459961","92.3850021362305","94.5891189575195","96.4726333618164","100.868072509766","104.944221496582","108.130409240723","110.304496765137",".."
Finland,"FIN","Research and development expenditure (% of GDP)","GB.XPD.RSDV.GD.ZS","2.74716","2.74723","2.77601","2.81534","2.93278","3.01133","2.982","3.0938","..",".."
Finland,"FIN","High-technology exports (% of manufactured exports)","TX.VAL.TECH.MF.ZS","10.052829776298","9.6573147330322","9.01765355032152","9.21470120593618","9.98230025285834","10.2937538536253","9.62392843667484","9.71402259549133","9.28522659633957",".."
Finland,"FIN","GDP per person employed (constant 2021 PPP $)","SL.GDP.PCAP.EM.KD","120803.467844865","123870.374877457","121926.512803932","122535.018382253","121064.530593063","121651.790149241","119431.792658216","118155.561696057","119913.019988869",".."
France,"FRA","GDP growth (annual %)","NY.GDP.MKTP.KD.ZG","0.860031075424033","2.08361485997399","1.64590872395887","2.02744646419237","-7.44064589948231","6.88233783360239","2.71676264185913","1.43921494437743","1.19046798275883",".."
France,"FRA","Inflation, consumer prices (annual %)","FP.CPI.TOTL.ZG","0.183334861123764","1.03228275064681","1.85081508315492","1.10825492288293","0.476498852725065","1.64233141038393","5.22236748369725","4.8783572650844","1.99904942291462",".."
France,"FRA","Gross fixed capital formation (% of GDP)","NE.GDI.FTOT.ZS","20.9212601092418","21.4204336075644","21.8753900672966","22.4160955392444","22.4362308511816","23.4832287343303","23.4857708214613","22.8344674932245","22.096846539157",".."
France,"FRA","Foreign direct investment, net inflows (% of GDP)","BX.KLT.DINV.WD.GD.ZS","1.44200321416196","1.68928072199317","2.78594184568695","1.96486943301562","0.731471704018579","3.30405312221271","4.0180319137717","0.590645170561014","1.64700185498585",".."
France,"FRA","Domestic credit to private sector (% of GDP)","FS.AST.PRVT.GD.ZS","97.4904687619857","101.617830234188","104.624051971951","106.913030586051","125.397439701102","120.721909947613","119.290366998126","112.567354839828","107.58266062477",".."
France,"FRA","Real interest rate (%)","FR.INR.RINR","..","..","..","..","..","..","..","..","..",".."
France,"FRA","Market capitalization of listed domestic companies (% of GDP)","CM.MKT.LCAP.GD.ZS","87.3963704443473","106.197544283094","85.0578939321398","..","..","..","..","..","..",".."
France,"FRA","Stocks traded, total value (% of GDP)","CM.MKT.TRAD.GD.ZS","..","..","..","..","..","..","..","..","..",".."
France,"FRA","Secure Internet servers (per 1 million people)","IT.NET.SECR.P6","6688.01787132278","14819.4761291503","20362.9338827691","29255.7243091748","36107.8390576723","39644.0530743928","47329.437557888","52017.9916172468","57274.6363971705",".."
France,"FRA","Fixed broadband subscriptions (per 100 people)","IT.NET.BBND.P2","42.5277884451476","43.6242593525939","44.4142292018123","45.2765022757908","46.471240838575","47.6442336298287","48.250226559098","48.6688340139444","48.9251978969333",".."
France,"FRA","ICT goods imports (% total goods imports)","TM.VAL.ICTG.ZS.UN","6.67","6.51","6.14","6.18","6.68","6.45","5.35","..","..",".."
France,"FRA","Individuals using the Internet (% of population)","IT.NET.USER.ZS","79.2698113207547","80.5024597243607","82.0431867788484","83.3397440866883","84.70639801","86.09548575","85.33331734","86.83635789","88.65381638",".."
France,"FRA","School enrollment, tertiary (% gross)","SE.TER.ENRR","64.7276763916016","65.8022308349609","67.5435180664062","67.7331314086914","68.8709411621094","69.9397888183594","71.5107269287109","70.4536437988281","71.5346908569336",".."
France,"FRA","Research and development expenditure (% of GDP)","GB.XPD.RSDV.GD.ZS","2.22468","2.20422","2.20407","2.19668","2.2742","2.21278","2.21937","2.17832","..",".."
France,"FRA","High-technology exports (% of manufactured exports)","TX.VAL.TECH.MF.ZS","27.9331801598168","26.0180218998669","25.9347849255776","26.9265976407414","21.1920405248012","22.305003085565","21.9264611257156","22.3835449721792","23.1371073769038",".."
France,"FRA","GDP per person employed (constant 2021 PPP $)","SL.GDP.PCAP.EM.KD","124907.32987333","126319.192445818","127060.863354141","128928.445413505","119633.985563165","123998.870932207","124988.856698658","125877.393888068","127331.963264779",".."
French Polynesia,"PYF","GDP growth (annual %)","NY.GDP.MKTP.KD.ZG","2.30219823670438","4.29263363103487","1.80687498305207","2.68946658143334","-10.5738138632489","3.36590242421546","2.9373470716322","2.77284077155413","1.12638897730247",".."
French Polynesia,"PYF","Inflation, consumer prices (annual %)","FP.CPI.TOTL.ZG","..","..","..","..","..","..","..","..","..",".."
French Polynesia,"PYF","Gross fixed capital formation (% of GDP)","NE.GDI.FTOT.ZS","18.6047335720481","19.137286086385","27.0467501379179","25.3054954915658","21.2855657369767","22.0083668171371","22.50674340275","22.6504245108896","21.9053653809211",".."
French Polynesia,"PYF","Foreign direct investment, net inflows (% of GDP)","BX.KLT.DINV.WD.GD.ZS","1.11959443206211","1.54351459172254","0.0967844740802214","0.21140096510623","-0.279061107774017","-0.427435261380748","-0.168607958150952","-0.105843018626247","-0.219284661446365",".."
French Polynesia,"PYF","Domestic credit to private sector (% of GDP)","FS.AST.PRVT.GD.ZS","..","..","..","..","..","..","..","..","..",".."
French Polynesia,"PYF","Real interest rate (%)","FR.INR.RINR","..","..","..","..","..","..","..","..","..",".."
French Polynesia,"PYF","Market capitalization of listed domestic companies (% of GDP)","CM.MKT.LCAP.GD.ZS","..","..","..","..","..","..","..","..","..",".."
French Polynesia,"PYF","Stocks traded, total value (% of GDP)","CM.MKT.TRAD.GD.ZS","..","..","..","..","..","..","..","..","..",".."
French Polynesia,"PYF","Secure Internet servers (per 1 million people)","IT.NET.SECR.P6","257.899977791946","589.102671669874","736.200704036596","1082.30538213981","1235.63352184206","1604.7635386287","2022.26993558696","2312.19630190881","2771.40028459194",".."
French Polynesia,"PYF","Fixed broadband subscriptions (per 100 people)","IT.NET.BBND.P2","19.8593728732207","20.5950294015788","21.3676893661884","22.219514467771","22.9218972167803","26.724495339395","27.914458338386","35.5533975056738","..",".."
French Polynesia,"PYF","ICT goods imports (% total goods imports)","TM.VAL.ICTG.ZS.UN","4.77","5.05","4.12","4.39","5.25","5.17","4.49","..","..",".."
French Polynesia,"PYF","Individuals using the Internet (% of population)","IT.NET.USER.ZS","68.440419493378","72.7038953132942","..","..","..","..","..","..","..",".."
French Polynesia,"PYF","School enrollment, tertiary (% gross)","SE.TER.ENRR","..","..","..","..","..","..","..","..","..",".."
French Polynesia,"PYF","Research and development expenditure (% of GDP)","GB.XPD.RSDV.GD.ZS","..","..","..","..","..","..","..","..","..",".."
French Polynesia,"PYF","High-technology exports (% of manufactured exports)","TX.VAL.TECH.MF.ZS","22.2084033244462","13.2913476438458","10.7052602292096","30.8189587432752","10.292610755327","23.2822467980556","9.98209639170277","0.90861411457913","1.92522086808869",".."
French Polynesia,"PYF","GDP per person employed (constant 2021 PPP $)","SL.GDP.PCAP.EM.KD","..","..","..","..","..","..","..","..","..",".."
Gabon,"GAB","GDP growth (annual %)","NY.GDP.MKTP.KD.ZG","2.09144220829562","0.472642030911146","0.83791658082157","3.92080879452831","-1.83776106357656","1.46795731487489","3.03761449530657","2.43893665064327","3.39403899592401",".."
Gabon,"GAB","Inflation, consumer prices (annual %)","FP.CPI.TOTL.ZG","2.10670712784054","2.65192583143902","4.74906652083221","2.46456756151187","1.35276110675333","1.0869074651941","4.23124798274579","3.62901534185376","1.17311998381218",".."
Gabon,"GAB","Gross fixed capital formation (% of GDP)","NE.GDI.FTOT.ZS","26.9822610431075","21.2964674161829","19.2582324284114","21.8987965722319","19.8634691076218","17.4565506184958","16.0269404879583","18.0760661101408","19.1352290512735",".."
Gabon,"GAB","Foreign direct investment, net inflows (% of GDP)","BX.KLT.DINV.WD.GD.ZS","8.86815381799839","8.80157025688894","8.17598940777917","9.20409837955739","11.1881442291265","7.86436710820957","5.40389729406011","5.93517225575899","5.47750591310442",".."
Gabon,"GAB","Domestic credit to private sector (% of GDP)","FS.AST.PRVT.GD.ZS","13.8289895507558","10.2903622081637","13.0826930691649","13.3764779657931","..","..","..","..","..",".."
Gabon,"GAB","Real interest rate (%)","FR.INR.RINR","..","..","..","..","..","..","..","..","..",".."
Gabon,"GAB","Market capitalization of listed domestic companies (% of GDP)","CM.MKT.LCAP.GD.ZS","..","..","..","..","..","..","..","..","..",".."
Gabon,"GAB","Stocks traded, total value (% of GDP)","CM.MKT.TRAD.GD.ZS","..","..","..","..","..","..","..","..","..",".."
Gabon,"GAB","Secure Internet servers (per 1 million people)","IT.NET.SECR.P6","21.425449434511","26.8904446195929","25.3128166927178","24.2535849003354","42.1952010278407","39.9710189075542","28.3863355585752","43.0620064721793","87.0437881456601",".."
Gabon,"GAB","Fixed broadband subscriptions (per 100 people)","IT.NET.BBND.P2","0.715038665794413","0.683712735870926","0.953117951397584","1.07496298020996","1.9206136043356","2.65142494578668","3.3054859267542","3.97293291301595","4.6941021334787",".."
Gabon,"GAB","ICT goods imports (% total goods imports)","TM.VAL.ICTG.ZS.UN","..","..","..","..","..","..","..","..","..",".."
Gabon,"GAB","Individuals using the Internet (% of population)","IT.NET.USER.ZS","48.0522995","51.60490036","55.42020035","59.51760101","63.91790009","65.76809692","67.67169952","68.19789886","68.72090149",".."
Gabon,"GAB","School enrollment, tertiary (% gross)","SE.TER.ENRR","..","..","..","..","..","..","..","..","..",".."
Gabon,"GAB","Research and development expenditure (% of GDP)","GB.XPD.RSDV.GD.ZS","..","..","..","..","..","..","..","..","..",".."
Gabon,"GAB","High-technology exports (% of manufactured exports)","TX.VAL.TECH.MF.ZS","1.5764201645108","3.2278177583876","2.99535648763002","2.34638668892119","2.38973424083547","1.48332589633571","3.90758494231998","1.77313570365975","..",".."
Gabon,"GAB","GDP per person employed (constant 2021 PPP $)","SL.GDP.PCAP.EM.KD","77719.0852720154","75864.4185356326","74470.5975520776","75293.5546198187","78445.5613864109","76713.2017596691","71821.1190788881","71810.8520421262","72658.8844625523",".."
"Gambia, The","GMB","GDP growth (annual %)","NY.GDP.MKTP.KD.ZG","1.94335965478776","4.8226112492757","7.23489033258579","6.22205315994859","0.591487287873974","5.25596878816744","5.49299823010114","5.9167957146697","5.55126069510321",".."
"Gambia, The","GMB","Inflation, consumer prices (annual %)","FP.CPI.TOTL.ZG","7.22879272057922","8.03418974545911","6.52096823946573","7.11567625631192","5.93127636562441","7.37034758876618","11.5131198380505","16.9742129632327","11.5610532897511",".."
"Gambia, The","GMB","Gross fixed capital formation (% of GDP)","NE.GDI.FTOT.ZS","24.919934192266","22.9597266827213","20.8784242569263","24.6538431612228","32.34205468872","30.3707902499395","28.6236492072635","27.4459749812404","29.9390742710396",".."
"Gambia, The","GMB","Foreign direct investment, net inflows (% of GDP)","BX.KLT.DINV.WD.GD.ZS","4.70370236790454","4.27524164277035","4.89653501762191","3.9194379121789","10.4612755737217","12.5026201279668","10.4995860985808","8.62799548703865","9.66186331873299",".."
"Gambia, The","GMB","Domestic credit to private sector (% of GDP)","FS.AST.PRVT.GD.ZS","..","6.09221630485146","7.05226804537001","8.2021724578564","8.15222243350758","8.87544997363302","9.62022046623071","8.72531336182225","9.40397496277796",".."
"Gambia, The","GMB","Real interest rate (%)","FR.INR.RINR","..","24.1318963090858","19.6801204275511","20.4680865814816","25.2583956439869","11.2848180137213","9.35783664559597","6.18261211141397","15.3152950102071",".."
"Gambia, The","GMB","Market capitalization of listed domestic companies (% of GDP)","CM.MKT.LCAP.GD.ZS","..","..","..","..","..","..","..","..","..",".."
"Gambia, The","GMB","Stocks traded, total value (% of GDP)","CM.MKT.TRAD.GD.ZS","..","..","..","..","..","..","..","..","..",".."
"Gambia, The","GMB","Secure Internet servers (per 1 million people)","IT.NET.SECR.P6","8.31958048296478","45.2568089082478","23.3369116597878","21.1653649967194","27.8248923872287","46.1954728436613","49.6876505327199","52.2639365864236","58.6959073735103",".."
"Gambia, The","GMB","Fixed broadband subscriptions (per 100 people)","IT.NET.BBND.P2","0.164202246374305","0.17078041097452","0.184736659621142","0.203513124968455","0.198749231337348","0.194098625393535","0.215818879031432","0.502141524068284","0.518552979215852",".."
"Gambia, The","GMB","ICT goods imports (% total goods imports)","TM.VAL.ICTG.ZS.UN","0.8","0.54","0.58","0.76","1.23","0.87","..","..","..",".."
"Gambia, The","GMB","Individuals using the Internet (% of population)","IT.NET.USER.ZS","19.90640068","22.5156002","28.30900002","31.11829948","36.01100159","41.67309952","48.22539902","48.72829819","49.49430084",".."
"Gambia, The","GMB","School enrollment, tertiary (% gross)","SE.TER.ENRR","..","..","..","..","..","..","..","..","13.4765901565552",".."
"Gambia, The","GMB","Research and development expenditure (% of GDP)","GB.XPD.RSDV.GD.ZS","..","..","0.06933","..","..","..","..","..","..",".."
"Gambia, The","GMB","High-technology exports (% of manufactured exports)","TX.VAL.TECH.MF.ZS","0","0.360381487082307","1.74152996206824","0.0409548386308044","0.886698821678881","0.000735977873561209","3.21248823002167","2.3423098344067","3.34757896376015",".."
"Gambia, The","GMB","GDP per person employed (constant 2021 PPP $)","SL.GDP.PCAP.EM.KD","9759.86100370905","9813.8238117406","10107.474296546","10474.5856942241","10386.7480722501","10650.7960442423","10888.0877895931","11244.3200940991","11518.1758517723",".."
Georgia,"GEO","GDP growth (annual %)","NY.GDP.MKTP.KD.ZG","3.45021517996871","5.15990261658827","6.062036412677","5.38071926589951","-6.2904717853839","10.6442336580969","10.9585321385624","7.83220126555726","9.67979387500691",".."
Georgia,"GEO","Inflation, consumer prices (annual %)","FP.CPI.TOTL.ZG","2.13492713939121","6.03531725272117","2.6152447139767","4.85289821696723","5.2024648897534","9.56691433824769","11.8981654203198","2.48776056578715","1.10971758022096",".."
Georgia,"GEO","Gross fixed capital formation (% of GDP)","NE.GDI.FTOT.ZS","26.0024408393292","25.1354716981132","24.7927533389166","23.9627957205486","22.2328094559039","20.7580923522825","19.7501572879495","21.4600701499044","21.3178430978306",".."
Georgia,"GEO","Foreign direct investment, net inflows (% of GDP)","BX.KLT.DINV.WD.GD.ZS","10.746989399988","11.7183676491747","7.28401976586955","7.92523222582948","3.47997036066188","6.84360165773215","9.03652531888906","6.86202066832702","4.68837813919395",".."
Georgia,"GEO","Domestic credit to private sector (% of GDP)","FS.AST.PRVT.GD.ZS","54.014570070671","55.071079573885","59.5296426505116","65.0283258328935","79.0645249082047","72.9083897422509","63.0726082732066","66.4033160272702","68.288927581665",".."
Georgia,"GEO","Real interest rate (%)","FR.INR.RINR","10.115978102529","3.66225712829474","7.37748362882285","6.55865669781933","4.63543510413947","2.06923029008173","5.10459321971571","12.6861439346055","9.61108446916075",".."
Georgia,"GEO","Market capitalization of listed domestic companies (% of GDP)","CM.MKT.LCAP.GD.ZS","..","..","..","..","..","..","..","..","..",".."
Georgia,"GEO","Stocks traded, total value (% of GDP)","CM.MKT.TRAD.GD.ZS","..","..","..","..","..","..","..","..","..",".."
Georgia,"GEO","Secure Internet servers (per 1 million people)","IT.NET.SECR.P6","406.706362566918","2360.24424866497","2182.17981301199","2776.4927378143","3497.44648799425","3725.11533970949","4942.75827999554","5251.80710018051","5454.97744729977",".."
Georgia,"GEO","Fixed broadband subscriptions (per 100 people)","IT.NET.BBND.P2","17.9595929069632","20.4644306577176","22.5911406351247","24.6806060596483","25.5120429077493","26.6463786914494","28.3337075311796","29.3086367614167","30.4157660721649",".."
Georgia,"GEO","ICT goods imports (% total goods imports)","TM.VAL.ICTG.ZS.UN","4.64","5.7","5.07","4.45","4.06","4.84","5.13","..","..",".."
Georgia,"GEO","Individuals using the Internet (% of population)","IT.NET.USER.ZS","58.4592896118725","59.7055045962571","62.7179081974285","68.8467135616978","72.53157487","76.4427093","78.71127536","81.88425624","83.79855689",".."
Georgia,"GEO","School enrollment, tertiary (% gross)","SE.TER.ENRR","58.1988080034057","63.535040959252","66.747813990461","69.6463934713126","71.8064531290391","77.2303110681266","79.3253367493498","78.2652247393707","..","89.4861221313477"
Georgia,"GEO","Research and development expenditure (% of GDP)","GB.XPD.RSDV.GD.ZS","0.28025","0.26645","0.27573","0.28197","0.29765","0.24875","0.2347","0.25084","0.26435",".."
Georgia,"GEO","High-technology exports (% of manufactured exports)","TX.VAL.TECH.MF.ZS","3.44853487096684","2.96686397314837","2.88677086815774","2.0768413554362","2.1252867712654","1.60289302245774","2.94920090255456","2.29303754401881","3.78381539474497",".."
Georgia,"GEO","GDP per person employed (constant 2021 PPP $)","SL.GDP.PCAP.EM.KD","34990.9806931287","35926.437812329","38834.7766424621","41265.3226378976","38524.8467094044","44589.9495168103","47270.7160288955","50507.3180135074","55209.4484289924",".."
Germany,"DEU","GDP growth (annual %)","NY.GDP.MKTP.KD.ZG","2.22222216259371","2.797906720551","1.13569604599849","0.977734697038784","-4.13191443239947","3.90999994204108","1.8092581243061","-0.869647578573321","-0.495851897260366",".."
Germany,"DEU","Inflation, consumer prices (annual %)","FP.CPI.TOTL.ZG","0.491747008445174","1.50949485109628","1.73216879766941","1.44565976888253","0.144877925813981","3.06666666666673","6.87257438551096","5.94643667725823","2.2564981433876",".."
Germany,"DEU","Gross fixed capital formation (% of GDP)","NE.GDI.FTOT.ZS","20.0438468833034","20.1339289732412","20.8175234345652","21.1522978107472","21.3426763110307","21.181504152251","21.6010467765749","21.1916877404125","20.4603173503166",".."
Germany,"DEU","Foreign direct investment, net inflows (% of GDP)","BX.KLT.DINV.WD.GD.ZS","1.64365840117303","2.88914588414184","4.00082875273687","1.9056930139782","4.48523547812751","2.93002168676674","2.07605246190373","1.69740103499567","1.01586176558023",".."
Germany,"DEU","Domestic credit to private sector (% of GDP)","FS.AST.PRVT.GD.ZS","75.9886830599554","76.0590859587592","76.6188414195566","77.9656968065859","83.809378912227","82.7038241987432","81.079187544963","77.253484574492","..",".."
Germany,"DEU","Real interest rate (%)","FR.INR.RINR","..","..","..","..","..","..","..","..","..",".."
Germany,"DEU","Market capitalization of listed domestic companies (% of GDP)","CM.MKT.LCAP.GD.ZS","48.5197743240464","60.079981755637","43.2795387525403","52.9855978284666","57.9517289387954","57.4718950080433","44.9810563246043","47.7411977532533","43.6283922696023",".."
Germany,"DEU","Stocks traded, total value (% of GDP)","CM.MKT.TRAD.GD.ZS","31.7834102709328","41.3931875050649","40.1841624182353","34.4177282702452","46.5765858770831","35.0430114336958","30.7704137307004","22.8257880112607","19.7199823641712",".."
Germany,"DEU","Secure Internet servers (per 1 million people)","IT.NET.SECR.P6","11624.9602042748","34181.2784354313","56406.6207107244","77970.0331298817","97517.56929049","113297.576359309","126884.076646738","139972.802327193","152113.844011812",".."
Germany,"DEU","Fixed broadband subscriptions (per 100 people)","IT.NET.BBND.P2","38.4991067314054","39.9888046312857","40.9651498488548","42.1155574684512","43.3048696627","44.0643361489671","44.6186317766404","45.380522509099","45.6069242965787",".."
Germany,"DEU","ICT goods imports (% total goods imports)","TM.VAL.ICTG.ZS.UN","8.5","8.78","8.55","8.37","8.98","8.53","7.48","..","..",".."
Germany,"DEU","Individuals using the Internet (% of population)","IT.NET.USER.ZS","84.1652066441212","84.3941537010844","87.037112092841","88.1345169091916","89.81294133","91.43060973","91.62984383","92.4763763","93.49999579",".."
Germany,"DEU","School enrollment, tertiary (% gross)","SE.TER.ENRR","67.9464111328125","68.4692306518555","69.1634292602539","72.705078125","72.3894195556641","75.6655426025391","77.3656997680664","78.5947494506836","76.7096862792969",".."
Germany,"DEU","Research and development expenditure (% of GDP)","GB.XPD.RSDV.GD.ZS","2.88393","2.9886","3.05057","3.11256","3.0897","3.0786","3.07096","3.1539","..",".."
Germany,"DEU","High-technology exports (% of manufactured exports)","TX.VAL.TECH.MF.ZS","18.0827014214761","15.850578794452","15.7474335584013","16.3869405629417","15.5031959869375","15.3851048227765","17.4981505573659","17.7818374796623","17.9772990379432",".."
Germany,"DEU","GDP per person employed (constant 2021 PPP $)","SL.GDP.PCAP.EM.KD","120306.575313947","122479.574426158","122737.088773668","122616.680134217","120091.530286554","124673.857586199","125524.782244326","123751.082077915","123471.847647958",".."
Ghana,"GHA","GDP growth (annual %)","NY.GDP.MKTP.KD.ZG","3.37346574966936","8.12889488100956","6.20007768127284","6.5077747939152","0.513941670628171","5.07646643533542","3.80484980952164","3.14009099763754","5.59045469593266",".."
Ghana,"GHA","Inflation, consumer prices (annual %)","FP.CPI.TOTL.ZG","17.4546347070868","12.3719215507048","7.80876516610703","7.14364003330857","9.88728956269944","9.9710886750444","31.2558951049016","38.1069656296501","22.8483281157842",".."
Ghana,"GHA","Gross fixed capital formation (% of GDP)","NE.GDI.FTOT.ZS","24.8261687864837","18.8864252401077","21.1990937450982","18.0381936845263","17.6607471070578","16.7536504450636","16.2045835595444","9.86731842368043","9.85797271154309",".."
Ghana,"GHA","Foreign direct investment, net inflows (% of GDP)","BX.KLT.DINV.WD.GD.ZS","6.20782671803196","5.39035841681501","4.4440435772374","5.67619931009197","2.67937438514205","3.18633188953992","1.93240124339233","1.63794208213468","2.14505298599888",".."
Ghana,"GHA","Domestic credit to private sector (% of GDP)","FS.AST.PRVT.GD.ZS","17.4356386560413","16.0995201444141","13.7141432192203","13.9372113856401","13.058528858537","13.0544311231372","13.2885237880865","9.44619497372883","9.03066314422754",".."
Ghana,"GHA","Real interest rate (%)","FR.INR.RINR","..","..","..","..","..","..","..","..","..",".."
Ghana,"GHA","Market capitalization of listed domestic companies (% of GDP)","CM.MKT.LCAP.GD.ZS","..","..","..","14.5764400139156","13.2090586624488","13.1888635943193","8.74424670153932","7.70916195129239","9.20351586791595",".."
Ghana,"GHA","Stocks traded, total value (% of GDP)","CM.MKT.TRAD.GD.ZS","..","..","..","0.0129036733440595","0.0466516487192202","0.0340568079525135","0.0841867412946832","0.03522160759193","0.0954097957434273",".."
Ghana,"GHA","Secure Internet servers (per 1 million people)","IT.NET.SECR.P6","94.0499460055888","91.4412033395767","21.1831317644651","43.7954639863885","57.8904621512253","50.0020526672912","49.1415285676086","48.1533130456056","48.9145074910361",".."
Ghana,"GHA","Fixed broadband subscriptions (per 100 people)","IT.NET.BBND.P2","0.294978237026438","0.189313949042323","0.199976597372149","0.187204014722826","0.245771040587956","0.352237707175248","0.62494509663475","0.555476730525596","0.664728986034211",".."
Ghana,"GHA","ICT goods imports (% total goods imports)","TM.VAL.ICTG.ZS.UN","2.5","2.51","2.39","2.47","..","..","..","..","..",".."
Ghana,"GHA","Individuals using the Internet (% of population)","IT.NET.USER.ZS","28","37.88420105","43","22.0732","62.51760101","68.6","69.91329956","70.67430115","72.17569733",".."
Ghana,"GHA","School enrollment, tertiary (% gross)","SE.TER.ENRR","15.606270735823","16.2065694246062","15.9045597520982","17.3607250095097","18.6139938594155","19.2005186528071","20.44559258931","22.0958254757285","21.330810546875",".."
Ghana,"GHA","Research and development expenditure (% of GDP)","GB.XPD.RSDV.GD.ZS","..","..","..","..","..","..","..","..","..",".."
Ghana,"GHA","High-technology exports (% of manufactured exports)","TX.VAL.TECH.MF.ZS","2.29813974435795","4.42717231922926","8.30535420920506","1.14325401056793","..","0.726084593720307","1.95740716852014","2.11003762211445","..",".."
Ghana,"GHA","GDP per person employed (constant 2021 PPP $)","SL.GDP.PCAP.EM.KD","14263.4281419668","14996.7190933965","15873.6738596473","16875.1360967053","17123.6101345562","17906.6141746011","18467.0999355565","18586.6221683536","19154.8754534753",".."
Gibraltar,"GIB","GDP growth (annual %)","NY.GDP.MKTP.KD.ZG","..","..","..","..","..","..","..","..","..",".."
Gibraltar,"GIB","Inflation, consumer prices (annual %)","FP.CPI.TOTL.ZG","..","..","..","..","..","..","..","..","..",".."
Gibraltar,"GIB","Gross fixed capital formation (% of GDP)","NE.GDI.FTOT.ZS","..","..","..","..","..","..","..","..","..",".."
Gibraltar,"GIB","Foreign direct investment, net inflows (% of GDP)","BX.KLT.DINV.WD.GD.ZS","..","..","..","..","..","..","..","..","..",".."
Gibraltar,"GIB","Domestic credit to private sector (% of GDP)","FS.AST.PRVT.GD.ZS","..","..","..","..","..","..","..","..","..",".."
Gibraltar,"GIB","Real interest rate (%)","FR.INR.RINR","..","..","..","..","..","..","..","..","..",".."
Gibraltar,"GIB","Market capitalization of listed domestic companies (% of GDP)","CM.MKT.LCAP.GD.ZS","..","..","..","..","..","..","..","..","..",".."
Gibraltar,"GIB","Stocks traded, total value (% of GDP)","CM.MKT.TRAD.GD.ZS","..","..","..","..","..","..","..","..","..",".."
Gibraltar,"GIB","Secure Internet servers (per 1 million people)","IT.NET.SECR.P6","13963.990730287","18104.8328223098","15923.5668789809","15382.8816137939","20927.2109031598","16414.3469531716","16804.488287378","8837.82589482987","8187.34267334537",".."
Gibraltar,"GIB","Fixed broadband subscriptions (per 100 people)","IT.NET.BBND.P2","48.7372987105592","50.7314936487078","54.4528605038159","54.9304107736519","58.0792303651895","59.8567475174996","60.9747666781887","..","..",".."
Gibraltar,"GIB","ICT goods imports (% total goods imports)","TM.VAL.ICTG.ZS.UN","..","..","..","..","..","..","..","..","..",".."
Gibraltar,"GIB","Individuals using the Internet (% of population)","IT.NET.USER.ZS","94.4444715818151","..","..","..","..","..","..","..","..",".."
Gibraltar,"GIB","School enrollment, tertiary (% gross)","SE.TER.ENRR","..","..","..","..","..","..","..","..","..",".."
Gibraltar,"GIB","Research and development expenditure (% of GDP)","GB.XPD.RSDV.GD.ZS","..","..","..","..","..","..","..","..","..",".."
Gibraltar,"GIB","High-technology exports (% of manufactured exports)","TX.VAL.TECH.MF.ZS","..","..","..","..","..","..","..","..","..",".."
Gibraltar,"GIB","GDP per person employed (constant 2021 PPP $)","SL.GDP.PCAP.EM.KD","..","..","..","..","..","..","..","..","..",".."
Greece,"GRC","GDP growth (annual %)","NY.GDP.MKTP.KD.ZG","-0.0317947678412054","1.47312472702352","2.06467207892409","2.27718065334808","-9.19623149726978","8.65449786002131","5.52198580589408","2.13591131996631","2.0865743380603",".."
Greece,"GRC","Inflation, consumer prices (annual %)","FP.CPI.TOTL.ZG","-0.825653978391033","1.12125452031425","0.62562141345364","0.253007522038059","-1.24798355581405","1.22382501019854","9.64525981280642","3.46480128513405","2.74101875679477",".."
Greece,"GRC","Gross fixed capital formation (% of GDP)","NE.GDI.FTOT.ZS","11.3684708155605","12.0492834143889","11.3310526081969","10.97046317576","12.2998658740322","13.7915466530779","15.7213358540523","15.8842464967092","16.0395231559948",".."
Greece,"GRC","Foreign direct investment, net inflows (% of GDP)","BX.KLT.DINV.WD.GD.ZS","1.3975055397238","1.7162955046024","1.88723349665643","2.41172201156202","1.72637818314203","3.0165221032062","3.69648293387112","1.94366777616511","2.6312519942121",".."
Greece,"GRC","Domestic credit to private sector (% of GDP)","FS.AST.PRVT.GD.ZS","108.627097496027","100.647509860794","91.2069328032117","80.2122396702063","81.2709751259998","56.1973361608804","52.4567421241532","49.2157408211615","48.5410004453358",".."
Greece,"GRC","Real interest rate (%)","FR.INR.RINR","..","..","..","..","..","..","..","..","..",".."
Greece,"GRC","Market capitalization of listed domestic companies (% of GDP)","CM.MKT.LCAP.GD.ZS","19.2457692157776","25.2544072239294","17.9892417486249","25.8815811480494","26.6440711364125","27.1375988350427","27.0816223923378","33.4712023090498","32.469395361302",".."
Greece,"GRC","Stocks traded, total value (% of GDP)","CM.MKT.TRAD.GD.ZS","6.33049104160671","7.59150096688778","5.57218132720818","7.44122025058514","8.61335850933127","7.55339112596236","7.48541025166776","10.0028982657594","9.06818125589741",".."
Greece,"GRC","Secure Internet servers (per 1 million people)","IT.NET.SECR.P6","1411.84492794199","3695.69375338864","5035.36701512231","6647.33991681452","8907.70838312568","11384.3924146816","13068.1749587664","14227.2514879146","15657.9434729048",".."
Greece,"GRC","Fixed broadband subscriptions (per 100 people)","IT.NET.BBND.P2","33.5485838991847","35.1351318678243","36.9203391643751","38.3565690069278","39.7876360746134","41.9213046741732","42.923040428409","43.8539621755853","44.6759828527928",".."
Greece,"GRC","ICT goods imports (% total goods imports)","TM.VAL.ICTG.ZS.UN","4.67","4.34","4.44","4.48","5.6","5.24","3.97","..","..",".."
Greece,"GRC","Individuals using the Internet (% of population)","IT.NET.USER.ZS","69.0879154723892","69.8929706543154","72.2383733920483","75.6712066931757","78.11584474","78.49426371","83.17066333","85.0102229","86.26968886",".."
Greece,"GRC","School enrollment, tertiary (% gross)","SE.TER.ENRR","131.403213500977","135.333923339844","140.950317382812","143.96272277832","143.693344116211","150.605484008789","166.389556884766","165.113418579102","..",".."
Greece,"GRC","Research and development expenditure (% of GDP)","GB.XPD.RSDV.GD.ZS","1.00556","1.1492","1.2066","1.26236","1.48872","1.43353","1.47714","1.4943","..",".."
Greece,"GRC","High-technology exports (% of manufactured exports)","TX.VAL.TECH.MF.ZS","13.7270081175833","12.1148895809545","12.9551889486437","12.5222555558252","13.2518669714424","12.2848681524393","14.4708651762207","15.1515337740903","15.011494857431",".."
Greece,"GRC","GDP per person employed (constant 2021 PPP $)","SL.GDP.PCAP.EM.KD","94012.204187455","93242.6073349121","93072.9758937248","92661.4517378883","84377.6707609109","90794.826027279","91638.3096821665","92145.8897479429","91704.636120514",".."
Greenland,"GRL","GDP growth (annual %)","NY.GDP.MKTP.KD.ZG","4.68195410972302","0.0527281828800312","0.62306542854094","2.83217756798683","0.250789762104304","1.63409410992996","2.00455580865604","0.865961986998158","..",".."
Greenland,"GRL","Inflation, consumer prices (annual %)","FP.CPI.TOTL.ZG","..","..","..","..","..","..","..","..","..",".."
Greenland,"GRL","Gross fixed capital formation (% of GDP)","NE.GDI.FTOT.ZS","25.2703896574241","23.1335871984025","21.4022522685931","30.7827757323515","33.0834916488562","36.8675478459079","36.4913208765197","34.6866559913434","..",".."
Greenland,"GRL","Foreign direct investment, net inflows (% of GDP)","BX.KLT.DINV.WD.GD.ZS","..","..","..","..","..","..","..","..","..",".."
Greenland,"GRL","Domestic credit to private sector (% of GDP)","FS.AST.PRVT.GD.ZS","..","..","..","..","..","..","..","..","..",".."
Greenland,"GRL","Real interest rate (%)","FR.INR.RINR","..","..","..","..","..","..","..","..","..",".."
Greenland,"GRL","Market capitalization of listed domestic companies (% of GDP)","CM.MKT.LCAP.GD.ZS","..","..","..","..","..","..","..","..","..",".."
Greenland,"GRL","Stocks traded, total value (% of GDP)","CM.MKT.TRAD.GD.ZS","..","..","..","..","..","..","..","..","..",".."
Greenland,"GRL","Secure Internet servers (per 1 million people)","IT.NET.SECR.P6","2954.472644431","2527.94986826177","3070.16760973172","3201.42285460204","4115.88340695797","4377.52634458899","4606.3429872399","4765.67308537765","3905.97508621296",".."
Greenland,"GRL","Fixed broadband subscriptions (per 100 people)","IT.NET.BBND.P2","..","21.7278093845303","24.0610621678496","26.1001355110192","27.9190442225392","29.9441480344748","31.9842829076621","..","..",".."
Greenland,"GRL","ICT goods imports (% total goods imports)","TM.VAL.ICTG.ZS.UN","3.19","4.26","3.67","..","..","..","..","..","..",".."
Greenland,"GRL","Individuals using the Internet (% of population)","IT.NET.USER.ZS","68.500873675421","69.4824617821988","..","..","..","..","..","..","..",".."
Greenland,"GRL","School enrollment, tertiary (% gross)","SE.TER.ENRR","..","..","..","..","..","..","..","..","..",".."
Greenland,"GRL","Research and development expenditure (% of GDP)","GB.XPD.RSDV.GD.ZS","..","..","..","..","..","..","..","..","..",".."
Greenland,"GRL","High-technology exports (% of manufactured exports)","TX.VAL.TECH.MF.ZS","4.80662545173762","4.33718729181377","1.70924920520931","..","..","..","..","..","..",".."
Greenland,"GRL","GDP per person employed (constant 2021 PPP $)","SL.GDP.PCAP.EM.KD","..","..","..","..","..","..","..","..","..",".."
Grenada,"GRD","GDP growth (annual %)","NY.GDP.MKTP.KD.ZG","3.7396039558691","4.43867566948151","4.36144039364797","0.676511738873756","-13.7566222572107","4.6977240232674","7.31023806981959","4.52657497450693","3.96332516398188",".."
Grenada,"GRD","Inflation, consumer prices (annual %)","FP.CPI.TOTL.ZG","1.65038994431573","0.908458255874249","0.804102313277033","0.598149764736022","-0.740732597045498","1.21951193916838","2.5805392590792","2.69612269814564","1.08615365134737",".."
Grenada,"GRD","Gross fixed capital formation (% of GDP)","NE.GDI.FTOT.ZS","..","..","..","..","..","..","..","..","..",".."
Grenada,"GRD","Foreign direct investment, net inflows (% of GDP)","BX.KLT.DINV.WD.GD.ZS","10.3063305270724","13.6164508332703","15.9441349586327","17.1914579677146","13.5399655332758","13.5644762706271","13.3138087097027","16.4807317512533","11.9486288193338",".."
Grenada,"GRD","Domestic credit to private sector (% of GDP)","FS.AST.PRVT.GD.ZS","53.7227840903144","51.0669057528748","50.6457030915135","49.5470652329837","59.3971695400769","57.3161056105611","53.6300615464685","50.9869662697148","54.851357115475",".."
Grenada,"GRD","Real interest rate (%)","FR.INR.RINR","5.83642534217734","6.6843122956056","8.59987824067676","4.106838562838","7.15464657927515","3.71656968002062","4.72110993874028","2.36887421410956","8.24766359660216",".."
Grenada,"GRD","Market capitalization of listed domestic companies (% of GDP)","CM.MKT.LCAP.GD.ZS","..","..","..","..","..","..","..","..","..",".."
Grenada,"GRD","Stocks traded, total value (% of GDP)","CM.MKT.TRAD.GD.ZS","..","..","..","..","..","..","..","..","..",".."
Grenada,"GRD","Secure Internet servers (per 1 million people)","IT.NET.SECR.P6","269.260835577174","225.229127323758","311.173730022214","482.837706176012","558.702435083075","625.599890305773","718.482974519515","614.958874625259","742.276485192864",".."
Grenada,"GRD","Fixed broadband subscriptions (per 100 people)","IT.NET.BBND.P2","18.0847737340398","19.2614217155529","23.3267929225264","27.4070752968159","27.4640926242683","26.1175099410394","29.767433903843","..","..",".."
Grenada,"GRD","ICT goods imports (% total goods imports)","TM.VAL.ICTG.ZS.UN","3.44","3.96","5.35","4.54","5.97","5.1","3.51","..","..",".."
Grenada,"GRD","Individuals using the Internet (% of population)","IT.NET.USER.ZS","53.29999924","54.20000076","61.42459869","64.31279755","65.65380096","67.02279663","68.42030334","69.4131012","70.16159821",".."
Grenada,"GRD","School enrollment, tertiary (% gross)","SE.TER.ENRR","96.7951431274414","98.6993408203125","99.9891967773438","..","..","..","..","..","..",".."
Grenada,"GRD","Research and development expenditure (% of GDP)","GB.XPD.RSDV.GD.ZS","..","..","..","..","..","..","..","..","..",".."
Grenada,"GRD","High-technology exports (% of manufactured exports)","TX.VAL.TECH.MF.ZS","32.2183671192355","7.16502960454243","12.7236433160283","11.444444476357","2.97590746119115","1.24145758164245","2.17718748959197","3.00776134164197","6.4434446202485",".."
Grenada,"GRD","GDP per person employed (constant 2021 PPP $)","SL.GDP.PCAP.EM.KD","..","..","..","..","..","..","..","..","..",".."
Guam,"GUM","GDP growth (annual %)","NY.GDP.MKTP.KD.ZG","0.18198362147406","0.890099909173486","-0.828231904933389","2.52360203340596","-10.5188595714539","2.0581832574708","5.09986426216793","..","..",".."
Guam,"GUM","Inflation, consumer prices (annual %)","FP.CPI.TOTL.ZG","..","..","..","..","..","..","..","..","..",".."
Guam,"GUM","Gross fixed capital formation (% of GDP)","NE.GDI.FTOT.ZS","..","..","..","..","..","..","..","..","..",".."
Guam,"GUM","Foreign direct investment, net inflows (% of GDP)","BX.KLT.DINV.WD.GD.ZS","..","..","..","..","..","..","..","..","..",".."
Guam,"GUM","Domestic credit to private sector (% of GDP)","FS.AST.PRVT.GD.ZS","..","..","..","..","..","..","..","..","..",".."
Guam,"GUM","Real interest rate (%)","FR.INR.RINR","..","..","..","..","..","..","..","..","..",".."
Guam,"GUM","Market capitalization of listed domestic companies (% of GDP)","CM.MKT.LCAP.GD.ZS","..","..","..","..","..","..","..","..","..",".."
Guam,"GUM","Stocks traded, total value (% of GDP)","CM.MKT.TRAD.GD.ZS","..","..","..","..","..","..","..","..","..",".."
Guam,"GUM","Secure Internet servers (per 1 million people)","IT.NET.SECR.P6","645.424488379315","733.989846473791","872.884637845081","1032.08741224167","1085.36119093723","1154.33946130825","1132.09831698753","936.903174660373","1299.34377179232",".."
Guam,"GUM","Fixed broadband subscriptions (per 100 people)","IT.NET.BBND.P2","..","..","..","1.85404924354791","1.8500474845521","1.83228485921945","1.8392057149776","..","..",".."
Guam,"GUM","ICT goods imports (% total goods imports)","TM.VAL.ICTG.ZS.UN","..","..","..","..","..","..","..","..","..",".."
Guam,"GUM","Individuals using the Internet (% of population)","IT.NET.USER.ZS","77.009999893206","80.5054655600831","..","..","..","..","..","..","..",".."
Guam,"GUM","School enrollment, tertiary (% gross)","SE.TER.ENRR","..","..","..","..","..","..","..","..","..",".."
Guam,"GUM","Research and development expenditure (% of GDP)","GB.XPD.RSDV.GD.ZS","..","..","..","..","..","..","..","..","..",".."
Guam,"GUM","High-technology exports (% of manufactured exports)","TX.VAL.TECH.MF.ZS","..","..","..","..","..","..","..","..","..",".."
Guam,"GUM","GDP per person employed (constant 2021 PPP $)","SL.GDP.PCAP.EM.KD","..","..","..","..","..","..","..","..","..",".."
Guatemala,"GTM","GDP growth (annual %)","NY.GDP.MKTP.KD.ZG","2.67780277623314","3.07985126948702","3.40687348346576","4.01789785040324","-1.78555175063326","8.04170378184928","4.18451817243695","3.5331575177533","3.65186382894819",".."
Guatemala,"GTM","Inflation, consumer prices (annual %)","FP.CPI.TOTL.ZG","4.44844199942827","4.42453655182546","3.75186186704508","3.69998398008605","3.21444062197345","4.26105127422813","6.88512823344287","6.20657592272126","2.86992752918294",".."
Guatemala,"GTM","Gross fixed capital formation (% of GDP)","NE.GDI.FTOT.ZS","13.8717160544668","13.6094242778371","13.6958970967354","14.3792899434873","13.7024597669997","16.1331176381121","16.7048899065371","16.3409859224031","16.1138303325026",".."
Guatemala,"GTM","Foreign direct investment, net inflows (% of GDP)","BX.KLT.DINV.WD.GD.ZS","1.28045862124744","1.39328931381397","1.25790065429015","1.51707073546928","1.29230382378627","4.19448571319716","1.51615526851124","1.58123029170621","1.63251851384265",".."
Guatemala,"GTM","Domestic credit to private sector (% of GDP)","FS.AST.PRVT.GD.ZS","35.7028467505685","35.1676232731098","35.0489070448464","34.0772266375074","35.850727668634","35.6614893229197","36.594840768713","37.1320996600477","36.7834860946182",".."
Guatemala,"GTM","Real interest rate (%)","FR.INR.RINR","10.1204898095762","11.1119902900915","11.5054734614851","8.85911724555509","9.38398837166732","8.78202370222084","5.21873899425161","5.0888158217868","8.42792235239029",".."
Guatemala,"GTM","Market capitalization of listed domestic companies (% of GDP)","CM.MKT.LCAP.GD.ZS","..","..","..","..","..","..","..","..","..",".."
Guatemala,"GTM","Stocks traded, total value (% of GDP)","CM.MKT.TRAD.GD.ZS","..","..","..","..","..","..","..","..","..",".."
Guatemala,"GTM","Secure Internet servers (per 1 million people)","IT.NET.SECR.P6","36.8804998045334","69.7154048168335","76.340024166426","91.1493192478889","103.587390338085","122.509397027613","129.259070980823","109.187182804061","109.147061621475",".."
Guatemala,"GTM","Fixed broadband subscriptions (per 100 people)","IT.NET.BBND.P2","3.11025548351565","3.20509783183884","..","3.42029196664625","3.52588892585695","3.4775394703571","5.02439029583182","5.08082886037381","5.33792153027114",".."
Guatemala,"GTM","ICT goods imports (% total goods imports)","TM.VAL.ICTG.ZS.UN","6.24","6.41","6.14","6.55","7.1","6.21","5.82","..","..",".."
Guatemala,"GTM","Individuals using the Internet (% of population)","IT.NET.USER.ZS","34.50930023","37.90000153","41.5","44.401049838502","47.51229858","50.84164945","54.40430069","56.72669983","60.22140121",".."
Guatemala,"GTM","School enrollment, tertiary (% gross)","SE.TER.ENRR","..","..","..","22.559501429793","..","..","..","27.2948879201171","..",".."
Guatemala,"GTM","Research and development expenditure (% of GDP)","GB.XPD.RSDV.GD.ZS","0.02311","0.02955","0.02938","0.02642","0.04887","0.05835","0.00549","0.00609","..",".."
Guatemala,"GTM","High-technology exports (% of manufactured exports)","TX.VAL.TECH.MF.ZS","5.81591535262668","5.34358147059366","5.31041212978891","4.91934688390265","6.05086394466785","5.16708104325419","4.97162403170951","5.77662450839393","5.39604303984542",".."
Guatemala,"GTM","GDP per person employed (constant 2021 PPP $)","SL.GDP.PCAP.EM.KD","28684.2802892223","28646.285813106","29064.2026971092","30181.0422883954","29401.6802471128","28780.5548674922","30913.1045561107","31363.5391801915","31773.9615573574",".."
Guinea,"GIN","GDP growth (annual %)","NY.GDP.MKTP.KD.ZG","10.82062719659","10.3000053427355","6.35849192736715","5.61691446889876","4.70459096113575","5.5823328114905","3.97240784200721","5.54172668627702","5.35004659051708",".."
Guinea,"GIN","Inflation, consumer prices (annual %)","FP.CPI.TOTL.ZG","8.17268112275132","8.91435947913097","9.82761701259191","9.47001039253012","10.6016203387167","12.5972882566934","10.4930409984424","7.80497591927973","8.12313914948596",".."
Guinea,"GIN","Gross fixed capital formation (% of GDP)","NE.GDI.FTOT.ZS","52.4183191347549","25.7658241420525","19.4674095479671","17.7992411069131","16.5753868932617","15.0225263582253","15.2174954505447","24.5016113588117","33.1775583630348",".."
Guinea,"GIN","Foreign direct investment, net inflows (% of GDP)","BX.KLT.DINV.WD.GD.ZS","18.8280094343567","5.59427174638354","2.97511256265365","0.330286821832839","1.25171292113785","1.15770496278309","3.30630355394451","5.86822813302221","5.60537419672227",".."
Guinea,"GIN","Domestic credit to private sector (% of GDP)","FS.AST.PRVT.GD.ZS","10.7669946764946","9.11146864248885","9.6479967391794","10.2885469655835","10.019831655421","9.00671851271095","10.4563455290297","10.2490766052461","10.6668743226748",".."
Guinea,"GIN","Real interest rate (%)","FR.INR.RINR","..","..","..","..","..","..","..","..","..",".."
Guinea,"GIN","Market capitalization of listed domestic companies (% of GDP)","CM.MKT.LCAP.GD.ZS","..","..","..","..","..","..","..","..","..",".."
Guinea,"GIN","Stocks traded, total value (% of GDP)","CM.MKT.TRAD.GD.ZS","..","..","..","..","..","..","..","..","..",".."
Guinea,"GIN","Secure Internet servers (per 1 million people)","IT.NET.SECR.P6","0.911121731661397","1.53403222226609","3.22713335947574","4.83338404550562","6.65610514791399","7.07486291723731","7.61287492252833","10.4821308131051","12.2672068756",".."
Guinea,"GIN","Fixed broadband subscriptions (per 100 people)","IT.NET.BBND.P2","0.00911121731661397","0.00909923323417833","0.00954759210986358","0.00959004770933655","0.00747876982911684","0.00729367311055392","0.00627528568380372","..","..",".."
Guinea,"GIN","ICT goods imports (% total goods imports)","TM.VAL.ICTG.ZS.UN","1.63","..","..","..","..","..","..","..","..",".."
Guinea,"GIN","Individuals using the Internet (% of population)","IT.NET.USER.ZS","13.10000038","18.70000076","21.8300230430563","23.89049911","26.14550018","28.61330032","31.31399918","32.31560135","33.30469894",".."
Guinea,"GIN","School enrollment, tertiary (% gross)","SE.TER.ENRR","..","..","..","..","..","..","..","..","..",".."
Guinea,"GIN","Research and development expenditure (% of GDP)","GB.XPD.RSDV.GD.ZS","..","..","..","..","..","..","..","..","..",".."
Guinea,"GIN","High-technology exports (% of manufactured exports)","TX.VAL.TECH.MF.ZS","0.899971742078623","..","..","..","..","..","..","..","..",".."
Guinea,"GIN","GDP per person employed (constant 2021 PPP $)","SL.GDP.PCAP.EM.KD","10424.77355871","11294.482945034","11816.5002217636","12298.2424655841","12748.3064979265","12976.6801918916","12957.0653299539","13265.9479811216","13569.4228682701",".."
Guinea-Bissau,"GNB","GDP growth (annual %)","NY.GDP.MKTP.KD.ZG","5.4326782650304","4.66367943913264","3.76145359637003","5.32749571119344","2.89139814952995","5.05055831244401","5.52987253058352","5.82749502627256","4.14631137217332",".."
Guinea-Bissau,"GNB","Inflation, consumer prices (annual %)","FP.CPI.TOTL.ZG","1.50312055861088","1.69111461822298","0.381324702790992","0.24660026814783","1.14000939393222","2.24248879577658","9.39075933985203","7.10220928557059","3.76555825770114",".."
Guinea-Bissau,"GNB","Gross fixed capital formation (% of GDP)","NE.GDI.FTOT.ZS","17.9710180283477","17.9786140989487","19.0211737666785","23.902887581908","25.4094332114867","21.3049147760176","21.1250294068297","21.4558902770576","24.1142464088152",".."
Guinea-Bissau,"GNB","Foreign direct investment, net inflows (% of GDP)","BX.KLT.DINV.WD.GD.ZS","1.92748272635559","1.06744396733032","1.32316927565873","4.48925285290298","1.23102714227173","0.971111377767191","1.16465840634171","1.18124925655384","1.20132689112583",".."
Guinea-Bissau,"GNB","Domestic credit to private sector (% of GDP)","FS.AST.PRVT.GD.ZS","..","..","..","..","..","..","..","..","..",".."
Guinea-Bissau,"GNB","Real interest rate (%)","FR.INR.RINR","2.50906461852061","..","..","..","..","..","..","..","..",".."
Guinea-Bissau,"GNB","Market capitalization of listed domestic companies (% of GDP)","CM.MKT.LCAP.GD.ZS","..","..","..","..","..","..","..","..","..",".."
Guinea-Bissau,"GNB","Stocks traded, total value (% of GDP)","CM.MKT.TRAD.GD.ZS","..","..","..","..","..","..","..","..","..",".."
Guinea-Bissau,"GNB","Secure Internet servers (per 1 million people)","IT.NET.SECR.P6","1.63765023393834","2.66372307508716","2.08098355606794","3.5574600954619","2.98024840370445","5.82852196939929","5.22434029642907","6.50153087832431","10.9023908943231",".."
Guinea-Bissau,"GNB","Fixed broadband subscriptions (per 100 people)","IT.NET.BBND.P2","0.0483652702423122","0.0454431156609869","0.062637605037645","0.0623571933875965","0.118365532433795","0.160430067207715","0.219184822436547","0.310448099439986","0.386080917545218",".."
Guinea-Bissau,"GNB","ICT goods imports (% total goods imports)","TM.VAL.ICTG.ZS.UN","..","..","..","..","..","..","..","..","..",".."
Guinea-Bissau,"GNB","Individuals using the Internet (% of population)","IT.NET.USER.ZS","13.80000019","14.80000019","15.69999981","17.92149925","20.45730019","23.3519001","27.67379951","28.71240044","29.77739906",".."
Guinea-Bissau,"GNB","School enrollment, tertiary (% gross)","SE.TER.ENRR","..","..","..","..","..","..","..","..","..",".."
Guinea-Bissau,"GNB","Research and development expenditure (% of GDP)","GB.XPD.RSDV.GD.ZS","..","..","..","..","..","..","..","..","..",".."
Guinea-Bissau,"GNB","High-technology exports (% of manufactured exports)","TX.VAL.TECH.MF.ZS","..","..","..","..","..","..","..","..","..",".."
Guinea-Bissau,"GNB","GDP per person employed (constant 2021 PPP $)","SL.GDP.PCAP.EM.KD","6468.2737286898","6577.15705368494","6636.78995522535","6814.55374670954","6804.89212465135","6815.08964615394","6841.20976777338","7027.37638656247","7111.82538456205",".."
Guyana,"GUY","GDP growth (annual %)","NY.GDP.MKTP.KD.ZG","3.80745626378814","3.73449154571284","4.44091288475967","5.35284003535665","43.479651716849","20.0599975568418","63.3346343654855","33.795011115873","43.8193108024355",".."
Guyana,"GUY","Inflation, consumer prices (annual %)","FP.CPI.TOTL.ZG","0.836008061506207","1.90465615515584","1.28284288443528","2.08723089162013","0.99333702283873","5.03285574626702","6.11505550109935","2.82110335099641","2.90395226446373",".."
Guyana,"GUY","Gross fixed capital formation (% of GDP)","NE.GDI.FTOT.ZS","..","..","..","..","..","..","..","..","..",".."
Guyana,"GUY","Foreign direct investment, net inflows (% of GDP)","BX.KLT.DINV.WD.GD.ZS","1.29386384235538","4.46995182690347","25.7279321835024","51.9994680084664","23.4509659519186","27.8124987352703","-20.3619575428882","-6.70884466235383","34.9900722943113",".."
Guyana,"GUY","Domestic credit to private sector (% of GDP)","FS.AST.PRVT.GD.ZS","34.9527284059029","34.0693866275831","36.5704424077752","37.0927471310292","39.1757180392318","30.828624719599","20.187564075104","19.9285784055441","14.9511094173483",".."
Guyana,"GUY","Real interest rate (%)","FR.INR.RINR","11.9940959906913","10.66604440961","16.3598774102234","7.30175934817451","48.5203312216654","-11.0626956511272","-3.25162203798925","26.1442166832254","6.9220971861463",".."
Guyana,"GUY","Market capitalization of listed domestic companies (% of GDP)","CM.MKT.LCAP.GD.ZS","..","..","..","..","..","..","..","..","..",".."
Guyana,"GUY","Stocks traded, total value (% of GDP)","CM.MKT.TRAD.GD.ZS","..","..","..","..","..","..","..","..","..",".."
Guyana,"GUY","Secure Internet servers (per 1 million people)","IT.NET.SECR.P6","31.4322085841362","32.5317933216132","46.7433763372396","60.6687178471272","59.4441231434548","64.9922377195327","87.6299387685803","101.651473401803","175.673545609545",".."
Guyana,"GUY","Fixed broadband subscriptions (per 100 people)","IT.NET.BBND.P2","7.49173594849309","8.44382214738464","..","10.276537921044","11.7649827054754","11.6495520440672","12.9356394612219","..","..",".."
Guyana,"GUY","ICT goods imports (% total goods imports)","TM.VAL.ICTG.ZS.UN","2.87","2.78","2.23","1.37","1.86","1.76","0.96","..","..",".."
Guyana,"GUY","Individuals using the Internet (% of population)","IT.NET.USER.ZS","35.65999985","42.6753006","48.59889984","55.31269836","62.95399857","71.65090179","76.56240082","79.3553009","83.00080109",".."
Guyana,"GUY","School enrollment, tertiary (% gross)","SE.TER.ENRR","..","..","..","..","..","..","..","25.1520757996244","26.4315792489043",".."
Guyana,"GUY","Research and development expenditure (% of GDP)","GB.XPD.RSDV.GD.ZS","..","..","..","..","..","..","..","..","..",".."
Guyana,"GUY","High-technology exports (% of manufactured exports)","TX.VAL.TECH.MF.ZS","0.197005796128114","0.090739337395843","0.215510365907189","0.300824820520728","2.61088124497344","0.221685101474626","0.123954109320186","15.7138926801315","13.3341087055182",".."
Guyana,"GUY","GDP per person employed (constant 2021 PPP $)","SL.GDP.PCAP.EM.KD","36811.6064202804","38033.6819029705","38213.0249691388","41904.2622573113","63456.087459788","74112.9812154443","110338.421456629","144808.554628665","204862.152410945",".."
Haiti,"HTI","GDP growth (annual %)","NY.GDP.MKTP.KD.ZG","1.81246807847532","2.51027134544685","1.66781095484656","-1.72309699839232","-3.30550546965893","-1.79823988931486","-1.68198396897978","-1.86388420254838","-4.16963395808132",".."
Haiti,"HTI","Inflation, consumer prices (annual %)","FP.CPI.TOTL.ZG","11.5029073942666","10.6800887242584","12.4814111170435","18.7037825672506","22.7963113642528","16.8415240198785","33.98393194707","36.8135162780854","26.9490564091987",".."
Haiti,"HTI","Gross fixed capital formation (% of GDP)","NE.GDI.FTOT.ZS","13.5922278864188","16.876979845919","16.0510920039064","18.5362500202298","17.70308377994","18.0480582579069","15.8621394204196","13.8536836673602","9.93936193656659",".."
Haiti,"HTI","Foreign direct investment, net inflows (% of GDP)","BX.KLT.DINV.WD.GD.ZS","0.745596209929376","2.48360915333592","0.640093066153268","0.499464210439719","0.17231607778598","0.244929572826407","0.194598953085393","0.119129583029912","0.0792936453462934",".."
Haiti,"HTI","Domestic credit to private sector (% of GDP)","FS.AST.PRVT.GD.ZS","10.4552757071217","9.82631897315958","11.2063306533874","10.3687008659048","8.60933596942957","8.31227901324056","8.23905048963666","5.16811191601216","4.11425205774259",".."
Haiti,"HTI","Real interest rate (%)","FR.INR.RINR","-2.13538970338677","-0.905881386499465","6.16388449643877","-4.74015262677218","-3.41324776395879","-5.02284066218918","-12.8404349908928","-13.1530212648201","..",".."
Haiti,"HTI","Market capitalization of listed domestic companies (% of GDP)","CM.MKT.LCAP.GD.ZS","..","..","..","..","..","..","..","..","..",".."
Haiti,"HTI","Stocks traded, total value (% of GDP)","CM.MKT.TRAD.GD.ZS","..","..","..","..","..","..","..","..","..",".."
Haiti,"HTI","Secure Internet servers (per 1 million people)","IT.NET.SECR.P6","4.59168790166141","4.62203152336428","5.38205178774428","5.40289233035121","7.73756457753609","7.91237588779055","6.78048257216042","7.38996810111676","7.72984152890489",".."
Haiti,"HTI","Fixed broadband subscriptions (per 100 people)","IT.NET.BBND.P2","0.0126318271253869","0.276397485097184","0.283697984065843","0.280049919123204","0.275706324027148","0.272537391690564","0.306790757611135","..","..",".."
Haiti,"HTI","ICT goods imports (% total goods imports)","TM.VAL.ICTG.ZS.UN","..","..","..","..","..","..","..","..","..",".."
Haiti,"HTI","Individuals using the Internet (% of population)","IT.NET.USER.ZS","22.79999924","27.20000076","32.4736271300557","35.76409912","39.38809967","43.37919998","47.77470016","47.99269867","47.8614006",".."
Haiti,"HTI","School enrollment, tertiary (% gross)","SE.TER.ENRR","..","..","..","..","..","..","..","..","..",".."
Haiti,"HTI","Research and development expenditure (% of GDP)","GB.XPD.RSDV.GD.ZS","..","..","..","..","..","..","..","..","..",".."
Haiti,"HTI","High-technology exports (% of manufactured exports)","TX.VAL.TECH.MF.ZS","..","..","..","..","..","..","..","..","..",".."
Haiti,"HTI","GDP per person employed (constant 2021 PPP $)","SL.GDP.PCAP.EM.KD","9199.17575210527","9252.08978316787","9234.29016808607","8945.17510107559","8732.60248114749","8343.7884921475","8111.38119839796","7857.47072011589","7475.07929518761",".."
Honduras,"HND","GDP growth (annual %)","NY.GDP.MKTP.KD.ZG","3.89297219726413","4.84291391050387","3.84499476966735","2.55963434592314","-8.96508223267296","12.5652843771279","4.14356194013767","3.57584760454412","3.55397003296669",".."
Honduras,"HND","Inflation, consumer prices (annual %)","FP.CPI.TOTL.ZG","2.72461223295289","3.93436084442044","4.34734937777528","4.36587159819267","3.46841177951184","4.48087963413445","9.08963911525025","6.66325180347457","4.60621098127107",".."
Honduras,"HND","Gross fixed capital formation (% of GDP)","NE.GDI.FTOT.ZS","22.0345380996484","23.532148331901","24.7473556145833","22.8046970698247","18.2840692088973","22.666191471429","22.4910886256308","23.75620763328","23.9265010808856",".."
Honduras,"HND","Foreign direct investment, net inflows (% of GDP)","BX.KLT.DINV.WD.GD.ZS","5.28156973350556","4.10592046689605","5.99386120691106","3.83846408231678","1.0106822391556","2.84361329738544","2.41292398026651","3.16136364280263","3.52903749551745",".."
Honduras,"HND","Domestic credit to private sector (% of GDP)","FS.AST.PRVT.GD.ZS","57.8354023642267","57.7901974979755","62.8149597149301","64.4630328325205","71.2304636812084","67.7270471861986","70.0841626239484","75.6308247756834","78.22344042274",".."
Honduras,"HND","Real interest rate (%)","FR.INR.RINR","15.0985365589809","14.1091275837915","15.5540781113514","13.526118509515","13.159500507325","10.8599265565957","4.84358654077532","7.87488226731961","10.3691964513557",".."
Honduras,"HND","Market capitalization of listed domestic companies (% of GDP)","CM.MKT.LCAP.GD.ZS","..","..","..","..","..","..","..","..","..",".."
Honduras,"HND","Stocks traded, total value (% of GDP)","CM.MKT.TRAD.GD.ZS","..","..","..","..","..","..","..","..","..",".."
Honduras,"HND","Secure Internet servers (per 1 million people)","IT.NET.SECR.P6","29.8542982752503","78.2216607877005","73.4239202229138","91.5158473769094","97.335478337174","113.412434376038","128.441938127684","138.188876481221","148.812506679705",".."
Honduras,"HND","Fixed broadband subscriptions (per 100 people)","IT.NET.BBND.P2","2.34144817782537","2.48526903610159","3.63393106753465","3.92589911554459","3.92223438778455","4.0958409901304","4.40980164894983","4.36212775547539","4.57914834722512",".."
Honduras,"HND","ICT goods imports (% total goods imports)","TM.VAL.ICTG.ZS.UN","5.49","5.16","5.18","5.32","4.79","4.99","..","..","..",".."
Honduras,"HND","Individuals using the Internet (% of population)","IT.NET.USER.ZS","29.5282180796457","31.7357924661485","36.0400608231468","39.3883521850111","45.24829865","51.95159912","56.88069916","58.0685997","58.62269974",".."
Honduras,"HND","School enrollment, tertiary (% gross)","SE.TER.ENRR","21.0025442228384","24.5585599156436","26.3838242053705","25.3231382609304","..","..","..","..","23.3177890777588",".."
Honduras,"HND","Research and development expenditure (% of GDP)","GB.XPD.RSDV.GD.ZS","..","0.03994","0.06394","0.05997","..","..","..","..","..",".."
Honduras,"HND","High-technology exports (% of manufactured exports)","TX.VAL.TECH.MF.ZS","2.83717179282699","3.12358554921908","1.96264426487614","1.96086912582269","4.06990705871472","1.4495499920383","..","3.30891556062124","3.87334759570957",".."
Honduras,"HND","GDP per person employed (constant 2021 PPP $)","SL.GDP.PCAP.EM.KD","15268.9256531317","15128.780369451","14827.1977558437","15608.471636207","15600.1871760064","16374.2883552297","17308.1811804944","17666.3142608133","17639.3300828309",".."
"Hong Kong SAR, China","HKG","GDP growth (annual %)","NY.GDP.MKTP.KD.ZG","2.17542886502997","3.79611114629799","2.84695146463069","-1.6724459934221","-6.54480412699255","6.45444409087024","-3.68378414495199","3.2238599613664","2.50498758466826",".."
"Hong Kong SAR, China","HKG","Inflation, consumer prices (annual %)","FP.CPI.TOTL.ZG","2.40930743862224","1.49387243939522","2.40613432046534","2.88320853773996","0.2509620210808","1.56875834445922","1.88136707196853","2.09660511249089","1.72972119105914",".."
"Hong Kong SAR, China","HKG","Gross fixed capital formation (% of GDP)","NE.GDI.FTOT.ZS","21.4894575519614","21.6564377271714","21.5995180976142","18.2977495428858","17.0302785006165","16.8430455935255","16.0698462674383","16.944112236744","16.285061166693",".."
"Hong Kong SAR, China","HKG","Foreign direct investment, net inflows (% of GDP)","BX.KLT.DINV.WD.GD.ZS","41.5318364506118","36.8375516616862","26.8255240590301","16.0571325877868","34.0497513548395","37.1838191639948","34.127375983385","32.0136011857385","30.924624334882",".."
"Hong Kong SAR, China","HKG","Domestic credit to private sector (% of GDP)","FS.AST.PRVT.GD.ZS","214.300178832553","223.371866412043","219.908123250485","236.740071570624","258.902841699638","259.183988203515","264.442110646291","248.607943667108","231.037771669122",".."
"Hong Kong SAR, China","HKG","Real interest rate (%)","FR.INR.RINR","3.3075397616738","2.06007802275779","1.33334308076522","2.99788737445068","4.33400217679998","4.28709026657645","3.3587995620975","2.79697087793328","1.8447519519632",".."
"Hong Kong SAR, China","HKG","Market capitalization of listed domestic companies (% of GDP)","CM.MKT.LCAP.GD.ZS","995.21049131838","1274.78907474258","1055.8162420184","1349.37429420264","1777.22631607139","1472.85965725758","1273.22822388706","1043.13245932117","1118.24283021772",".."
"Hong Kong SAR, China","HKG","Stocks traded, total value (% of GDP)","CM.MKT.TRAD.GD.ZS","421.08578834166","572.30720303076","626.644859055191","501.891568751173","889.815804038354","1102.60472805323","794.25743318864","598.196390808508","736.497658887638",".."
"Hong Kong SAR, China","HKG","Secure Internet servers (per 1 million people)","IT.NET.SECR.P6","3873.32006651583","10482.7408970405","19399.4042347637","60542.0956592389","70629.594973934","100440.301628199","126913.87266713","131226.894547578","156139.206017995",".."
"Hong Kong SAR, China","HKG","Fixed broadband subscriptions (per 100 people)","IT.NET.BBND.P2","35.4484942649915","35.7032493826975","36.3352765300968","37.4680746099321","38.5246390800823","39.2188975738319","39.9517808600821","39.8839727444243","40.2724025338679",".."
"Hong Kong SAR, China","HKG","ICT goods imports (% total goods imports)","TM.VAL.ICTG.ZS.UN","50.31","51.86","53.52","53.67","56.81","57.53","57.16","..","..",".."
"Hong Kong SAR, China","HKG","Individuals using the Internet (% of population)","IT.NET.USER.ZS","87.47941467087","89.4159446487565","90.5073953294283","91.7434003891587","92.41313602","93.08715788","95.61357052","95.97781908","95.75536971",".."
"Hong Kong SAR, China","HKG","School enrollment, tertiary (% gross)","SE.TER.ENRR","70.3316379391101","72.9228515909643","78.2463196011546","83.8542119335773","89.9479038224414","97.3813269493844","100.776315789474","105.461738484398","120.08978583196",".."
"Hong Kong SAR, China","HKG","Research and development expenditure (% of GDP)","GB.XPD.RSDV.GD.ZS","0.7915","0.83519","0.8633","0.92557","0.99236","0.97026","1.07293","1.10625","1.12597",".."
"Hong Kong SAR, China","HKG","High-technology exports (% of manufactured exports)","TX.VAL.TECH.MF.ZS","13.4708648681174","61.5548639261037","64.6544468445663","65.5667246519625","69.6513217074644","70.5506557214905","72.6367726437239","72.3154885126867","75.5706908349979",".."
"Hong Kong SAR, China","HKG","GDP per person employed (constant 2021 PPP $)","SL.GDP.PCAP.EM.KD","123445.278974013","126739.184868044","128537.336142472","126827.888811883","124435.144506116","133018.795978632","129856.647681243","129942.332340274","134063.942695606",".."
Hungary,"HUN","GDP growth (annual %)","NY.GDP.MKTP.KD.ZG","2.43864141309342","4.12418389451805","5.60613813768876","5.07718495088933","-4.33872540024058","7.22291580811137","4.15238057779229","-0.817107370513455","0.560117843140432",".."
Hungary,"HUN","Inflation, consumer prices (annual %)","FP.CPI.TOTL.ZG","0.394769306686392","2.34824281150154","2.85024792594646","3.33858635382008","3.32674385766738","5.11096534382855","14.6081439492433","17.1249659678737","3.70370370370369",".."
Hungary,"HUN","Gross fixed capital formation (% of GDP)","NE.GDI.FTOT.ZS","19.6127620154747","22.3175179109155","24.8773384313132","27.1243438949818","26.4476333540855","27.2593627994409","27.537745625411","25.3655787572835","23.0580056906236",".."
Hungary,"HUN","Foreign direct investment, net inflows (% of GDP)","BX.KLT.DINV.WD.GD.ZS","53.8467636785015","-8.6313549623639","-40.1082460169744","59.5775493833952","105.635755544096","18.2639108972104","-1.08324491969383","-33.1910318158223","-27.9229280333136",".."
Hungary,"HUN","Domestic credit to private sector (% of GDP)","FS.AST.PRVT.GD.ZS","33.3191543197899","32.3908602743309","32.2649787904592","33.1721052698328","37.6296063212563","38.4125853084098","36.0420465985177","32.8734694326412","32.3844864230851",".."
Hungary,"HUN","Real interest rate (%)","FR.INR.RINR","0.756515735395003","-2.45695485576676","-3.2184691694185","-2.82617637653361","-4.19906671636886","-3.01639195375672","-2.90648486197022","0.170265781021404","1.44506157114937",".."
Hungary,"HUN","Market capitalization of listed domestic companies (% of GDP)","CM.MKT.LCAP.GD.ZS","17.4854504189959","22.0140497491068","17.9511899163653","19.9388817541646","17.6507205920878","17.2254896441113","13.483989852931","18.2223889990634","18.6520604947614",".."
Hungary,"HUN","Stocks traded, total value (% of GDP)","CM.MKT.TRAD.GD.ZS","6.05690988181319","7.24367640962586","6.13574399516089","5.25536217480937","7.13226342989489","4.72042407017728","5.31626147543797","3.24044726112419","3.3114714894299",".."
Hungary,"HUN","Secure Internet servers (per 1 million people)","IT.NET.SECR.P6","4148.87463875886","13712.8966738756","19379.9008629269","26447.1020825133","33083.571663234","42102.778838019","51406.6835924429","53717.7865400025","55077.4335878286",".."
Hungary,"HUN","Fixed broadband subscriptions (per 100 people)","IT.NET.BBND.P2","28.6887907811727","30.2136178819417","31.5062908247816","32.6466329851573","33.4922037196533","34.8391868436369","36.5338104764554","36.7901885342462","37.542262483936",".."
Hungary,"HUN","ICT goods imports (% total goods imports)","TM.VAL.ICTG.ZS.UN","12.52","12.77","12.48","13.75","14.03","13.03","10.01","..","..",".."
Hungary,"HUN","Individuals using the Internet (% of population)","IT.NET.USER.ZS","79.2594121273057","76.7505471201922","76.0743606365063","80.3716936050482","84.77115202","88.64083466","89.14282688","91.4500713","93.77898628",".."
Hungary,"HUN","School enrollment, tertiary (% gross)","SE.TER.ENRR","50.7361488342285","51.3840599060059","52.5629386901855","54.2122917175293","56.6071815490723","58.6536102294922","60.2746810913086","56.5924415588379","60.5168685913086",".."
Hungary,"HUN","Research and development expenditure (% of GDP)","GB.XPD.RSDV.GD.ZS","1.17645","1.31498","1.50196","1.46473","1.58067","1.63327","1.39056","1.37748","..",".."
Hungary,"HUN","High-technology exports (% of manufactured exports)","TX.VAL.TECH.MF.ZS","17.5764530213374","17.2630732776764","16.8209858629646","17.3787600622128","17.4648807221778","16.3975126429279","18.4048917258431","18.8624569621863","22.5745118826045",".."
Hungary,"HUN","GDP per person employed (constant 2021 PPP $)","SL.GDP.PCAP.EM.KD","69667.143503561","71409.3834324741","74593.7527824983","78041.4882076721","75538.4125594148","80222.8495391912","82350.8735999866","81141.9316476317","82049.7442409137",".."
Iceland,"ISL","GDP growth (annual %)","NY.GDP.MKTP.KD.ZG","6.21808764217616","3.48506703916689","4.66077032612084","1.13821230465001","-6.64587816297836","5.1805719742238","8.82069395623492","5.18615760140189","-0.970676468918384",".."
Iceland,"ISL","Inflation, consumer prices (annual %)","FP.CPI.TOTL.ZG","1.69692761997751","1.76041559180596","2.68291768267392","3.01397179156053","2.84792401518665","4.44423970189739","8.3087551155892","8.73630299937298","5.85683849970066",".."
Iceland,"ISL","Gross fixed capital formation (% of GDP)","NE.GDI.FTOT.ZS","20.6690547773916","21.5478929187027","21.657797307555","20.5982032391469","21.0063614352447","22.4867916382069","23.763656406864","24.6570024506493","26.6450896088268",".."
Iceland,"ISL","Foreign direct investment, net inflows (% of GDP)","BX.KLT.DINV.WD.GD.ZS","-5.05739639771987","-27.9324374411863","-2.33423231382448","-2.22712995709055","-3.98671122506617","1.52832650765088","4.74021987239207","5.96687940296223","8.51889361391957",".."
Iceland,"ISL","Domestic credit to private sector (% of GDP)","FS.AST.PRVT.GD.ZS","83.0289019358564","85.6751270718392","89.4921756721559","87.7115547810861","98.409254247691","99.5228207903758","93.0637783457122","88.3542234313203","90.8919012460018",".."
Iceland,"ISL","Real interest rate (%)","FR.INR.RINR","5.39231411995757","5.59405144932249","3.7344356462566","2.01571496847117","1.35861341729391","-0.701328168218792","-1.13427266023059","5.92780479732639","6.07212187141286",".."
Iceland,"ISL","Market capitalization of listed domestic companies (% of GDP)","CM.MKT.LCAP.GD.ZS","..","..","..","..","..","..","..","..","..",".."
Iceland,"ISL","Stocks traded, total value (% of GDP)","CM.MKT.TRAD.GD.ZS","..","..","..","..","..","..","..","..","..",".."
Iceland,"ISL","Secure Internet servers (per 1 million people)","IT.NET.SECR.P6","35663.7123292163","57638.322655795","64762.2341737521","70905.7779084376","75513.7626445235","78946.0968538602","85331.790588032","87104.544641306","88084.0142197016",".."
Iceland,"ISL","Fixed broadband subscriptions (per 100 people)","IT.NET.BBND.P2","38.150452657238","39.1883119718453","39.1065426493677","38.6029941779872","38.6826471438625","38.4077027940877","37.4212579793667","37.4245919320463","37.5242757933482",".."
Iceland,"ISL","ICT goods imports (% total goods imports)","TM.VAL.ICTG.ZS.UN","5.47","5.51","5.78","6.07","6.23","7.71","5.84","..","..",".."
Iceland,"ISL","Individuals using the Internet (% of population)","IT.NET.USER.ZS","98.23999786","98.2552011867973","99.0109539916991","99.5049411693787","99.5327519","99.68701957","97.58339691","97.94860077","98.209198",".."
Iceland,"ISL","School enrollment, tertiary (% gross)","SE.TER.ENRR","74.7006301879883","71.3372497558594","69.3402328491211","70.6093521118164","74.5906066894531","86.5232086181641","84.985237121582","76.5200729370117","..",".."
Iceland,"ISL","Research and development expenditure (% of GDP)","GB.XPD.RSDV.GD.ZS","2.11011","2.08365","2.00081","2.34018","2.4864","2.78171","2.60089","2.64005","..",".."
Iceland,"ISL","High-technology exports (% of manufactured exports)","TX.VAL.TECH.MF.ZS","23.3894322573227","26.3759840115862","23.4740318421698","38.0792033549769","27.9589360661677","33.4874148657273","33.3116292542581","43.4245422764011","53.9722930663779",".."
Iceland,"ISL","GDP per person employed (constant 2021 PPP $)","SL.GDP.PCAP.EM.KD","105715.958313448","106885.93987708","109666.795476137","109395.609709246","105377.404494923","109745.834622922","111802.127899351","115266.548940096","112976.836517053",".."
India,"IND","GDP growth (annual %)","NY.GDP.MKTP.KD.ZG","8.25630550179086","6.79538341897911","6.45385134497769","3.87143694070356","-5.77772470686801","9.68959249192875","7.60936497768895","9.19075493028345","6.49476552383821",".."
India,"IND","Inflation, consumer prices (annual %)","FP.CPI.TOTL.ZG","4.94821634062141","3.32817337461298","3.9388264669163","3.72950573539129","6.62343677628535","5.13140747176369","6.69903414079852","5.64914318907925","4.95303550973656",".."
India,"IND","Gross fixed capital formation (% of GDP)","NE.GDI.FTOT.ZS","28.1884378846659","28.1778136155632","29.4630681512508","28.4545443348195","27.3243213738562","29.5780345158487","31.2230944361164","30.4260455714275","29.8962309444631",".."
India,"IND","Foreign direct investment, net inflows (% of GDP)","BX.KLT.DINV.WD.GD.ZS","1.9373641224439","1.50731583255894","1.55821483801456","1.78482633957161","2.40620322673636","1.41217101040888","1.49248825904","0.771919134264091","0.694133152879562",".."
India,"IND","Domestic credit to private sector (% of GDP)","FS.AST.PRVT.GD.ZS","38.2036507912231","38.1707138624147","38.8975254010362","38.73794497616","40.7867848551821","36.8920885102897","37.0884923118537","39.3477383453003","40.021522481888",".."
India,"IND","Real interest rate (%)","FR.INR.RINR","6.2327114148242","5.32760886237311","5.36166638954869","6.89487542729716","4.13599957786408","0.316945144211866","2.52131544946588","..","..",".."
India,"IND","Market capitalization of listed domestic companies (% of GDP)","CM.MKT.LCAP.GD.ZS","76.0981248580096","96.3987783868431","153.160482470967","76.2695069175453","95.4245016969537","112.02132346833","101.233056167098","119.283874857038","131.241426662713",".."
India,"IND","Stocks traded, total value (% of GDP)","CM.MKT.TRAD.GD.ZS","35.2251250429298","45.4391814566137","46.5946852849553","42.5844493468453","68.8794086650999","72.607174868836","50.4252226516079","53.4563605569178","85.6143773046544",".."
India,"IND","Secure Internet servers (per 1 million people)","IT.NET.SECR.P6","37.7418916475687","121.20038474398","184.79636635197","382.862055209059","472.187112968085","528.190455501333","729.692060044831","966.082590066802","1212.44166069372",".."
India,"IND","Fixed broadband subscriptions (per 100 people)","IT.NET.BBND.P2","1.38795276378032","1.31327377028949","1.3217822859385","1.37913181839908","1.63622632751685","1.9487996093033","2.35231555917724","2.74534696441771","3.15046250037677",".."
India,"IND","ICT goods imports (% total goods imports)","TM.VAL.ICTG.ZS.UN","9.33","9.72","9.18","9.46","10.81","9.39","7.64","..","..",".."
India,"IND","Individuals using the Internet (% of population)","IT.NET.USER.ZS","16.5","18.20000076","20.0813000379384","29.52350044","43.40544313","49.2580986","55.9","60.25230026","64.9434967","70"
India,"IND","School enrollment, tertiary (% gross)","SE.TER.ENRR","27.3043573857643","27.9090519049334","28.5316865291946","29.0233593907143","29.8196397708424","31.5741765984501","32.6703053423023","34.2394344991225","34.4184659748952","34.4465039692543"
India,"IND","Research and development expenditure (% of GDP)","GB.XPD.RSDV.GD.ZS","0.66984","0.66603","0.66001","0.65942","0.64558","..","..","..","..",".."
India,"IND","High-technology exports (% of manufactured exports)","TX.VAL.TECH.MF.ZS","7.66325704378624","7.36208114076572","9.04145168835151","10.2237396907979","11.0325638466576","10.2125596625118","12.6822794807287","14.9343472986716","18.5723946411049",".."
India,"IND","GDP per person employed (constant 2021 PPP $)","SL.GDP.PCAP.EM.KD","19847.6386279592","20870.1837470054","21902.46573935","22173.166446182","21151.7892780893","22095.2991355999","22614.7340828269","23679.8333303511","24430.1179611995",".."
Indonesia,"IDN","GDP growth (annual %)","NY.GDP.MKTP.KD.ZG","5.03306918280177","5.06978590134916","5.17429153955024","5.01928768046282","-2.06551182934165","3.70288562827751","5.30719722664799","5.04902331835997","5.03034469419038",".."
Indonesia,"IDN","Inflation, consumer prices (annual %)","FP.CPI.TOTL.ZG","3.52580452815451","3.80879857691949","3.19834755924996","3.03058460941661","1.91983527270793","1.56007882983334","4.20946463714784","3.66938654859761","2.18151273615189",".."
Indonesia,"IDN","Gross fixed capital formation (% of GDP)","NE.GDI.FTOT.ZS","32.5777314966023","32.1606388642645","32.2884970895694","32.3468845518546","31.7097564518015","30.7941950585175","29.0848755291885","29.152666728683","29.1455857193679",".."
Indonesia,"IDN","Foreign direct investment, net inflows (% of GDP)","BX.KLT.DINV.WD.GD.ZS","0.487372471368879","2.01948919812582","1.81428979349441","2.23336204282241","1.81058402027127","1.7878556314554","1.87264100861425","1.57116694173474","1.73855500774354",".."
Indonesia,"IDN","Domestic credit to private sector (% of GDP)","FS.AST.PRVT.GD.ZS","39.4024246939414","38.7323495613041","38.8054496665639","38.3726939516609","38.6795390891453","36.9908270556254","35.2884329632689","36.0128888595253","36.3924507638113",".."
Indonesia,"IDN","Real interest rate (%)","FR.INR.RINR","9.2244323441321","6.50156399609039","6.47124983937938","8.62940479031397","9.98592671987596","2.7532239499583","-0.957376340510307","7.28506359409343","7.83418010229542",".."
Indonesia,"IDN","Market capitalization of listed domestic companies (% of GDP)","CM.MKT.LCAP.GD.ZS","45.6892490757793","51.2679273589803","46.702409553894","46.7627486516114","46.8423380923284","48.7675241379637","46.2654721024627","55.3032910768397","54.4173527585098",".."
Indonesia,"IDN","Stocks traded, total value (% of GDP)","CM.MKT.TRAD.GD.ZS","9.70155879899376","9.10903730034414","10.0407971135811","10.5342716068555","12.3831868485528","17.0897938317116","14.7721556507651","10.2508668943883","10.3846171885156",".."
Indonesia,"IDN","Secure Internet servers (per 1 million people)","IT.NET.SECR.P6","302.667050169382","1267.73606423762","1272.12317710915","1672.32938886525","1868.76353333811","2189.14677796205","2496.40884911853","2722.38990575723","2939.49021766292",".."
Indonesia,"IDN","Fixed broadband subscriptions (per 100 people)","IT.NET.BBND.P2","1.9753784545485","2.32504234259027","3.28729591276809","3.77422560918071","3.92993769121646","4.4874632789818","4.82151507878823","4.81663955789733","4.92196685438436",".."
Indonesia,"IDN","ICT goods imports (% total goods imports)","TM.VAL.ICTG.ZS.UN","7.97","7.97","7.7","8.06","9.43","8.5","..","..","..",".."
Indonesia,"IDN","Individuals using the Internet (% of population)","IT.NET.USER.ZS","25.447353701827","32.335806250688","39.9046386385762","47.6906489788375","53.72649449","62.10447842","66.48461277","69.20836554","72.78075544",".."
Indonesia,"IDN","School enrollment, tertiary (% gross)","SE.TER.ENRR","34.8307173410877","35.967012362631","36.1494878042588","37.3230862728703","38.1650601406923","40.6293239880732","42.3260385456152","44.8813034886441","..",".."
Indonesia,"IDN","Research and development expenditure (% of GDP)","GB.XPD.RSDV.GD.ZS","0.24535","0.23805","0.22632","0.27129","0.28068","..","..","..","..",".."
Indonesia,"IDN","High-technology exports (% of manufactured exports)","TX.VAL.TECH.MF.ZS","7.99860974921307","8.44632702628773","8.21299200751234","8.09206094724751","8.4247469855579","7.20127970144306","8.30819306709832","9.08308687782522","8.7110437578916",".."
Indonesia,"IDN","GDP per person employed (constant 2021 PPP $)","SL.GDP.PCAP.EM.KD","24358.5988130577","24981.5489612606","25734.2242950276","26237.972652883","25884.2787740597","27058.2834906026","27580.8021477977","28184.3035117488","29216.7169984951",".."
"Iran, Islamic Rep.","IRN","GDP growth (annual %)","NY.GDP.MKTP.KD.ZG","8.8150866425182","3.02685468694025","-3.74796015711334","-2.36143538770575","4.44180865358672","4.13089685034471","4.35281087521344","5.33235117216407","3.66312056830718",".."
"Iran, Islamic Rep.","IRN","Inflation, consumer prices (annual %)","FP.CPI.TOTL.ZG","7.24542548952979","8.04492437660278","18.0141183371874","39.9073455697784","30.5941390387295","43.3890162681514","43.4884641742179","44.5791857572797","32.455871402917",".."
"Iran, Islamic Rep.","IRN","Gross fixed capital formation (% of GDP)","NE.GDI.FTOT.ZS","23.8160452139628","23.9743818926916","24.5321642742281","25.2446130741474","30.2595538130002","28.6230276385093","26.6441870058752","27.4163221884552","28.1071602327718",".."
"Iran, Islamic Rep.","IRN","Foreign direct investment, net inflows (% of GDP)","BX.KLT.DINV.WD.GD.ZS","0.70452835935243","0.983654956177998","0.576106085876311","0.433347777066285","0.47769170946132","0.34982143161472","0.354893288694741","0.310885408088419","0.304914200880697",".."
"Iran, Islamic Rep.","IRN","Domestic credit to private sector (% of GDP)","FS.AST.PRVT.GD.ZS","57.8313383703997","..","..","..","..","..","..","..","..",".."
"Iran, Islamic Rep.","IRN","Real interest rate (%)","FR.INR.RINR","3.4497687580534","..","..","..","..","..","..","..","..",".."
"Iran, Islamic Rep.","IRN","Market capitalization of listed domestic companies (% of GDP)","CM.MKT.LCAP.GD.ZS","21.1040926813376","20.8390212862025","41.383601080081","111.689624978883","548.015909606787","370.253313269912","381.639170759524","450.183971647395","36.1036982043075",".."
"Iran, Islamic Rep.","IRN","Stocks traded, total value (% of GDP)","CM.MKT.TRAD.GD.ZS","3.9048276500198","2.30120505051384","8.46249100088269","28.2361135398474","92.3709860113312","58.7546672855756","56.0607727656357","101.294671469059","3.96023508935466",".."
"Iran, Islamic Rep.","IRN","Secure Internet servers (per 1 million people)","IT.NET.SECR.P6","60.8741722031301","214.144362138063","469.797265839831","985.8745006183","2318.99242714402","3109.71095428245","6554.61538318904","6599.35473971613","7225.71087209777",".."
"Iran, Islamic Rep.","IRN","Fixed broadband subscriptions (per 100 people)","IT.NET.BBND.P2","9.07810254131414","10.1144035205672","11.3875742908004","9.90926903532027","10.9026671467968","12.068102546673","12.2102486068411","12.0205942239083","12.0603874696566",".."
"Iran, Islamic Rep.","IRN","ICT goods imports (% total goods imports)","TM.VAL.ICTG.ZS.UN","6.26","6.37","4.92","..","..","..","..","..","..",".."
"Iran, Islamic Rep.","IRN","Individuals using the Internet (% of population)","IT.NET.USER.ZS","53.2267716709857","64.0439736249513","70.2005650008363","72.4509047672065","75.56986637","78.5957366","81.71649933","83.71050262","85.3404007",".."
"Iran, Islamic Rep.","IRN","School enrollment, tertiary (% gross)","SE.TER.ENRR","67.9112319946289","66.351448059082","60.8611488342285","58.1169509887695","55.6366691589355","54.3051986694336","58.6838607788086","..","..",".."
"Iran, Islamic Rep.","IRN","Research and development expenditure (% of GDP)","GB.XPD.RSDV.GD.ZS","..","0.75983","..","0.78829","..","0.72665","..","..","..",".."
"Iran, Islamic Rep.","IRN","High-technology exports (% of manufactured exports)","TX.VAL.TECH.MF.ZS","1.39878294404259","1.36325563923218","0.72469081853253","0.926086511463464","0.746714844738681","0.380525397860673","0.814007923197325","..","..",".."
"Iran, Islamic Rep.","IRN","GDP per person employed (constant 2021 PPP $)","SL.GDP.PCAP.EM.KD","55368.1302689612","54719.853791695","51842.6869217936","49633.3778759749","54023.7829453068","55804.3809392183","57844.6432790764","57914.8342117354","59472.0591150453",".."
Iraq,"IRQ","GDP growth (annual %)","NY.GDP.MKTP.KD.ZG","13.7873730187089","-1.81975035118309","2.63385099105624","5.51379057542323","-12.0367930931152","1.50218070952037","7.95904804992662","0.517705525131191","-1.54525198318304",".."
Iraq,"IRQ","Inflation, consumer prices (annual %)","FP.CPI.TOTL.ZG","0.556521397155511","0.18405889884769","0.367441488936849","-0.198965380023928","0.574162679425795","6.04186489058044","4.99476596381044","4.35835351089586","-12.2969837587007",".."
Iraq,"IRQ","Gross fixed capital formation (% of GDP)","NE.GDI.FTOT.ZS","14.5757696096639","14.5851497612895","14.1705139669743","19.7640612140938","7.76907557357365","10.1215292995451","9.68705150488221","15.2798397204564","19.4223897234495",".."
Iraq,"IRQ","Foreign direct investment, net inflows (% of GDP)","BX.KLT.DINV.WD.GD.ZS","-3.75180911604806","-2.68799428357231","-2.14854834807913","-1.31640616709339","-1.58049696252586","-1.25770209772783","-0.726653366772653","-1.99474822313262","-2.73525447039729",".."
Iraq,"IRQ","Domestic credit to private sector (% of GDP)","FS.AST.PRVT.GD.ZS","10.0766837568499","9.54983973287939","8.58001733266219","8.80896032816847","13.3148576834755","11.1956027502836","9.54125684121782","12.5518993190744","13.9914475902598",".."
Iraq,"IRQ","Real interest rate (%)","FR.INR.RINR","..","..","..","..","..","..","..","..","..",".."
Iraq,"IRQ","Market capitalization of listed domestic companies (% of GDP)","CM.MKT.LCAP.GD.ZS","..","..","..","..","..","..","..","..","..",".."
Iraq,"IRQ","Stocks traded, total value (% of GDP)","CM.MKT.TRAD.GD.ZS","..","..","..","..","..","..","..","..","..",".."
Iraq,"IRQ","Secure Internet servers (per 1 million people)","IT.NET.SECR.P6","3.95116906124408","9.93966218316723","10.8032598724907","11.5313174437929","17.0716514305937","21.545714143027","30.7688460713822","43.6393011863656","34.5119560905403",".."
Iraq,"IRQ","Fixed broadband subscriptions (per 100 people)","IT.NET.BBND.P2","..","10.910523135606","11.1567326014866","11.0677657654898","14.8494851377503","14.8275236561145","14.4912960130678","17.2312565041583","17.6333290365333",".."
Iraq,"IRQ","ICT goods imports (% total goods imports)","TM.VAL.ICTG.ZS.UN","..","..","..","..","..","..","..","..","..",".."
Iraq,"IRQ","Individuals using the Internet (% of population)","IT.NET.USER.ZS","19.87719917","25.96920013","33.92810059","44.3263465511579","53.67779922","65.00219727","78.71560926","81.80889893","81.47450256",".."
Iraq,"IRQ","School enrollment, tertiary (% gross)","SE.TER.ENRR","..","..","..","..","..","..","..","..","..",".."
Iraq,"IRQ","Research and development expenditure (% of GDP)","GB.XPD.RSDV.GD.ZS","0.03737","0.04596","0.04279","0.03266","0.04053","0.0407","..","..","..",".."
Iraq,"IRQ","High-technology exports (% of manufactured exports)","TX.VAL.TECH.MF.ZS","..","..","..","..","..","..","..","..","..",".."
Iraq,"IRQ","GDP per person employed (constant 2021 PPP $)","SL.GDP.PCAP.EM.KD","65120.4726845237","65649.7372063603","66758.1584831532","70116.120236766","61428.3053462972","61825.4249898299","61342.9867504096","59477.1555427756","57001.6289941818",".."
Ireland,"IRL","GDP growth (annual %)","NY.GDP.MKTP.KD.ZG","1.22271661130947","10.1088576065965","7.68865937437435","4.97288003766816","7.15369505735335","16.2581881158197","7.51113888415304","-2.53637409313261","2.59946721553708",".."
Ireland,"IRL","Inflation, consumer prices (annual %)","FP.CPI.TOTL.ZG","0.0201247735963237","0.362173038229378","0.471130713712916","0.937842961189274","-0.326183651280033","2.34034113447044","7.82945736434105","6.29942487419125","2.11344999577317",".."
Ireland,"IRL","Gross fixed capital formation (% of GDP)","NE.GDI.FTOT.ZS","34.1109334162945","32.4754503620573","27.8988968647133","53.2106628607249","41.387811264164","22.0777319056718","21.1440595300808","24.8882708451242","17.3480143254281",".."
Ireland,"IRL","Foreign direct investment, net inflows (% of GDP)","BX.KLT.DINV.WD.GD.ZS","26.1253590357369","20.4170966260237","20.3601504375203","7.67467578422042","8.0934578228257","14.6537815105934","-6.48790793588936","-24.6702589530642","0.791076186083952",".."
Ireland,"IRL","Domestic credit to private sector (% of GDP)","FS.AST.PRVT.GD.ZS","47.386841437796","42.6227340344542","39.7179106627463","36.0552722551197","32.3402464273232","26.4830620089049","25.4419666716094","25.2225553670442","23.7845375555383",".."
Ireland,"IRL","Real interest rate (%)","FR.INR.RINR","..","..","..","..","..","..","..","..","..",".."
Ireland,"IRL","Market capitalization of listed domestic companies (% of GDP)","CM.MKT.LCAP.GD.ZS","39.2325885390859","42.0703134939241","27.8321999565424","..","..","..","..","..","..",".."
Ireland,"IRL","Stocks traded, total value (% of GDP)","CM.MKT.TRAD.GD.ZS","7.3160524445507","8.30308548680634","8.10635556989464","..","..","..","..","..","..",".."
Ireland,"IRL","Secure Internet servers (per 1 million people)","IT.NET.SECR.P6","11725.2277164193","38437.1028566871","69157.3047242336","94607.6886844775","114566.465340423","113930.009969504","134764.070843587","149934.162195583","121467.84808156",".."
Ireland,"IRL","Fixed broadband subscriptions (per 100 people)","IT.NET.BBND.P2","28.6147710435862","29.0794615926246","29.3513301848147","29.6453160652366","30.4353384554187","31.3616427884193","31.5362809040128","31.8907830651788","32.3023693358176",".."
Ireland,"IRL","ICT goods imports (% total goods imports)","TM.VAL.ICTG.ZS.UN","8.09","7.19","8","9.68","9.95","12.67","11.33","..","..",".."
Ireland,"IRL","Individuals using the Internet (% of population)","IT.NET.USER.ZS","83.5","84.1140070623844","87.0001401148942","87.0000552425146","91.99989097","93.50610352","95.03690338","96.8660965","97.18769836",".."
Ireland,"IRL","School enrollment, tertiary (% gross)","SE.TER.ENRR","77.5571365356445","77.5191116333008","76.7604675292969","74.444580078125","74.1961975097656","78.4613265991211","77.5933380126953","..","..",".."
Ireland,"IRL","Research and development expenditure (% of GDP)","GB.XPD.RSDV.GD.ZS","1.14954","1.20821","1.08244","1.13733","1.12466","1.0732","1.53215","1.58829","..",".."
Ireland,"IRL","High-technology exports (% of manufactured exports)","TX.VAL.TECH.MF.ZS","32.8418171476767","29.3340262522775","25.0152782298751","25.9769791902199","25.8991544690003","28.4781475271992","46.7867801497714","47.7737732849219","53.5184328432158",".."
Ireland,"IRL","GDP per person employed (constant 2021 PPP $)","SL.GDP.PCAP.EM.KD","180267.474285256","192445.998903148","200807.590623685","204448.48599916","221355.069560208","244977.244023548","248482.416878179","229644.378249028","234912.810321618",".."
Isle of Man,"IMN","GDP growth (annual %)","NY.GDP.MKTP.KD.ZG","6.95230284899407","2.83775807093689","2.2133975392251","0.254877847398262","-8.83681697473475","3.83783632334639","-4.16539345213232","..","..",".."
Isle of Man,"IMN","Inflation, consumer prices (annual %)","FP.CPI.TOTL.ZG","..","..","..","..","..","..","..","..","..",".."
Isle of Man,"IMN","Gross fixed capital formation (% of GDP)","NE.GDI.FTOT.ZS","..","..","..","..","..","..","..","..","..",".."
Isle of Man,"IMN","Foreign direct investment, net inflows (% of GDP)","BX.KLT.DINV.WD.GD.ZS","..","..","..","..","..","..","..","..","..",".."
Isle of Man,"IMN","Domestic credit to private sector (% of GDP)","FS.AST.PRVT.GD.ZS","..","..","..","..","..","..","..","..","..",".."
Isle of Man,"IMN","Real interest rate (%)","FR.INR.RINR","..","..","..","..","..","..","..","..","..",".."
Isle of Man,"IMN","Market capitalization of listed domestic companies (% of GDP)","CM.MKT.LCAP.GD.ZS","..","..","..","..","..","..","..","..","..",".."
Isle of Man,"IMN","Stocks traded, total value (% of GDP)","CM.MKT.TRAD.GD.ZS","..","..","..","..","..","..","..","..","..",".."
Isle of Man,"IMN","Secure Internet servers (per 1 million people)","IT.NET.SECR.P6","3390.60216135912","4544.96525493667","8281.12881093014","9933.6565146444","13144.7468595356","31103.6073526264","28990.1583226359","21564.7834610586","21364.0684410646",".."
Isle of Man,"IMN","Fixed broadband subscriptions (per 100 people)","IT.NET.BBND.P2","..","..","..","..","..","..","..","..","..",".."
Isle of Man,"IMN","ICT goods imports (% total goods imports)","TM.VAL.ICTG.ZS.UN","..","..","..","..","..","..","..","..","..",".."
Isle of Man,"IMN","Individuals using the Internet (% of population)","IT.NET.USER.ZS","..","..","..","..","..","..","..","..","..",".."
Isle of Man,"IMN","School enrollment, tertiary (% gross)","SE.TER.ENRR","..","..","..","..","..","..","..","..","..",".."
Isle of Man,"IMN","Research and development expenditure (% of GDP)","GB.XPD.RSDV.GD.ZS","..","..","..","..","..","..","..","..","..",".."
Isle of Man,"IMN","High-technology exports (% of manufactured exports)","TX.VAL.TECH.MF.ZS","..","..","..","..","..","..","..","..","..",".."
Isle of Man,"IMN","GDP per person employed (constant 2021 PPP $)","SL.GDP.PCAP.EM.KD","..","..","..","..","..","..","..","..","..",".."
Israel,"ISR","GDP growth (annual %)","NY.GDP.MKTP.KD.ZG","4.45978271860821","4.3469311670646","4.00389862187025","3.71049632750405","-2.02161548237589","9.38837403354628","6.26326343841286","1.82652049482384","0.871968424377442",".."
Israel,"ISR","Inflation, consumer prices (annual %)","FP.CPI.TOTL.ZG","-0.535168195718695","0.249807840123008","0.805060379528526","0.817645940292794","-0.575254620897756","1.47965474722561","4.41162725488371","4.22522603168918","3.07480889805025",".."
Israel,"ISR","Gross fixed capital formation (% of GDP)","NE.GDI.FTOT.ZS","22.5311383826973","22.2172081449299","23.4276848032062","23.1147756228415","22.7316271985904","23.7759771441089","24.9072115602203","24.3607256502322","22.690494387869",".."
Israel,"ISR","Foreign direct investment, net inflows (% of GDP)","BX.KLT.DINV.WD.GD.ZS","3.72366398162517","4.71262751632939","5.71739368118438","4.33363467004394","5.1047506129271","3.86849852798664","4.35725962102686","3.15712318737314","2.73472411141711",".."
Israel,"ISR","Domestic credit to private sector (% of GDP)","FS.AST.PRVT.GD.ZS","64.7280770833528","64.6451089520793","65.4861679257107","64.4510008112367","67.9621912366011","69.1844619109811","70.1421605731467","69.5545496625763","69.7549689127585",".."
Israel,"ISR","Real interest rate (%)","FR.INR.RINR","3.06082635617176","3.49052979058167","2.77336225960432","1.58674936529431","2.22737101991968","0.785572159660462","-1.88413919586166","..","..",".."
Israel,"ISR","Market capitalization of listed domestic companies (% of GDP)","CM.MKT.LCAP.GD.ZS","66.4667214161756","64.4574067775514","49.8184578212082","59.2472218081813","63.7979820754197","73.9241266094682","51.3417823340009","51.6400961412921","61.2313498302187",".."
Israel,"ISR","Stocks traded, total value (% of GDP)","CM.MKT.TRAD.GD.ZS","16.0973169123334","19.2599784178666","16.5932559506122","17.0896162500721","25.4748958440874","21.6986901452084","21.2817063625725","18.5392147225622","8.59739382831403",".."
Israel,"ISR","Secure Internet servers (per 1 million people)","IT.NET.SECR.P6","2119.58811139714","6967.62420667256","9611.94668347818","11114.8663574111","12351.7921672038","13021.9604328062","13050.1700235417","12925.0685348766","12353.0237407764",".."
Israel,"ISR","Fixed broadband subscriptions (per 100 people)","IT.NET.BBND.P2","27.5030283172787","28.00833361537","28.6131707306182","28.6567652412239","29.5678161933081","29.7078785417387","29.1676695245416","29.4357235504327","29.1837101461688",".."
Israel,"ISR","ICT goods imports (% total goods imports)","TM.VAL.ICTG.ZS.UN","10.88","8.94","8.89","8.78","10.5","10.28","9.27","..","..",".."
Israel,"ISR","Individuals using the Internet (% of population)","IT.NET.USER.ZS","79.6531241815281","81.5811835871611","83.7331569615326","86.7878776180583","90.12734091","90.29689758","91.85079615","87.03842615","88.18242225",".."
Israel,"ISR","School enrollment, tertiary (% gross)","SE.TER.ENRR","61.4426498413086","60.3434600830078","58.6109886169434","57.4564514160156","57.633861541748","60.2585487365723","58.9500617980957","57.143440246582","56.2561111450195",".."
Israel,"ISR","Research and development expenditure (% of GDP)","GB.XPD.RSDV.GD.ZS","4.59051","4.74032","4.91965","5.35528","5.83209","5.75725","6.17831","6.34589","..",".."
Israel,"ISR","High-technology exports (% of manufactured exports)","TX.VAL.TECH.MF.ZS","21.8196172712291","21.0679788533896","22.5362840096475","23.0916656017552","28.197643074759","29.5956758722761","29.1090540410523","34.9377735824443","37.2335173751738",".."
Israel,"ISR","GDP per person employed (constant 2021 PPP $)","SL.GDP.PCAP.EM.KD","93527.5508532705","95341.8607691515","97067.5055727255","99127.4133695106","98141.9812756764","106291.242591409","106857.282046322","104448.634285675","103283.707937396",".."
Italy,"ITA","GDP growth (annual %)","NY.GDP.MKTP.KD.ZG","1.23622108511661","1.60369995294101","0.826646712344115","0.429162533780342","-8.86822122185345","8.93106210800055","4.82117669913565","0.975694840127005","0.692676948440536",".."
Italy,"ITA","Inflation, consumer prices (annual %)","FP.CPI.TOTL.ZG","-0.09401665691575","1.22653316645812","1.13748763600391","0.611246943765304","-0.13770757391651","1.87378325762481","8.20128991161718","5.62219442195901","0.982373023061417",".."
Italy,"ITA","Gross fixed capital formation (% of GDP)","NE.GDI.FTOT.ZS","17.2934651927051","17.5794629155864","17.9722011780771","18.1291790303995","18.2018164062184","20.7705217357607","21.7757352760856","22.6587144031483","22.1523278072561",".."
Italy,"ITA","Foreign direct investment, net inflows (% of GDP)","BX.KLT.DINV.WD.GD.ZS","1.35957350873308","0.44334154868577","2.10769610409512","1.77066894209208","-0.893869914296462","1.20474315612308","2.94181405797187","1.8137542726883","1.13001784266315",".."
Italy,"ITA","Domestic credit to private sector (% of GDP)","FS.AST.PRVT.GD.ZS","84.4917347012215","80.4167170633531","76.4482228153834","73.4404069738438","82.6528242104143","76.0051221503914","69.5868608578087","63.1270384971691","60.3701258499539",".."
Italy,"ITA","Real interest rate (%)","FR.INR.RINR","2.22028189161628","2.27486413860821","1.5923708555414","1.53937572556579","0.739269290959431","0.733185661773553","-1.15112854557422","-1.22864122337094","3.23429287161478",".."
Italy,"ITA","Market capitalization of listed domestic companies (% of GDP)","CM.MKT.LCAP.GD.ZS","..","..","..","..","..","..","..","..","..",".."
Italy,"ITA","Stocks traded, total value (% of GDP)","CM.MKT.TRAD.GD.ZS","..","..","..","..","..","..","..","..","..",".."
Italy,"ITA","Secure Internet servers (per 1 million people)","IT.NET.SECR.P6","1316.22234853891","7813.04008389552","12313.6246863563","15313.1771774623","20677.1830094764","24823.3931231798","28070.9043211973","30244.0571559008","30647.1608155582",".."
Italy,"ITA","Fixed broadband subscriptions (per 100 people)","IT.NET.BBND.P2","25.7337403103573","27.4652917045411","28.4648521996575","29.0544644701951","30.2586365187027","31.2852927413407","31.19136706407","31.8410876819321","31.7807732477772",".."
Italy,"ITA","ICT goods imports (% total goods imports)","TM.VAL.ICTG.ZS.UN","5.18","5.09","4.93","5","5.71","5.21","3.89","..","..",".."
Italy,"ITA","Individuals using the Internet (% of population)","IT.NET.USER.ZS","61.3242527666303","63.0773469984291","74.3871829234822","67.8507102874836","70.48342785","74.8623274","85.06074504","87.0278292","89.2207202",".."
Italy,"ITA","School enrollment, tertiary (% gross)","SE.TER.ENRR","61.3571014404297","62.69580078125","64.4753265380859","65.6895065307617","68.7231063842773","71.2745208740234","73.8962097167969","75.9496536254883","..",".."
Italy,"ITA","Research and development expenditure (% of GDP)","GB.XPD.RSDV.GD.ZS","1.35915","1.36393","1.41934","1.45558","1.49869","1.41065","1.36563","1.37935","..",".."
Italy,"ITA","High-technology exports (% of manufactured exports)","TX.VAL.TECH.MF.ZS","8.29074616964551","7.8052686500986","7.47655885813922","7.75802459594121","8.587243012964","7.77024565516253","9.15916231271025","9.9836968942283","12.2827088504022",".."
Italy,"ITA","GDP per person employed (constant 2021 PPP $)","SL.GDP.PCAP.EM.KD","127855.903439134","128328.067500085","127537.426110316","127844.962730741","119219.509149299","130053.456175498","132513.138774295","130817.545907376","130388.06581365",".."
Jamaica,"JAM","GDP growth (annual %)","NY.GDP.MKTP.KD.ZG","2.76043761369557","2.29303371291363","2.51584458612513","1.80943147301357","-8.30441923583135","5.70467978309095","6.43930323656186","2.74634433906714","-0.535039063867487",".."
Jamaica,"JAM","Inflation, consumer prices (annual %)","FP.CPI.TOTL.ZG","2.35102197485846","4.37839864991561","3.73663882152163","3.90510000865872","5.2267777929352","5.86278242801063","10.3495688391272","6.47413734662063","5.41194447981659",".."
Jamaica,"JAM","Gross fixed capital formation (% of GDP)","NE.GDI.FTOT.ZS","..","..","..","..","..","..","..","..","..",".."
Jamaica,"JAM","Foreign direct investment, net inflows (% of GDP)","BX.KLT.DINV.WD.GD.ZS","6.22844979056863","5.63139063640052","4.59566903085149","3.90817004443178","1.76731178461616","2.00753132739669","1.69418617103882","2.29897160435092","1.38581813054415",".."
Jamaica,"JAM","Domestic credit to private sector (% of GDP)","FS.AST.PRVT.GD.ZS","30.2517787133858","38.2460519475779","40.2619240422802","44.9080839791819","52.3597017235396","50.0226967195616","46.1904521881868","44.5663459970312","45.1288743422467",".."
Jamaica,"JAM","Real interest rate (%)","FR.INR.RINR","12.414259541131","8.46444675226535","8.75572358703479","10.0952562593136","9.18862546908227","4.57978682673998","-1.11124753372909","0.285773473849186","6.8032632295611",".."
Jamaica,"JAM","Market capitalization of listed domestic companies (% of GDP)","CM.MKT.LCAP.GD.ZS","43.4192234831727","59.5865327851955","71.5325395673595","92.60660545701","78.0060859886174","76.1397975082195","69.3828279696348","56.7982218729415","56.4593704261673",".."
Jamaica,"JAM","Stocks traded, total value (% of GDP)","CM.MKT.TRAD.GD.ZS","2.73561988540346","2.16794877860753","3.33773389149829","4.60975911926427","0.301129032884644","2.87467611537573","0.968452639059511","1.30688901127564","2.19202005865638",".."
Jamaica,"JAM","Secure Internet servers (per 1 million people)","IT.NET.SECR.P6","125.98245854412","142.412503320591","159.923577096816","150.888809469583","167.800705045573","176.904952704355","182.449357975502","190.859452085474","191.957170656969",".."
Jamaica,"JAM","Fixed broadband subscriptions (per 100 people)","IT.NET.BBND.P2","10.1806638279094","8.49218897606476","10.0973831751177","11.2602367962551","13.6219905826712","14.5717525783368","14.9601781381994","15.7852035329423","15.981614377416",".."
Jamaica,"JAM","ICT goods imports (% total goods imports)","TM.VAL.ICTG.ZS.UN","4.48","3.62","3.21","3.17","4.41","3.66","2.67","..","..",".."
Jamaica,"JAM","Individuals using the Internet (% of population)","IT.NET.USER.ZS","44.3668563671334","55.0720670507751","68.2145170876072","70.8410169743356","76.38400269","82.36071561","85.84329987","89.47304282","90.10870361",".."
Jamaica,"JAM","School enrollment, tertiary (% gross)","SE.TER.ENRR","..","..","..","..","..","..","..","..","..",".."
Jamaica,"JAM","Research and development expenditure (% of GDP)","GB.XPD.RSDV.GD.ZS","..","..","..","..","..","..","..","..","..",".."
Jamaica,"JAM","High-technology exports (% of manufactured exports)","TX.VAL.TECH.MF.ZS","4.12770569220042","5.73932610490372","7.9785246172073","4.17241427918592","2.35064138351541","2.47195001164729","1.47098475516758","2.64698979146794","..",".."
Jamaica,"JAM","GDP per person employed (constant 2021 PPP $)","SL.GDP.PCAP.EM.KD","22239.5125178542","21980.900132104","21942.2496452146","21553.0824321545","20543.4637462456","20945.6315066331","21263.5245942192","20923.4896626158","20740.567765908",".."
Japan,"JPN","GDP growth (annual %)","NY.GDP.MKTP.KD.ZG","0.753826745789127","1.67533175173359","0.643391023533141","-0.402169200894946","-4.16876457146743","2.69657404187188","0.941998775483285","1.47503481053384","0.104309021773304",".."
Japan,"JPN","Inflation, consumer prices (annual %)","FP.CPI.TOTL.ZG","-0.127258844489754","0.484199796126385","0.989094598021848","0.46877615938395","-0.024995834027731","-0.233352779398264","2.49770278172255","3.26813365933163","2.73853681635241",".."
Japan,"JPN","Gross fixed capital formation (% of GDP)","NE.GDI.FTOT.ZS","24.7606842913738","25.0073498435107","25.2677675892842","25.5475785734924","25.4716981132075","25.5546376460195","26.2617706144091","26.0120879352945","26.0840902660166",".."
Japan,"JPN","Foreign direct investment, net inflows (% of GDP)","BX.KLT.DINV.WD.GD.ZS","0.818481615264516","0.381319638034272","0.501685482403774","0.780785313301259","1.23830386396694","0.695100892094565","1.12971840820326","0.474278368651713","0.401239653950032",".."
Japan,"JPN","Domestic credit to private sector (% of GDP)","FS.AST.PRVT.GD.ZS","163.446906723913","168.661930703542","168.035145781732","176.790357885167","195.201446874432","195.272084840154","194.922445076413","193.694929571516","194.61139930369",".."
Japan,"JPN","Real interest rate (%)","FR.INR.RINR","0.622192760322802","1.06914440735818","..","..","..","..","..","..","..",".."
Japan,"JPN","Market capitalization of listed domestic companies (% of GDP)","CM.MKT.LCAP.GD.ZS","99.0331516365327","126.202199426239","105.077091955864","120.96679808146","132.926971755297","129.8692412031","126.22924958757","145.951960431945","156.685999360649",".."
Japan,"JPN","Stocks traded, total value (% of GDP)","CM.MKT.TRAD.GD.ZS","104.527886021421","117.189614462623","125.059198895587","99.6014689817479","125.388483163637","125.877993610048","137.435257813042","151.204876765502","183.34938823505",".."
Japan,"JPN","Secure Internet servers (per 1 million people)","IT.NET.SECR.P6","2108.1872265416","5971.46615001733","11644.8573073314","18646.9956488435","22848.7181314895","25729.8696078749","28934.0684777203","31701.7121806602","32928.7580837326",".."
Japan,"JPN","Fixed broadband subscriptions (per 100 people)","IT.NET.BBND.P2","31.3035556297124","31.8990791226107","32.6965336498031","33.545921250597","34.8370612448992","35.9391724358064","36.8414210393741","38.6312383711286","..",".."
Japan,"JPN","ICT goods imports (% total goods imports)","TM.VAL.ICTG.ZS.UN","13.01","13.01","11.94","12.25","14.12","13.08","11.27","..","..",".."
Japan,"JPN","Individuals using the Internet (% of population)","IT.NET.USER.ZS","93.1827212821617","91.7265472366635","88.7463508901772","92.7303978145525","90.21945812","82.91407928","84.92343147","85.00990295","85.54153081",".."
Japan,"JPN","School enrollment, tertiary (% gross)","SE.TER.ENRR","62.4975395202637","63.287540435791","62.6058502197266","62.4008407592773","62.2987403869629","62.0412483215332","63.3752288818359","64.4907608032227","..",".."
Japan,"JPN","Research and development expenditure (% of GDP)","GB.XPD.RSDV.GD.ZS","3.10665","3.16636","3.2192","3.21824","3.26556","3.27383","3.40053","3.44125","..",".."
Japan,"JPN","High-technology exports (% of manufactured exports)","TX.VAL.TECH.MF.ZS","17.620423854837","17.5942774665502","17.2970528139362","17.0303844450023","18.6333487896777","18.0039913482614","18.2592615351902","17.1028060703212","17.5547415163067",".."
Japan,"JPN","GDP per person employed (constant 2021 PPP $)","SL.GDP.PCAP.EM.KD","86240.9099959869","86700.1536098057","85515.4689479469","84299.252416948","81349.2692847553","83620.4025490706","83825.8964657049","84722.5218987574","84353.7909513892",".."
Jordan,"JOR","GDP growth (annual %)","NY.GDP.MKTP.KD.ZG","1.9941808493012","2.47359815449045","1.91907091341564","1.75124077866225","-1.10275188309046","3.65564358999147","2.64743514912058","2.88408339281683","2.48889409603647",".."
Jordan,"JOR","Inflation, consumer prices (annual %)","FP.CPI.TOTL.ZG","-0.778430463054142","3.32389447576097","4.46231108475481","0.761514047265601","0.333294350628378","1.34609377243118","4.22915568897117","2.08486986327134","1.55659611283953",".."
Jordan,"JOR","Gross fixed capital formation (% of GDP)","NE.GDI.FTOT.ZS","20.0397466980254","20.1475936480175","20.3907919470212","18.3687542932097","18.8898334342768","22.1629108047251","..","..","..",".."
Jordan,"JOR","Foreign direct investment, net inflows (% of GDP)","BX.KLT.DINV.WD.GD.ZS","3.89285142868971","4.87814133167977","2.20177686575576","1.63970565115643","1.73975978294192","1.34316062049226","1.97382535440765","3.92718313792336","3.06387579665258",".."
Jordan,"JOR","Domestic credit to private sector (% of GDP)","FS.AST.PRVT.GD.ZS","70.9530803561467","74.4929698437643","75.6212145728557","76.8998139579809","83.1365317979583","81.9629622069253","84.2333003504334","81.8151952854052","80.1570512555613",".."
Jordan,"JOR","Real interest rate (%)","FR.INR.RINR","6.66225302949733","6.4939601895352","6.24663101401516","7.75516318410271","8.24786468054413","4.70847287120056","4.6311069833054","7.02206005354519","6.46242941233702",".."
Jordan,"JOR","Market capitalization of listed domestic companies (% of GDP)","CM.MKT.LCAP.GD.ZS","61.6003503237498","57.6050492469371","52.4316087593451","47.2695930702197","41.6601839826589","47.2084688202877","52.1461275418128","46.7651840738418","46.675635098739",".."
Jordan,"JOR","Stocks traded, total value (% of GDP)","CM.MKT.TRAD.GD.ZS","6.47871278352532","5.61069100149972","5.44974197334693","3.7860812979734","3.37067983289024","5.82221826849279","5.2032439360469","4.01750090650525","2.82990666746892",".."
Jordan,"JOR","Secure Internet servers (per 1 million people)","IT.NET.SECR.P6","66.8574318731264","103.280892956634","97.9707532928209","102.324883190805","127.47086393401","144.853463958687","154.58060992356","182.967132441716","212.241523236292",".."
Jordan,"JOR","Fixed broadband subscriptions (per 100 people)","IT.NET.BBND.P2","2.97134814263758","3.24328385947311","3.81938742759006","4.28692534434619","5.80332966781737","6.45876564968631","7.0736531298176","7.03749462484875","7.01801006087142",".."
Jordan,"JOR","ICT goods imports (% total goods imports)","TM.VAL.ICTG.ZS.UN","4.79","4.45","4.74","4.96","4.99","4.28","3.16","..","..",".."
Jordan,"JOR","Individuals using the Internet (% of population)","IT.NET.USER.ZS","56.15000153","64.5","65.2","70.08470154","78.4178009","85.999997","90.4999984","92.53443944","95.62244985",".."
Jordan,"JOR","School enrollment, tertiary (% gross)","SE.TER.ENRR","34.0612635636995","28.6210570991622","31.5562985544301","30.1108403894558","30.2879665605319","30.451314266821","32.5119829829151","33.0567036969523","35.9184001120427",".."
Jordan,"JOR","Research and development expenditure (% of GDP)","GB.XPD.RSDV.GD.ZS","0.69547","..","..","..","..","..","..","..","..",".."
Jordan,"JOR","High-technology exports (% of manufactured exports)","TX.VAL.TECH.MF.ZS","3.37782667964516","1.81281942554955","1.50858480712756","1.36854381035936","1.54387858863055","1.71367970298807","1.44968826668558","2.08415985427159","..",".."
Jordan,"JOR","GDP per person employed (constant 2021 PPP $)","SL.GDP.PCAP.EM.KD","43117.1925266455","43034.3427515957","43863.2632456359","42641.9637944668","41630.0367346313","43813.741053983","43116.0382598726","40773.8520575293","41201.0461840114",".."
Kazakhstan,"KAZ","GDP growth (annual %)","NY.GDP.MKTP.KD.ZG","1.09999999910173","4.10000000257358","4.09999999309841","4.50000000091883","-2.49999999628","4.29999999729456","3.19999999970734","5.09999999973641","4.99999999996936",".."
Kazakhstan,"KAZ","Inflation, consumer prices (annual %)","FP.CPI.TOTL.ZG","14.3610942386248","7.44266321306792","6.16366247577762","5.33356098916669","6.71815454861458","8.04147134028401","15.0278644440851","14.5275597825952","8.69082156104494",".."
Kazakhstan,"KAZ","Gross fixed capital formation (% of GDP)","NE.GDI.FTOT.ZS","22.7192642717924","21.6975410616293","21.1768265541377","23.4674329467477","24.7185824193274","23.0389712497624","22.1256625498161","24.9591798473368","24.3175818053134",".."
Kazakhstan,"KAZ","Foreign direct investment, net inflows (% of GDP)","BX.KLT.DINV.WD.GD.ZS","12.5466202801438","2.85205738000704","0.196995426846668","2.05367649290766","4.21199990309163","2.31675874599247","2.25355434978679","2.18549414987511","0.678943746848058",".."
Kazakhstan,"KAZ","Domestic credit to private sector (% of GDP)","FS.AST.PRVT.GD.ZS","33.0302298204433","29.1875977429896","25.9325339763811","24.2664786023711","25.6352310952022","26.0102223624021","25.0218936908866","26.0459503517965","27.2796795779653",".."
Kazakhstan,"KAZ","Real interest rate (%)","FR.INR.RINR","..","..","..","..","..","..","..","..","..",".."
Kazakhstan,"KAZ","Market capitalization of listed domestic companies (% of GDP)","CM.MKT.LCAP.GD.ZS","29.2553221457192","27.3121516467191","20.6341332683033","22.3919471381583","22.3593120234174","33.3767070340905","20.3056476432168","22.5627777261206","47.6981058726884",".."
Kazakhstan,"KAZ","Stocks traded, total value (% of GDP)","CM.MKT.TRAD.GD.ZS","0.540272166169376","0.470764255001432","0.708877081603122","0.190127898044237","0.243713019691188","0.50964360291153","0.156273054057759","0.291632181972479","0.156621232963367",".."
Kazakhstan,"KAZ","Secure Internet servers (per 1 million people)","IT.NET.SECR.P6","255.995556426844","1191.67286218247","1326.53896081637","2273.55605062168","3184.09955139885","4342.46981161442","4944.14440531382","5814.13651400898","6914.14394055021",".."
Kazakhstan,"KAZ","Fixed broadband subscriptions (per 100 people)","IT.NET.BBND.P2","12.7965104881396","13.8114386119057","13.0002402717791","13.0799490149564","13.4502836627046","13.946795830528","14.4739535470844","14.3457210056574","15.3162031103353",".."
Kazakhstan,"KAZ","ICT goods imports (% total goods imports)","TM.VAL.ICTG.ZS.UN","5.2","5.85","5.99","5.63","6.26","8.65","7.53","..","..",".."
Kazakhstan,"KAZ","Individuals using the Internet (% of population)","IT.NET.USER.ZS","74.5877264735738","76.4267482325439","78.9039190578816","81.8776204746284","85.94259898","90.9239507","92.29685266","92.87846096","93.39167254",".."
Kazakhstan,"KAZ","School enrollment, tertiary (% gross)","SE.TER.ENRR","46.0492258820674","49.9712092283595","51.9662639587064","57.3421123781351","62.2921373672319","59.3849415869809","57.2459264222925","54.6563982045582","53.4564204414133","52.8612860406142"
Kazakhstan,"KAZ","Research and development expenditure (% of GDP)","GB.XPD.RSDV.GD.ZS","0.14179","0.12667","0.11683","0.11841","0.12602","0.13023","0.11715","0.14449","0.16242",".."
Kazakhstan,"KAZ","High-technology exports (% of manufactured exports)","TX.VAL.TECH.MF.ZS","32.0985345639872","24.2104171386819","23.5707068133801","29.2897210078218","34.0989696117001","27.3435440636149","32.2666497110269","34.4293373196596","42.19530029659",".."
Kazakhstan,"KAZ","GDP per person employed (constant 2021 PPP $)","SL.GDP.PCAP.EM.KD","64036.0030587928","66043.9551373836","68057.4563237596","70309.8634276871","68707.8849610004","71330.2255758295","71292.6151577871","73513.3692247536","75823.7292373124",".."
Kenya,"KEN","GDP growth (annual %)","NY.GDP.MKTP.KD.ZG","4.21351706814744","3.83795817364721","5.64794640709219","5.11415885767801","-0.272766327438816","7.59048947333467","4.85998104287999","5.71999241214208","4.72473994710138",".."
Kenya,"KEN","Inflation, consumer prices (annual %)","FP.CPI.TOTL.ZG","6.29724953814625","8.00564967709945","4.6898064677633","5.23963795764792","5.40516207933392","6.10793603659176","7.65986268272224","7.67139634029402","4.48978854243448",".."
Kenya,"KEN","Gross fixed capital formation (% of GDP)","NE.GDI.FTOT.ZS","19.3917380733162","19.895722184842","19.0979953870895","18.961572231805","19.3215816602225","19.686261552744","18.6052528302827","17.4638027725876","17.5385919966115",".."
Kenya,"KEN","Foreign direct investment, net inflows (% of GDP)","BX.KLT.DINV.WD.GD.ZS","0.627591266355583","1.64083690398642","0.832686217791619","0.468168547481475","-0.00536845439351621","0.382593996518954","0.691645983068062","0.472521238226254","0.385110027210407",".."
Kenya,"KEN","Domestic credit to private sector (% of GDP)","FS.AST.PRVT.GD.ZS","35.5710732134397","33.1505993031106","31.1986897673001","30.8320287701597","32.1498074208935","31.1231240199267","31.2584163915549","31.7980848696513","..",".."
Kenya,"KEN","Real interest rate (%)","FR.INR.RINR","10.1181287134987","5.65674761585908","8.48796047494694","7.83110074767401","6.71463440906742","7.42758100514376","5.02892163035783","7.75281849023135","13.1396195265011",".."
Kenya,"KEN","Market capitalization of listed domestic companies (% of GDP)","CM.MKT.LCAP.GD.ZS","..","..","..","24.9670356970152","21.2585537863719","20.8888019130207","14.0741142996643","8.55343658514276","12.4662831250609",".."
Kenya,"KEN","Stocks traded, total value (% of GDP)","CM.MKT.TRAD.GD.ZS","1.09044767488897","..","..","0.470230477614611","0.480878198193759","0.480102491801233","0.306765517409654","0.307681188828498","0.340661048730505",".."
Kenya,"KEN","Secure Internet servers (per 1 million people)","IT.NET.SECR.P6","19.5680541088686","37.3390938116987","222.358958065439","254.810149447412","246.584783512693","260.207008880973","280.15318973272","297.132205291086","399.695610422168",".."
Kenya,"KEN","Fixed broadband subscriptions (per 100 people)","IT.NET.BBND.P2","0.275660288360412","0.586008315906052","0.739931101786048","0.959288829892146","1.29112489733773","1.48254108303764","1.47646942688922","2.38882511128724","3.04382666975517",".."
Kenya,"KEN","ICT goods imports (% total goods imports)","TM.VAL.ICTG.ZS.UN","5.38","4.79","3.82","3.81","4.75","3.59","..","..","..",".."
Kenya,"KEN","Individuals using the Internet (% of population)","IT.NET.USER.ZS","16.6","17.82710075","19.5","22.6687733618171","24.7227993","26.96290016","29.40589905","32.07040024","34.97622513",".."
Kenya,"KEN","School enrollment, tertiary (% gross)","SE.TER.ENRR","11.6347883294504","11.8049232142021","..","10.4975595474243","..","..","..","8.67676730066979","10.4185962462804",".."
Kenya,"KEN","Research and development expenditure (% of GDP)","GB.XPD.RSDV.GD.ZS","..","..","..","..","..","..","0.40651","0.80427","0.81069",".."
Kenya,"KEN","High-technology exports (% of manufactured exports)","TX.VAL.TECH.MF.ZS","7.58623435569943","3.34859041785183","3.61296275113367","4.59327769222193","5.11178261072947","3.12736061396888","2.26073811025712","3.04169416728318","3.15003013612034",".."
Kenya,"KEN","GDP per person employed (constant 2021 PPP $)","SL.GDP.PCAP.EM.KD","11274.6646119327","11781.3676926947","12558.1478333887","13354.3367171728","13155.640166127","13686.6818425967","13910.8677902376","14258.9761768064","14523.1653933295",".."
Kiribati,"KIR","GDP growth (annual %)","NY.GDP.MKTP.KD.ZG","7.08802960050427","3.74913001948165","3.47943880004293","3.26425930432951","-1.46805538131593","8.47973787138213","4.56632593100372","2.65201087489879","5.26689747917099",".."
Kiribati,"KIR","Inflation, consumer prices (annual %)","FP.CPI.TOTL.ZG","1.91731090233378","0.355520888546828","0.564030491493476","-1.81307995302947","2.5532455441463","2.05361676773907","5.34595440908904","9.28307374517721","2.45545072159028",".."
Kiribati,"KIR","Gross fixed capital formation (% of GDP)","NE.GDI.FTOT.ZS","30.5525307080355","25.4576260121047","18.3195990616658","15.755158103341","14.602675013927","17.4152797133372","19.1294235921695","25.4136675459885","..",".."
Kiribati,"KIR","Foreign direct investment, net inflows (% of GDP)","BX.KLT.DINV.WD.GD.ZS","0.875179449056022","0.352123235920718","-0.490061067482829","-0.257289445431518","1.18792048651839","0.36155661211342","1.58130645815643","1.77076659064425","2.62220169231084",".."
Kiribati,"KIR","Domestic credit to private sector (% of GDP)","FS.AST.PRVT.GD.ZS","..","..","..","..","..","..","..","..","..",".."
Kiribati,"KIR","Real interest rate (%)","FR.INR.RINR","..","..","..","..","..","..","..","..","..",".."
Kiribati,"KIR","Market capitalization of listed domestic companies (% of GDP)","CM.MKT.LCAP.GD.ZS","..","..","..","..","..","..","..","..","..",".."
Kiribati,"KIR","Stocks traded, total value (% of GDP)","CM.MKT.TRAD.GD.ZS","..","..","..","..","..","..","..","..","..",".."
Kiribati,"KIR","Secure Internet servers (per 1 million people)","IT.NET.SECR.P6","25.3211566704367","24.9428393265433","40.9554077520396","8.06965728165525","39.6513850228788","38.9477865972877","53.6525918034169","22.6363842148947","22.3018480798109",".."
Kiribati,"KIR","Fixed broadband subscriptions (per 100 people)","IT.NET.BBND.P2","0.0928442411249346","0.0922885055082104","0.0712624094885489","0.0847314014573801","0.146710124584652","0.0864640862459786","0.0689819037472503","0.039990945446314","0.0349395619917037",".."
Kiribati,"KIR","ICT goods imports (% total goods imports)","TM.VAL.ICTG.ZS.UN","5.62","2.23","4.89","..","3.85","..","..","..","..",".."
Kiribati,"KIR","Individuals using the Internet (% of population)","IT.NET.USER.ZS","19.41939926","25.30960083","32.9864006","41.79299927","52.95090103","67.08760071","84.99849701","88","89.44029999",".."
Kiribati,"KIR","School enrollment, tertiary (% gross)","SE.TER.ENRR","..","..","..","..","..","..","..","..","4.96087980270386",".."
Kiribati,"KIR","Research and development expenditure (% of GDP)","GB.XPD.RSDV.GD.ZS","..","..","..","..","..","..","..","..","..",".."
Kiribati,"KIR","High-technology exports (% of manufactured exports)","TX.VAL.TECH.MF.ZS","2.75950742368185","3.42147403472058","21.550364249007","..","7.67213258875179","2.29693114054698","..","..","..",".."
Kiribati,"KIR","GDP per person employed (constant 2021 PPP $)","SL.GDP.PCAP.EM.KD","..","..","..","..","..","..","..","..","..",".."
"Korea, Dem. People's Rep.","PRK","GDP growth (annual %)","NY.GDP.MKTP.KD.ZG","..","..","..","..","..","..","..","..","..",".."
"Korea, Dem. People's Rep.","PRK","Inflation, consumer prices (annual %)","FP.CPI.TOTL.ZG","..","..","..","..","..","..","..","..","..",".."
"Korea, Dem. People's Rep.","PRK","Gross fixed capital formation (% of GDP)","NE.GDI.FTOT.ZS","..","..","..","..","..","..","..","..","..",".."
"Korea, Dem. People's Rep.","PRK","Foreign direct investment, net inflows (% of GDP)","BX.KLT.DINV.WD.GD.ZS","..","..","..","..","..","..","..","..","..",".."
"Korea, Dem. People's Rep.","PRK","Domestic credit to private sector (% of GDP)","FS.AST.PRVT.GD.ZS","..","..","..","..","..","..","..","..","..",".."
"Korea, Dem. People's Rep.","PRK","Real interest rate (%)","FR.INR.RINR","..","..","..","..","..","..","..","..","..",".."
"Korea, Dem. People's Rep.","PRK","Market capitalization of listed domestic companies (% of GDP)","CM.MKT.LCAP.GD.ZS","..","..","..","..","..","..","..","..","..",".."
"Korea, Dem. People's Rep.","PRK","Stocks traded, total value (% of GDP)","CM.MKT.TRAD.GD.ZS","..","..","..","..","..","..","..","..","..",".."
"Korea, Dem. People's Rep.","PRK","Secure Internet servers (per 1 million people)","IT.NET.SECR.P6","0","0.0387331037002547","..","..","0.0765218903110737","6.25177880261205","3.19041720212186","3.93667941999388","10.4155569475671",".."
"Korea, Dem. People's Rep.","PRK","Fixed broadband subscriptions (per 100 people)","IT.NET.BBND.P2","..","..","..","..","..","..","..","..","..",".."
"Korea, Dem. People's Rep.","PRK","ICT goods imports (% total goods imports)","TM.VAL.ICTG.ZS.UN","..","..","..","..","..","..","..","..","..",".."
"Korea, Dem. People's Rep.","PRK","Individuals using the Internet (% of population)","IT.NET.USER.ZS","..","..","..","..","..","..","..","..","..",".."
"Korea, Dem. People's Rep.","PRK","School enrollment, tertiary (% gross)","SE.TER.ENRR","..","..","26.7206192016602","..","..","..","..","..","..",".."
"Korea, Dem. People's Rep.","PRK","Research and development expenditure (% of GDP)","GB.XPD.RSDV.GD.ZS","..","..","..","..","..","..","..","..","..",".."
"Korea, Dem. People's Rep.","PRK","High-technology exports (% of manufactured exports)","TX.VAL.TECH.MF.ZS","..","..","..","..","..","..","..","..","..",".."
"Korea, Dem. People's Rep.","PRK","GDP per person employed (constant 2021 PPP $)","SL.GDP.PCAP.EM.KD","..","..","..","..","..","..","..","..","..",".."
"Korea, Rep.","KOR","GDP growth (annual %)","NY.GDP.MKTP.KD.ZG","3.17152748983935","3.433191763972","3.17611568177327","2.31380210595475","-0.700242317542106","4.61296795454287","2.72756456708991","1.58301467403629","2.00361101838986",".."
"Korea, Rep.","KOR","Inflation, consumer prices (annual %)","FP.CPI.TOTL.ZG","0.971685739912168","1.94433230786366","1.47583935002645","0.383000303608136","0.537288023411737","2.49833333333339","5.08951365062842","3.5974562502901","2.32174328643542",".."
"Korea, Rep.","KOR","Gross fixed capital formation (% of GDP)","NE.GDI.FTOT.ZS","29.8662168895967","31.6985138146943","30.4949863588202","30.112526532099","31.0409083655236","31.4877644393711","31.9338930962313","31.4470154989809","30.029371211707",".."
"Korea, Rep.","KOR","Foreign direct investment, net inflows (% of GDP)","BX.KLT.DINV.WD.GD.ZS","0.766507046338007","1.04741749331971","0.66781363782051","0.550202642546341","0.502554290313687","1.13577953855347","1.39186469730544","1.00819007911736","0.685857996519477",".."
"Korea, Rep.","KOR","Domestic credit to private sector (% of GDP)","FS.AST.PRVT.GD.ZS","128.040688171137","129.53913562367","133.504139589217","142.652478447088","154.747902042613","159.926120236306","162.769501736717","163.515631501207","160.347182678236",".."
"Korea, Rep.","KOR","Real interest rate (%)","FR.INR.RINR","1.27867160404439","1.42899755923416","3.07847583379285","4.09560933285802","1.19550220518032","-0.287216232726007","2.44052857732634","3.08772627466291","0.634469260614762",".."
"Korea, Rep.","KOR","Market capitalization of listed domestic companies (% of GDP)","CM.MKT.LCAP.GD.ZS","79.4440535898387","103.600239156409","77.4957041510036","84.797345715138","124.776480023799","114.227598704334","91.393869563349","106.678084519135","83.0488083580649",".."
"Korea, Rep.","KOR","Stocks traded, total value (% of GDP)","CM.MKT.TRAD.GD.ZS","101.374145584306","117.643430495879","134.616318611248","110.095852591969","297.619492764572","288.316688023078","169.461837992437","183.863103425776","166.72813363741",".."
"Korea, Rep.","KOR","Secure Internet servers (per 1 million people)","IT.NET.SECR.P6","720.999297841807","1198.94292873955","2065.98585194961","4538.9511819436","5939.01112308707","7334.11978035964","8821.91477648421","9728.36049939764","11902.38307173",".."
"Korea, Rep.","KOR","Fixed broadband subscriptions (per 100 people)","IT.NET.BBND.P2","40.0712454963259","41.1680978249153","41.2189959375994","42.0373507524342","43.0540600860627","44.2526082339633","45.4542124182774","46.5676352036327","47.8014965507867",".."
"Korea, Rep.","KOR","ICT goods imports (% total goods imports)","TM.VAL.ICTG.ZS.UN","15.7","15.02","13.97","15.87","17.88","16.35","15.27","..","..",".."
"Korea, Rep.","KOR","Individuals using the Internet (% of population)","IT.NET.USER.ZS","92.8430256796075","95.0694218761004","96.0228595797887","96.157579184239","96.50506052","97.57132698","97.16855335","97.41597478","97.89563777",".."
"Korea, Rep.","KOR","School enrollment, tertiary (% gross)","SE.TER.ENRR","93.6577224731445","93.7230224609375","93.3281784057617","93.9989166259766","96.8767700195312","100.359878540039","102.813056945801","106.709167480469","111.853302001953",".."
"Korea, Rep.","KOR","Research and development expenditure (% of GDP)","GB.XPD.RSDV.GD.ZS","3.78638","4.07341","4.27155","4.36379","4.5214","4.59673","4.84753","4.94352","..",".."
"Korea, Rep.","KOR","High-technology exports (% of manufactured exports)","TX.VAL.TECH.MF.ZS","30.5250266717443","32.546316460744","36.3912233579129","32.4050621736765","35.6022265413283","36.014503674486","36.118278931217","30.2762799912651","36.2582559366674",".."
"Korea, Rep.","KOR","GDP per person employed (constant 2021 PPP $)","SL.GDP.PCAP.EM.KD","88154.2542653821","90163.5046416164","92692.6222352801","93750.5460589006","93905.8652726407","97284.8428897318","96960.0305578976","97026.6007247124","98258.5741422485",".."
Kosovo,"XKX","GDP growth (annual %)","NY.GDP.MKTP.KD.ZG","5.57177504731632","4.82565565298054","3.40663227056285","4.75680057007834","-5.34027547826166","10.7456560819583","4.27849895827543","4.06762701436438","4.5730971681166",".."
Kosovo,"XKX","Inflation, consumer prices (annual %)","FP.CPI.TOTL.ZG","0.273169431045468","1.48823430592319","1.05379773654991","2.67599202639893","0.198227922994854","3.35369139207997","11.5805104542012","4.94432438791283","1.61944994559476",".."
Kosovo,"XKX","Gross fixed capital formation (% of GDP)","NE.GDI.FTOT.ZS","28.0115966303318","29.9595246156034","31.7112694391579","31.0426389832901","29.7061906473535","32.8807250679358","32.5048082073562","31.4805123269795","31.6453904546408",".."
Kosovo,"XKX","Foreign direct investment, net inflows (% of GDP)","BX.KLT.DINV.WD.GD.ZS","3.64804605378298","3.99449173779086","4.04305852508055","3.60874541643268","5.11361821652708","5.3214299513939","8.1685714094263","8.68015870393432","7.67877491657097",".."
Kosovo,"XKX","Domestic credit to private sector (% of GDP)","FS.AST.PRVT.GD.ZS","38.953865364003","41.6607425829676","44.460620500851","46.6721823532646","51.6243424179382","50.7890550974276","52.7823854236435","55.0457348171058","60.7128307120946",".."
Kosovo,"XKX","Real interest rate (%)","FR.INR.RINR","6.61599044931985","6.36467506803805","5.07900884074454","..","..","..","..","..","..",".."
Kosovo,"XKX","Market capitalization of listed domestic companies (% of GDP)","CM.MKT.LCAP.GD.ZS","..","..","..","..","..","..","..","..","..",".."
Kosovo,"XKX","Stocks traded, total value (% of GDP)","CM.MKT.TRAD.GD.ZS","..","..","..","..","..","..","..","..","..",".."
Kosovo,"XKX","Secure Internet servers (per 1 million people)","IT.NET.SECR.P6","..","..","..","..","..","..","..","..","..",".."
Kosovo,"XKX","Fixed broadband subscriptions (per 100 people)","IT.NET.BBND.P2","..","..","..","..","..","..","..","..","..",".."
Kosovo,"XKX","ICT goods imports (% total goods imports)","TM.VAL.ICTG.ZS.UN","..","..","..","..","..","..","..","..","..",".."
Kosovo,"XKX","Individuals using the Internet (% of population)","IT.NET.USER.ZS","..","83.8935968102791","89.4430319734879","..","..","..","..","..","..",".."
Kosovo,"XKX","School enrollment, tertiary (% gross)","SE.TER.ENRR","..","..","..","..","..","..","..","..","..",".."
Kosovo,"XKX","Research and development expenditure (% of GDP)","GB.XPD.RSDV.GD.ZS","..","..","..","..","..","..","..","..","..",".."
Kosovo,"XKX","High-technology exports (% of manufactured exports)","TX.VAL.TECH.MF.ZS","..","..","..","..","..","..","..","..","..",".."
Kosovo,"XKX","GDP per person employed (constant 2021 PPP $)","SL.GDP.PCAP.EM.KD","..","..","..","..","..","..","..","..","..",".."
Kuwait,"KWT","GDP growth (annual %)","NY.GDP.MKTP.KD.ZG","2.92607584256388","-4.71222270495362","2.74333045031415","2.26381706595791","-4.81731593381585","1.67213054307859","6.75866711966617","-1.6672059801285","-2.56011099967517",".."
Kuwait,"KWT","Inflation, consumer prices (annual %)","FP.CPI.TOTL.ZG","3.19839776658374","2.17183298510006","0.543133148199567","1.09184802655856","2.101729548274","3.42362947609188","3.98064961990313","3.64216403030709","2.89855072463762",".."
Kuwait,"KWT","Gross fixed capital formation (% of GDP)","NE.GDI.FTOT.ZS","29.2730708113492","27.0085390541854","24.7377612645645","22.7492715404258","20.000643361073","15.618528506158","16.0915597853142","16.7960728601071","..",".."
Kuwait,"KWT","Foreign direct investment, net inflows (% of GDP)","BX.KLT.DINV.WD.GD.ZS","0.266918369047007","0.0936402094114043","-0.0154187787915342","0.366059041832984","-0.502546857177858","-0.183575378772919","0.409943823254394","1.27859898143139","0.383567812220823",".."
Kuwait,"KWT","Domestic credit to private sector (% of GDP)","FS.AST.PRVT.GD.ZS","105.186812834562","98.699107218372","90.6280713315415","91.9570581282983","..","..","..","..","..",".."
Kuwait,"KWT","Real interest rate (%)","FR.INR.RINR","12.1448737121763","-9.92502373516905","-5.815110841771","4.92698795890651","24.6569140366071","-19.8735801502194","-11.6639768117132","14.1330324000967","5.94761491310289",".."
Kuwait,"KWT","Market capitalization of listed domestic companies (% of GDP)","CM.MKT.LCAP.GD.ZS","..","..","..","83.8740123350311","95.4445412513251","92.0929164853812","83.2050719601561","79.2909393857414","88.2998988274027",".."
Kuwait,"KWT","Stocks traded, total value (% of GDP)","CM.MKT.TRAD.GD.ZS","..","..","..","2.62174820224285","28.7533024317308","26.771614581405","23.1765316879264","20.0287926640629","28.3309009352547",".."
Kuwait,"KWT","Secure Internet servers (per 1 million people)","IT.NET.SECR.P6","393.347212454447","472.704902171265","394.355056013452","415.098790810919","402.248318113424","400.608594854461","388.48337441496","385.501357805424","384.296289580527",".."
Kuwait,"KWT","Fixed broadband subscriptions (per 100 people)","IT.NET.BBND.P2","2.5322361225893","2.83340373578262","2.40138113937059","1.90435176851799","1.68058136279176","1.61587179429556","1.36328249349441","1.01366418243269","..",".."
Kuwait,"KWT","ICT goods imports (% total goods imports)","TM.VAL.ICTG.ZS.UN","6.53","8.11","7.17","7.39","7.91","6.87","..","..","..",".."
Kuwait,"KWT","Individuals using the Internet (% of population)","IT.NET.USER.ZS","85.59999847","97.9999893344615","99.5988495907557","99.5426764518489","99.10587017","99.7","99.74729919","99.74731125","99.74729919","100"
Kuwait,"KWT","School enrollment, tertiary (% gross)","SE.TER.ENRR","59.2213394214596","54.9159622359267","52.1066893601774","50.4400595299189","53.731878917367","51.8967176944636","..","..","..",".."
Kuwait,"KWT","Research and development expenditure (% of GDP)","GB.XPD.RSDV.GD.ZS","0.07985","0.0804","0.06329","0.18512","0.17805","..","0.0801","0.09547","0.08954",".."
Kuwait,"KWT","High-technology exports (% of manufactured exports)","TX.VAL.TECH.MF.ZS","0.147979853189137","0.203527625358479","4.11848740218315","0.902769586911871","1.34985090816492","1.1917798374399","0.716354808280746","1.78499656846825","5.82777648932315",".."
Kuwait,"KWT","GDP per person employed (constant 2021 PPP $)","SL.GDP.PCAP.EM.KD","102106.764714257","92692.2429401863","90914.2152549254","90447.3939760071","93131.3236027878","92549.1637757358","87405.5010062305","81036.9097269437","78380.2286379788",".."
Kyrgyz Republic,"KGZ","GDP growth (annual %)","NY.GDP.MKTP.KD.ZG","4.33585592190116","4.73993722377884","3.75791013557165","4.60062565707598","-7.14897757727955","5.50700762671923","8.96750520041391","9.0132928339342","9.04013556120012",".."
Kyrgyz Republic,"KGZ","Inflation, consumer prices (annual %)","FP.CPI.TOTL.ZG","0.388838296895799","3.1753098637994","1.54266145238436","1.13362257718804","6.32542296338078","11.9050398185147","13.9229093174176","10.7532770416742","4.99760701207323",".."
Kyrgyz Republic,"KGZ","Gross fixed capital formation (% of GDP)","NE.GDI.FTOT.ZS","31.7947260225658","31.4657391469581","31.6504491859295","30.008048742598","25.9374483146956","24.1394982437984","21.4761655364133","22.0324728393303","23.9871003557033",".."
Kyrgyz Republic,"KGZ","Foreign direct investment, net inflows (% of GDP)","BX.KLT.DINV.WD.GD.ZS","9.08868385870298","-1.39184288798722","1.74369178553725","4.3096066288398","-4.85484703138399","2.44569276771409","0.451992680624909","1.04737270916902","4.03548948093475",".."
Kyrgyz Republic,"KGZ","Domestic credit to private sector (% of GDP)","FS.AST.PRVT.GD.ZS","20.6133934551959","21.4014706830143","23.3748120920843","23.30019174134","26.6168221726631","24.1631715005894","20.7968569789079","19.9450057285295","23.1629552991392",".."
Kyrgyz Republic,"KGZ","Real interest rate (%)","FR.INR.RINR","17.4268792752423","12.6891774226794","15.5303370528364","8.36475000741929","11.1026768503892","0.543018692651354","-0.829301474662546","-0.628515584354742","14.362771334286",".."
Kyrgyz Republic,"KGZ","Market capitalization of listed domestic companies (% of GDP)","CM.MKT.LCAP.GD.ZS","..","..","..","..","..","..","..","..","..",".."
Kyrgyz Republic,"KGZ","Stocks traded, total value (% of GDP)","CM.MKT.TRAD.GD.ZS","..","..","..","..","..","..","..","..","..",".."
Kyrgyz Republic,"KGZ","Secure Internet servers (per 1 million people)","IT.NET.SECR.P6","41.6171552067271","101.320881805624","166.819804660992","282.085050084132","411.946845031276","515.674279515602","639.836449603023","816.366773477939","1301.74076845492",".."
Kyrgyz Republic,"KGZ","Fixed broadband subscriptions (per 100 people)","IT.NET.BBND.P2","3.94326755245428","4.14801893845004","3.95179108798669","4.14366414717506","4.33664358791982","4.43257724274204","5.60484304582026","6.44652532064676","7.79695655822307",".."
Kyrgyz Republic,"KGZ","ICT goods imports (% total goods imports)","TM.VAL.ICTG.ZS.UN","3.13","3.66","3.85","5.33","5.08","3.98","5.03","..","..",".."
Kyrgyz Republic,"KGZ","Individuals using the Internet (% of population)","IT.NET.USER.ZS","40.52619934","50.80530167","62.8","64.1","72","77.11769867","84.1937027","91.04440308","92.0286026",".."
Kyrgyz Republic,"KGZ","School enrollment, tertiary (% gross)","SE.TER.ENRR","44.5886036787376","41.5760302696793","39.5679556504749","40.8257000638543","45.3327840830343","51.6239256637785","54.2184527097527","53.588822099772","53.1743590503791","53.8761747562613"
Kyrgyz Republic,"KGZ","Research and development expenditure (% of GDP)","GB.XPD.RSDV.GD.ZS","0.11121","0.10707","0.10107","0.08535","0.08356","0.07102","0.06922","0.05414","0.05269",".."
Kyrgyz Republic,"KGZ","High-technology exports (% of manufactured exports)","TX.VAL.TECH.MF.ZS","19.631318350849","17.6123403863741","8.05189045843038","6.7384784764513","8.74655092791846","16.298726070934","10.5540520111457","16.3335372866981","10.6711117431705",".."
Kyrgyz Republic,"KGZ","GDP per person employed (constant 2021 PPP $)","SL.GDP.PCAP.EM.KD","14841.1748955409","15900.7135630798","15763.7175147817","16229.0879298983","15305.2179510286","15294.6337361625","16240.3111983941","17780.3156253024","18782.8898260507",".."
Lao PDR,"LAO","GDP growth (annual %)","NY.GDP.MKTP.KD.ZG","7.02283625501138","6.8925308726989","6.24796000755872","5.4577350924848","0.503031829018681","2.52835100486102","2.70742652643155","3.74568140158232","4.13019264436937",".."
Lao PDR,"LAO","Inflation, consumer prices (annual %)","FP.CPI.TOTL.ZG","1.59691227583204","0.825478607568026","2.04039266890201","3.32255881256925","5.10407262959919","3.75562036658877","22.9562225132056","31.2301341732646","23.1305695942588",".."
Lao PDR,"LAO","Gross fixed capital formation (% of GDP)","NE.GDI.FTOT.ZS","29.0076540961796","..","..","..","..","..","..","..","..",".."
Lao PDR,"LAO","Foreign direct investment, net inflows (% of GDP)","BX.KLT.DINV.WD.GD.ZS","5.87774436155716","9.87799160512334","7.4856486219066","4.03149139231071","5.09807193491087","5.69344695957329","4.69509225789707","11.2425630959408","5.98958863567394",".."
Lao PDR,"LAO","Domestic credit to private sector (% of GDP)","FS.AST.PRVT.GD.ZS","..","..","..","..","..","..","..","..","..",".."
Lao PDR,"LAO","Real interest rate (%)","FR.INR.RINR","..","..","..","..","..","..","..","..","..",".."
Lao PDR,"LAO","Market capitalization of listed domestic companies (% of GDP)","CM.MKT.LCAP.GD.ZS","..","..","..","..","..","..","..","..","..",".."
Lao PDR,"LAO","Stocks traded, total value (% of GDP)","CM.MKT.TRAD.GD.ZS","..","..","..","..","..","..","..","..","..",".."
Lao PDR,"LAO","Secure Internet servers (per 1 million people)","IT.NET.SECR.P6","8.25034499468938","16.2436039028536","20.201892664819","30.9493320747272","52.2695535431475","82.246618027117","273.977785706509","274.103316206551","301.680129228236",".."
Lao PDR,"LAO","Fixed broadband subscriptions (per 100 people)","IT.NET.BBND.P2","0.353548994456637","0.387808918792952","0.636626171692238","1.0539352904733","1.67210846259045","2.0226898696049","2.38186047453058","2.72021122524182","..",".."
Lao PDR,"LAO","ICT goods imports (% total goods imports)","TM.VAL.ICTG.ZS.UN","7.36","7.35","9.52","6.05","5.95","3.91","..","..","..",".."
Lao PDR,"LAO","Individuals using the Internet (% of population)","IT.NET.USER.ZS","21.87000084","25.51040077","36.27130127","47.03229904","54","62","64.54000092","64.39800262","65.59269714",".."
Lao PDR,"LAO","School enrollment, tertiary (% gross)","SE.TER.ENRR","17.0880719461771","15.4112577339384","14.4969749098337","13.7404020217342","12.561911777868","12.4396649191011","13.677811550152","14.8841695785522","..",".."
Lao PDR,"LAO","Research and development expenditure (% of GDP)","GB.XPD.RSDV.GD.ZS","..","..","..","..","..","..","..","..","..",".."
Lao PDR,"LAO","High-technology exports (% of manufactured exports)","TX.VAL.TECH.MF.ZS","33.5741001661276","37.9504484411561","38.0167390499275","20.6094637307639","23.1554473691925","7.28644637663924","9.51767783297326","7.41963729583454","..",".."
Lao PDR,"LAO","GDP per person employed (constant 2021 PPP $)","SL.GDP.PCAP.EM.KD","18038.8198154253","19048.4186088203","19370.0974411486","19562.9249785157","19029.649145638","18580.8683183627","18166.6589931202","18488.9436626731","18893.0512079539",".."
Latvia,"LVA","GDP growth (annual %)","NY.GDP.MKTP.KD.ZG","2.55168601974034","3.39894872623931","4.30971286294503","0.675372771884227","-3.46922750780554","6.94254173062592","1.90853419029801","-0.941606068823631","-0.0461080109713521",".."
Latvia,"LVA","Inflation, consumer prices (annual %)","FP.CPI.TOTL.ZG","0.140633334505327","2.93036312374665","2.53445424186598","2.81140920075624","0.219064904841985","3.27582937431165","17.3102830198815","8.9380462331663","1.26579885828729",".."
Latvia,"LVA","Gross fixed capital formation (% of GDP)","NE.GDI.FTOT.ZS","20.1698787836187","21.5265612714824","22.9037634935095","22.7240395466554","23.0296116182607","22.9289576043746","23.2880754495724","24.0227249766904","22.4062700990842",".."
Latvia,"LVA","Foreign direct investment, net inflows (% of GDP)","BX.KLT.DINV.WD.GD.ZS","1.23693505180815","4.04880019492543","1.32076900628522","3.37100266711483","2.81413557812427","9.77936027100744","3.20337891789771","3.94830779361871","3.46583040049498",".."
Latvia,"LVA","Domestic credit to private sector (% of GDP)","FS.AST.PRVT.GD.ZS","48.3668701185648","43.6866052240662","37.9065537383829","35.718874565601","34.7313232736821","32.452830258812","30.9985884793983","28.5636863670335","29.5395677827529",".."
Latvia,"LVA","Real interest rate (%)","FR.INR.RINR","..","..","..","..","..","..","..","..","..",".."
Latvia,"LVA","Market capitalization of listed domestic companies (% of GDP)","CM.MKT.LCAP.GD.ZS","..","..","..","..","..","..","..","..","..",".."
Latvia,"LVA","Stocks traded, total value (% of GDP)","CM.MKT.TRAD.GD.ZS","..","..","..","..","..","..","..","..","..",".."
Latvia,"LVA","Secure Internet servers (per 1 million people)","IT.NET.SECR.P6","2938.44923571231","11948.0107586673","14504.1392214714","19857.6461133794","20328.8801751586","22572.6854480523","22271.1389855075","26083.1019636781","28218.3820582126",".."
Latvia,"LVA","Fixed broadband subscriptions (per 100 people)","IT.NET.BBND.P2","26.4893005276389","27.0886247975645","27.2877295355647","26.5858975490829","25.804169430384","25.9761549056076","25.989241189689","25.9948491178264","25.7542854181725",".."
Latvia,"LVA","ICT goods imports (% total goods imports)","TM.VAL.ICTG.ZS.UN","9.97","9.25","8.24","8.58","10.8","9","7.24","..","..",".."
Latvia,"LVA","Individuals using the Internet (% of population)","IT.NET.USER.ZS","79.8420977843089","80.1140770037369","83.5771748630956","86.13545644343","88.89796078","91.17964988","91.03009059","92.18791291","92.70757011",".."
Latvia,"LVA","School enrollment, tertiary (% gross)","SE.TER.ENRR","80.6048126220703","88.0574264526367","93.0244827270508","94.8645324707031","94.5108337402344","93.4839324951172","91.3303680419922","85.7360610961914","82.917350769043",".."
Latvia,"LVA","Research and development expenditure (% of GDP)","GB.XPD.RSDV.GD.ZS","0.45065","0.53004","0.66138","0.6602","0.75663","0.77085","0.8122","0.8236","..",".."
Latvia,"LVA","High-technology exports (% of manufactured exports)","TX.VAL.TECH.MF.ZS","17.2405295215294","16.0817754609296","16.5920580401869","17.1495055610295","20.0336000956914","16.9803713630842","17.5505893709401","18.554389354563","17.4901914812882",".."
Latvia,"LVA","GDP per person employed (constant 2021 PPP $)","SL.GDP.PCAP.EM.KD","68654.1104344662","70601.6923990441","72655.9084876075","73185.2969753186","72011.4661965091","79090.3958274739","79009.0000615562","77515.0483226478","78505.0186313828",".."
Lebanon,"LBN","GDP growth (annual %)","NY.GDP.MKTP.KD.ZG","1.55454940856943","0.903028464073813","-1.88470575631651","-6.91492472851026","-21.3998996914321","-7.00123862514116","-0.621678970663112","-0.760584470257314","..",".."
Lebanon,"LBN","Inflation, consumer prices (annual %)","FP.CPI.TOTL.ZG","-0.783359624361508","4.32135218303191","6.07698907889607","3.00538949390383","84.8643330472041","154.756096023393","171.205491336641","221.341644023365","45.2430422716718",".."
Lebanon,"LBN","Gross fixed capital formation (% of GDP)","NE.GDI.FTOT.ZS","22.5922228825615","21.3940568907692","21.7816276481155","13.5591549936245","8.09817614190237","5.35948446103238","1.22517074932807","1.89754409912655","..",".."
Lebanon,"LBN","Foreign direct investment, net inflows (% of GDP)","BX.KLT.DINV.WD.GD.ZS","5.02174040562454","4.756779140202","4.84140308956364","3.69413245000342","5.06712986613403","2.5929006838647","2.50966160641735","3.26435467389127","..",".."
Lebanon,"LBN","Domestic credit to private sector (% of GDP)","FS.AST.PRVT.GD.ZS","103.999348177296","106.567725062094","..","..","..","..","..","..","..",".."
Lebanon,"LBN","Real interest rate (%)","FR.INR.RINR","7.41493218280356","5.39647299086804","3.38554652858344","6.16602246203992","..","..","..","..","..",".."
Lebanon,"LBN","Market capitalization of listed domestic companies (% of GDP)","CM.MKT.LCAP.GD.ZS","23.7012079238305","21.6712664996016","17.6227910426063","14.9901292994513","21.1362982211629","45.7258634085464","..","..","..",".."
Lebanon,"LBN","Stocks traded, total value (% of GDP)","CM.MKT.TRAD.GD.ZS","1.76492179478385","1.15031206408935","0.686993740430648","0.379742966314211","0.732653444576643","1.52633102212057","0.0672147312702103","..","..",".."
Lebanon,"LBN","Secure Internet servers (per 1 million people)","IT.NET.SECR.P6","93.6255547155966","131.977777085152","199.695226649069","244.193122072055","322.32053953442","341.02105551438","260.249432107886","676.020565020171","267.311429182623",".."
Lebanon,"LBN","Fixed broadband subscriptions (per 100 people)","IT.NET.BBND.P2","..","..","..","7.24813507210341","7.57698778654173","7.55615217723581","7.29166684799988","..","..",".."
Lebanon,"LBN","ICT goods imports (% total goods imports)","TM.VAL.ICTG.ZS.UN","2.3","2.34","3.07","2.61","1.92","3.04","5","..","..",".."
Lebanon,"LBN","Individuals using the Internet (% of population)","IT.NET.USER.ZS","76.11000061","78.18080139","80.90000153","81.48120117","82.0664978","82.65599823","81.46479797","81.7059021","80.63400269",".."
Lebanon,"LBN","School enrollment, tertiary (% gross)","SE.TER.ENRR","42.5074771456909","44.1878772500135","47.2296269060678","50.1483937104215","51.5677337643942","56.8657861418168","58.1761149059991","54.4012561547071","..",".."
Lebanon,"LBN","Research and development expenditure (% of GDP)","GB.XPD.RSDV.GD.ZS","..","..","..","..","..","..","..","..","..",".."
Lebanon,"LBN","High-technology exports (% of manufactured exports)","TX.VAL.TECH.MF.ZS","2.82254509400518","3.29137382070708","2.35831810809947","3.89127352822828","5.13651259232765","2.15425314478037","15.13321994397","4.30236078360336","2.89591276881506",".."
Lebanon,"LBN","GDP per person employed (constant 2021 PPP $)","SL.GDP.PCAP.EM.KD","49360.6024660653","51281.5945653046","51955.6644368251","50086.979540284","42173.370796247","40326.4663521251","40846.1506829782","39997.742091277","..",".."
Lesotho,"LSO","GDP growth (annual %)","NY.GDP.MKTP.KD.ZG","3.60890731687714","-3.13817493733471","-1.48063315848241","-1.41799383085205","-8.15595785459911","2.26670961833291","2.38778020186284","1.82662476743647","2.85452253179545",".."
Lesotho,"LSO","Inflation, consumer prices (annual %)","FP.CPI.TOTL.ZG","6.59650490696543","4.447699373763","4.7518030162474","5.18708359197982","4.97809676252309","6.04774591950676","8.27180389943028","6.34221743124953","6.10544624245032",".."
Lesotho,"LSO","Gross fixed capital formation (% of GDP)","NE.GDI.FTOT.ZS","26.6310792843043","27.3872272220396","25.9784566212239","25.8514905247969","24.3115948752913","25.6700455121676","27.0714898241231","28.346005761216","..",".."
Lesotho,"LSO","Foreign direct investment, net inflows (% of GDP)","BX.KLT.DINV.WD.GD.ZS","3.74733138412509","1.82806623182623","1.59898721077784","1.49464849213428","1.36347415769606","-0.512915958026648","-0.332065069453934","-1.21096656797415","-0.5534084172031",".."
Lesotho,"LSO","Domestic credit to private sector (% of GDP)","FS.AST.PRVT.GD.ZS","18.2128934613148","20.0038403177699","20.1314045454092","21.3224677858948","21.9341136983369","22.3287794465889","21.6960639454113","24.8667315527873","25.580568001763",".."
Lesotho,"LSO","Real interest rate (%)","FR.INR.RINR","11.9030953150672","9.37269676063541","-0.330193275641943","7.49031602493296","2.2781720125597","4.93093586161033","3.27330449511865","11.4937394122392","7.3465476741061",".."
Lesotho,"LSO","Market capitalization of listed domestic companies (% of GDP)","CM.MKT.LCAP.GD.ZS","..","..","..","..","..","..","..","..","..",".."
Lesotho,"LSO","Stocks traded, total value (% of GDP)","CM.MKT.TRAD.GD.ZS","..","..","..","..","..","..","..","..","..",".."
Lesotho,"LSO","Secure Internet servers (per 1 million people)","IT.NET.SECR.P6","8.44903028601845","19.4704952459541","38.0105724346413","60.6498129586925","67.0922702100927","67.210779194019","75.6743988696957","89.1206988447189","85.9921374950105",".."
Lesotho,"LSO","Fixed broadband subscriptions (per 100 people)","IT.NET.BBND.P2","0.10467409743234","0.223493470430344","0.263921601133539","0.209015549435255","0.226324591508713","0.353652507890634","0.39753117741491","0.383738154734299","0.379434958926989",".."
Lesotho,"LSO","ICT goods imports (% total goods imports)","TM.VAL.ICTG.ZS.UN","3.27","2.67","3.31","2.98","2.77","2.95","..","..","..",".."
Lesotho,"LSO","Individuals using the Internet (% of population)","IT.NET.USER.ZS","32.4538569477365","39","40.79999924","42.301733569273","43.65750122","45.05670166","48.06959915","48.98590088","51.79660034",".."
Lesotho,"LSO","School enrollment, tertiary (% gross)","SE.TER.ENRR","..","10.3130654092878","9.93844298033582","..","..","..","..","..","..",".."
Lesotho,"LSO","Research and development expenditure (% of GDP)","GB.XPD.RSDV.GD.ZS","..","..","..","..","..","..","..","0.09453","..",".."
Lesotho,"LSO","High-technology exports (% of manufactured exports)","TX.VAL.TECH.MF.ZS","0.582000547378695","0.176184816420373","0.0577924172043064","0.173766076409184","0.0339450853606886","0.0697267831899667","0.0925726266687245","0.0742607412455623","0.0895832496967832",".."
Lesotho,"LSO","GDP per person employed (constant 2021 PPP $)","SL.GDP.PCAP.EM.KD","9349.03249929059","9141.98808253724","9088.29339283266","9051.90038262245","8417.67874504336","8506.29938597242","8309.29392959385","8298.79606274788","8393.50049293144",".."
Liberia,"LBR","GDP growth (annual %)","NY.GDP.MKTP.KD.ZG","-1.5549586174878","2.45515592012239","1.15757512207355","-2.46729763532686","-2.98249127649473","4.98671283481617","4.80810517290655","4.68375688761311","4.02185464964835",".."
Liberia,"LBR","Inflation, consumer prices (annual %)","FP.CPI.TOTL.ZG","8.83424868336488","12.4196323907138","23.5635148953742","26.9662760197878","16.9557241496255","7.81559385858648","7.59298486560313","10.0944535665552","8.21497439118964",".."
Liberia,"LBR","Gross fixed capital formation (% of GDP)","NE.GDI.FTOT.ZS","..","..","..","..","..","..","..","..","..",".."
Liberia,"LBR","Foreign direct investment, net inflows (% of GDP)","BX.KLT.DINV.WD.GD.ZS","9.1719033259717","7.30948578439651","3.77268493884788","2.61121194879185","-2.96003538007919","-1.11842850292887","3.09332516183889","7.11347042965831","9.86626133953545",".."
Liberia,"LBR","Domestic credit to private sector (% of GDP)","FS.AST.PRVT.GD.ZS","13.0206645953549","16.7523537949631","16.9764079051885","14.3078715677321","13.418605423168","12.8996951357409","14.787430409394","..","..",".."
Liberia,"LBR","Real interest rate (%)","FR.INR.RINR","6.18571573208098","16.2947039582308","..","..","..","..","..","..","..",".."
Liberia,"LBR","Market capitalization of listed domestic companies (% of GDP)","CM.MKT.LCAP.GD.ZS","..","..","..","..","..","..","..","..","..",".."
Liberia,"LBR","Stocks traded, total value (% of GDP)","CM.MKT.TRAD.GD.ZS","..","..","..","..","..","..","..","..","..",".."
Liberia,"LBR","Secure Internet servers (per 1 million people)","IT.NET.SECR.P6","2.10278054877526","1.85608150260109","2.22459242433251","4.75839167154567","6.02004519694578","6.65484892257045","8.18864554963864","9.28449156758809","13.0059469246904",".."
Liberia,"LBR","Fixed broadband subscriptions (per 100 people)","IT.NET.BBND.P2","0.168222443902021","0.185608150260109","..","0.21809295161251","0.252453508259017","0.247180102838331","0.274673226516174","..","..",".."
Liberia,"LBR","ICT goods imports (% total goods imports)","TM.VAL.ICTG.ZS.UN","..","..","..","..","..","..","..","..","..",".."
Liberia,"LBR","Individuals using the Internet (% of population)","IT.NET.USER.ZS","15.69999981","16.29999924","17.27770042","19.89579964","22.91069984","26.38229942","30.38010025","31.22410011","32.23360062",".."
Liberia,"LBR","School enrollment, tertiary (% gross)","SE.TER.ENRR","..","..","..","..","..","..","..","..","..",".."
Liberia,"LBR","Research and development expenditure (% of GDP)","GB.XPD.RSDV.GD.ZS","..","..","..","..","..","..","..","..","..",".."
Liberia,"LBR","High-technology exports (% of manufactured exports)","TX.VAL.TECH.MF.ZS","..","56.8580874479744","16.8436031156564","5.50358385939843","0.0150390753332307","7.93496540512927","10.2679978403201","0.643718596498284","..",".."
Liberia,"LBR","GDP per person employed (constant 2021 PPP $)","SL.GDP.PCAP.EM.KD","3840.43359201435","3850.97047225855","3809.89657535405","3630.82015300726","3500.29782522389","3551.37229706779","3564.9957335831","3620.92278535612","3659.7549566511",".."
Libya,"LBY","GDP growth (annual %)","NY.GDP.MKTP.KD.ZG","-1.4909411172622","32.4918021862688","7.9413678529104","-11.1960828853386","-29.4552967282824","28.2996823429147","-8.29981811198795","10.2000497852517","1.89995052025442",".."
Libya,"LBY","Inflation, consumer prices (annual %)","FP.CPI.TOTL.ZG","25.8538742124461","25.8036184788338","13.1702038536721","-2.16217883470595","1.44703656998741","2.86833027751019","4.51030149235703","2.37317531435169","2.12615766885025",".."
Libya,"LBY","Gross fixed capital formation (% of GDP)","NE.GDI.FTOT.ZS","19.4334848305815","16.1831475534531","16.0743031452922","13.7570741253253","9.44982817182817","12.160907106781","10.5201967792767","16.8804253893346","14.2709346991037",".."
Libya,"LBY","Foreign direct investment, net inflows (% of GDP)","BX.KLT.DINV.WD.GD.ZS","..","..","..","..","..","1.71219284038518","1.62326033379453","1.80500147243983","..",".."
Libya,"LBY","Domestic credit to private sector (% of GDP)","FS.AST.PRVT.GD.ZS","18.8829258302328","14.7896283143846","12.8465423346937","14.6289531807933","21.8337391546377","11.0391738497626","10.7185706773584","12.2180075415622","13.041851907924",".."
Libya,"LBY","Real interest rate (%)","FR.INR.RINR","..","..","..","..","..","..","..","..","..",".."
Libya,"LBY","Market capitalization of listed domestic companies (% of GDP)","CM.MKT.LCAP.GD.ZS","..","..","..","..","..","..","..","..","..",".."
Libya,"LBY","Stocks traded, total value (% of GDP)","CM.MKT.TRAD.GD.ZS","..","..","..","..","..","..","..","..","..",".."
Libya,"LBY","Secure Internet servers (per 1 million people)","IT.NET.SECR.P6","139.623402812311","916.190936921723","1072.41071943502","1024.16432205113","722.88311847207","155.427161912637","174.008019319458","112.241756698472","388.564024255174",".."
Libya,"LBY","Fixed broadband subscriptions (per 100 people)","IT.NET.BBND.P2","2.54699624223062","4.71896206577758","..","4.5748595928116","4.71229521564357","4.65300430613124","4.51840823499527","..","..",".."
Libya,"LBY","ICT goods imports (% total goods imports)","TM.VAL.ICTG.ZS.UN","3.57","2.98","8.31","5.73","..","..","..","..","..",".."
Libya,"LBY","Individuals using the Internet (% of population)","IT.NET.USER.ZS","35","47.5","47.5","71.40409851","74.35810089","77.438797","80.64720154","82.10469818","81.95449829",".."
Libya,"LBY","School enrollment, tertiary (% gross)","SE.TER.ENRR","..","..","..","..","..","..","..","..","..",".."
Libya,"LBY","Research and development expenditure (% of GDP)","GB.XPD.RSDV.GD.ZS","..","..","..","..","..","..","..","..","..",".."
Libya,"LBY","High-technology exports (% of manufactured exports)","TX.VAL.TECH.MF.ZS","..","..","..","0.604680774692483","..","..","..","..","..",".."
Libya,"LBY","GDP per person employed (constant 2021 PPP $)","SL.GDP.PCAP.EM.KD","43090.8014732765","55683.0700195632","58775.6587899817","51362.8042728563","39107.2820715755","48825.9416288933","40701.2704147106","43924.1056852834","44389.9883542489",".."
Liechtenstein,"LIE","GDP growth (annual %)","NY.GDP.MKTP.KD.ZG","..","..","..","..","..","..","..","..","..",".."
Liechtenstein,"LIE","Inflation, consumer prices (annual %)","FP.CPI.TOTL.ZG","..","..","..","..","..","..","..","..","..",".."
Liechtenstein,"LIE","Gross fixed capital formation (% of GDP)","NE.GDI.FTOT.ZS","..","..","..","..","..","..","..","..","..",".."
Liechtenstein,"LIE","Foreign direct investment, net inflows (% of GDP)","BX.KLT.DINV.WD.GD.ZS","972.693538598386","602.374526148965","-1303.10826691135","..","..","..","..","..","..",".."
Liechtenstein,"LIE","Domestic credit to private sector (% of GDP)","FS.AST.PRVT.GD.ZS","..","..","..","..","..","..","..","..","..",".."
Liechtenstein,"LIE","Real interest rate (%)","FR.INR.RINR","..","..","..","..","..","..","..","..","..",".."
Liechtenstein,"LIE","Market capitalization of listed domestic companies (% of GDP)","CM.MKT.LCAP.GD.ZS","..","..","..","..","..","..","..","..","..",".."
Liechtenstein,"LIE","Stocks traded, total value (% of GDP)","CM.MKT.TRAD.GD.ZS","..","..","..","..","..","..","..","..","..",".."
Liechtenstein,"LIE","Secure Internet servers (per 1 million people)","IT.NET.SECR.P6","17525.7185279457","23813.2869711817","34853.3179940386","47351.0878303037","51412.5600884296","62069.3175437701","66037.0192185957","66179.7921999699","60321.3844252163",".."
Liechtenstein,"LIE","Fixed broadband subscriptions (per 100 people)","IT.NET.BBND.P2","42.3634188488635","42.9405548216645","43.8301555246663","44.6748178980229","46.5602187427451","47.5207458252228","48.9304880840349","49.4065356836204","50.0050163029847",".."
Liechtenstein,"LIE","ICT goods imports (% total goods imports)","TM.VAL.ICTG.ZS.UN","..","..","..","..","..","..","..","..","..",".."
Liechtenstein,"LIE","Individuals using the Internet (% of population)","IT.NET.USER.ZS","98.09390259","99.54660034","..","93.14610291","94.34999847","95.56939697","97.88069916","98.13230133","98.2641983",".."
Liechtenstein,"LIE","School enrollment, tertiary (% gross)","SE.TER.ENRR","35.0226211547852","35.6219291687012","38.3002700805664","41.1658401489258","42.5986099243164","46.0189590454102","..","..","..",".."
Liechtenstein,"LIE","Research and development expenditure (% of GDP)","GB.XPD.RSDV.GD.ZS","..","..","..","5.86833","..","..","..","6.00984","..",".."
Liechtenstein,"LIE","High-technology exports (% of manufactured exports)","TX.VAL.TECH.MF.ZS","..","..","..","..","..","..","..","..","..",".."
Liechtenstein,"LIE","GDP per person employed (constant 2021 PPP $)","SL.GDP.PCAP.EM.KD","..","..","..","..","..","..","..","..","..",".."
Lithuania,"LTU","GDP growth (annual %)","NY.GDP.MKTP.KD.ZG","2.67192215053329","4.61224310312809","4.91836780106811","4.67735183530451","0.0428158336981426","6.38001606179873","2.53752574011534","0.342262716277261","2.77263124530285",".."
Lithuania,"LTU","Inflation, consumer prices (annual %)","FP.CPI.TOTL.ZG","0.905525075460342","3.72288862303707","2.69792779208394","2.33450937988027","1.19989444983569","4.68354420903453","19.7050461518394","9.11731962390475","0.715735835228723",".."
Lithuania,"LTU","Gross fixed capital formation (% of GDP)","NE.GDI.FTOT.ZS","19.9190169078885","20.1373563967598","20.6920891397458","21.2003099235928","21.4337157753964","22.485926256935","22.4798438863307","23.6831218098614","22.5009606900955",".."
Lithuania,"LTU","Foreign direct investment, net inflows (% of GDP)","BX.KLT.DINV.WD.GD.ZS","2.7403147410033","2.89745572307538","2.39550085067309","6.23035300556357","7.94344900363669","3.74064234382321","3.40588108209325","4.80150438624708","5.53816765536591",".."
Lithuania,"LTU","Domestic credit to private sector (% of GDP)","FS.AST.PRVT.GD.ZS","42.7658484020997","40.9797374311557","39.993553498832","38.7394336544601","37.0340108299265","37.2020567095125","35.6991095636078","34.3868073370538","35.9687269117612",".."
Lithuania,"LTU","Real interest rate (%)","FR.INR.RINR","..","..","..","..","..","..","..","..","..",".."
Lithuania,"LTU","Market capitalization of listed domestic companies (% of GDP)","CM.MKT.LCAP.GD.ZS","..","..","..","..","..","..","..","..","..",".."
Lithuania,"LTU","Stocks traded, total value (% of GDP)","CM.MKT.TRAD.GD.ZS","..","..","..","..","..","..","..","..","..",".."
Lithuania,"LTU","Secure Internet servers (per 1 million people)","IT.NET.SECR.P6","4363.77538164788","12992.8562860075","18152.6674233825","31265.1075793047","46868.5784678097","53718.8699534963","66487.2888104734","96899.7957573953","98553.1863622546",".."
Lithuania,"LTU","Fixed broadband subscriptions (per 100 people)","IT.NET.BBND.P2","29.8964138705034","28.2319064734089","28.1444849879285","28.2791627222047","28.4988545174577","28.712701575387","28.4400438919259","27.9638162516437","27.8460080234758",".."
Lithuania,"LTU","ICT goods imports (% total goods imports)","TM.VAL.ICTG.ZS.UN","5.5","5.76","4.89","5.08","6.18","5.65","4.7","..","..",".."
Lithuania,"LTU","Individuals using the Internet (% of population)","IT.NET.USER.ZS","74.3766455618662","77.6152565124514","79.7225827680518","81.5818683764046","83.05554724","86.93054425","87.72420219","88.50287484","89.16116293",".."
Lithuania,"LTU","School enrollment, tertiary (% gross)","SE.TER.ENRR","74.0858306884766","76.5389785766602","77.3577728271484","75.0942306518555","73.5892868041992","75.0314712524414","76.9154586791992","77.0064163208008","75.6177368164062",".."
Lithuania,"LTU","Research and development expenditure (% of GDP)","GB.XPD.RSDV.GD.ZS","0.84391","0.8963","0.92781","0.98701","1.12379","1.10044","1.05289","1.04977","..",".."
Lithuania,"LTU","High-technology exports (% of manufactured exports)","TX.VAL.TECH.MF.ZS","12.6400013901436","12.5193567980791","12.102708320773","12.0304039362778","12.0095660933711","11.508956927432","12.9963941333635","14.4028959953361","17.3245506640985",".."
Lithuania,"LTU","GDP per person employed (constant 2021 PPP $)","SL.GDP.PCAP.EM.KD","77299.3857573982","80902.192519544","83594.7655795249","87179.7320462365","88533.6497509229","93378.0229577859","93059.6610281119","92573.9347449267","94075.1781412798",".."
Luxembourg,"LUX","GDP growth (annual %)","NY.GDP.MKTP.KD.ZG","4.97819011520116","1.31718713754285","1.61129561338169","2.74931929072659","-0.510051634039826","6.9297342584233","-1.0974168968152","0.0994399943552651","0.35861253942069",".."
Luxembourg,"LUX","Inflation, consumer prices (annual %)","FP.CPI.TOTL.ZG","0.290833333333317","1.73079959118887","1.5281952430738","1.74332075653848","0.819957302127036","2.52692009066166","6.33600807777919","3.74140361983136","2.05113269954859",".."
Luxembourg,"LUX","Gross fixed capital formation (% of GDP)","NE.GDI.FTOT.ZS","17.28483889537","17.8113229941338","16.151624557013","18.0483819362099","17.1751509447995","18.1452709581154","16.6013614150021","16.0686275070946","15.375144986765",".."
Luxembourg,"LUX","Foreign direct investment, net inflows (% of GDP)","BX.KLT.DINV.WD.GD.ZS","28.257554145971","-41.6509945601316","-117.233947530512","234.310617307358","-4.55819523596748","28.7187121123012","-391.555119009248","-10.4511316835125","113.622225285264",".."
Luxembourg,"LUX","Domestic credit to private sector (% of GDP)","FS.AST.PRVT.GD.ZS","96.2530859448861","100.473133493731","105.495019442592","109.012204271952","110.212149628241","102.997694439279","102.548904653446","93.2053363391819","85.1436082593373",".."
Luxembourg,"LUX","Real interest rate (%)","FR.INR.RINR","..","..","..","..","..","..","..","..","..",".."
Luxembourg,"LUX","Market capitalization of listed domestic companies (% of GDP)","CM.MKT.LCAP.GD.ZS","97.8997356843619","104.454120441202","69.6099120568322","63.3066003130637","69.9974379662876","70.8371053804265","62.9898533668131","60.6190426851136","44.8777835338978",".."
Luxembourg,"LUX","Stocks traded, total value (% of GDP)","CM.MKT.TRAD.GD.ZS","0.113193079843893","0.142352662680379","0.111794756932056","0.0696988429216201","0.0650325660106516","0.0730204492246169","0.0583156188936652","0.0473595333908371","0.0419383170304399",".."
Luxembourg,"LUX","Secure Internet servers (per 1 million people)","IT.NET.SECR.P6","11473.9507984344","43014.3409084811","43151.5749650465","39864.4518315293","44903.4689627058","49199.7675232477","63898.0375224122","60480.4705670513","58437.6643250046",".."
Luxembourg,"LUX","Fixed broadband subscriptions (per 100 people)","IT.NET.BBND.P2","34.8068400324932","35.9768313229784","36.8853200372964","37.3611453762962","37.2960860898482","38.0399641403524","38.3269581349215","38.3793065082138","40.3174570156723",".."
Luxembourg,"LUX","ICT goods imports (% total goods imports)","TM.VAL.ICTG.ZS.UN","4.41","4.36","4.35","4.18","4.34","3.71","3.25","..","..",".."
Luxembourg,"LUX","Individuals using the Internet (% of population)","IT.NET.USER.ZS","98.1366986657616","97.3629603241751","97.061298705829","97.120635693272","98.45962893","98.66086333","98.24203749","99.34785707","98.7606147","99.12902211"
Luxembourg,"LUX","School enrollment, tertiary (% gross)","SE.TER.ENRR","19.9203605651856","19.5990200042725","19.3915195465088","19.3969497680664","19.961389541626","20.7341499328613","21.032600402832","21.5371704101562","22.4103698730469",".."
Luxembourg,"LUX","Research and development expenditure (% of GDP)","GB.XPD.RSDV.GD.ZS","1.2669","1.23898","1.17039","1.18209","1.09627","1.03153","1.0653","1.07045","..",".."
Luxembourg,"LUX","High-technology exports (% of manufactured exports)","TX.VAL.TECH.MF.ZS","7.96708640448661","6.9688410293022","6.97324123677991","6.57356994288018","5.61923854995663","6.0752020682151","5.9904603893658","5.979250210644","5.0736120319212",".."
Luxembourg,"LUX","GDP per person employed (constant 2021 PPP $)","SL.GDP.PCAP.EM.KD","289658.304062475","284157.542930561","280476.762260207","278812.234835193","275813.632690457","280240.207430894","271034.159985658","264776.51404822","263863.90523458",".."
"Macao SAR, China","MAC","GDP growth (annual %)","NY.GDP.MKTP.KD.ZG","-0.701510212552961","9.91855844513513","6.35917030567686","-2.4609094006739","-54.4020925789353","22.4622020023362","-18.956941494497","75.3084184293413","7.84960207010525",".."
"Macao SAR, China","MAC","Inflation, consumer prices (annual %)","FP.CPI.TOTL.ZG","2.36895749705898","1.22812404052809","3.00446293166953","2.75193081051975","0.811410511491512","0.0264543647055504","1.04502802369954","0.476384495788075","0.672498598854365",".."
"Macao SAR, China","MAC","Gross fixed capital formation (% of GDP)","NE.GDI.FTOT.ZS","21.9414904714087","19.8588499915776","16.7924715027305","13.8756842814004","26.5809748271969","22.5272283182665","22.4161941708943","14.6236518222145","13.7443404769091",".."
"Macao SAR, China","MAC","Foreign direct investment, net inflows (% of GDP)","BX.KLT.DINV.WD.GD.ZS","4.13475853837245","3.38191416637271","3.12603183085927","11.7748789603391","-24.5780080658474","18.372810695022","13.3808225043823","2.50808598999395","3.82364491952989",".."
"Macao SAR, China","MAC","Domestic credit to private sector (% of GDP)","FS.AST.PRVT.GD.ZS","117.673690461951","113.628459884464","113.85829727128","119.791555781742","269.837324968806","232.523915658475","287.359828906794","146.669253120379","129.630265117215",".."
"Macao SAR, China","MAC","Real interest rate (%)","FR.INR.RINR","4.32327629779025","3.02600570156772","1.68017540114181","2.88540553528711","5.53562308204052","6.15680880273772","4.13322292208438","1.5638472039005","5.81027686117298",".."
"Macao SAR, China","MAC","Market capitalization of listed domestic companies (% of GDP)","CM.MKT.LCAP.GD.ZS","..","..","..","..","..","..","..","..","..",".."
"Macao SAR, China","MAC","Stocks traded, total value (% of GDP)","CM.MKT.TRAD.GD.ZS","..","..","..","..","..","..","..","..","..",".."
"Macao SAR, China","MAC","Secure Internet servers (per 1 million people)","IT.NET.SECR.P6","1043.67816091954","1708.82171499075","2540.59796630748","3971.72619047619","5719.28800700321","5169.23076923077","6022.44204931345","5760.16499705362","6586.60844250364",".."
"Macao SAR, China","MAC","Fixed broadband subscriptions (per 100 people)","IT.NET.BBND.P2","28.0554364413727","28.7678987369964","29.3055867583929","29.807414296232","30.4508928113933","29.6158421202704","29.6066193799726","29.6759264447159","29.8553859567768",".."
"Macao SAR, China","MAC","ICT goods imports (% total goods imports)","TM.VAL.ICTG.ZS.UN","10.83","3.43","2.88","9.33","9.06","15.62","13.26","..","..",".."
"Macao SAR, China","MAC","Individuals using the Internet (% of population)","IT.NET.USER.ZS","81.6429854646415","83.1740890688259","83.7940896091516","86.4679257062588","87.46230316","88.46810492","89.48549652","89.82640076","89.82640076",".."
"Macao SAR, China","MAC","School enrollment, tertiary (% gross)","SE.TER.ENRR","79.925","81.2655086848635","76.7935034802784","80.0911214953271","86.7956730769231","98.9696202531646","116.232189973615","129.151041666667","141.864795918367",".."
"Macao SAR, China","MAC","Research and development expenditure (% of GDP)","GB.XPD.RSDV.GD.ZS","0.23492","0.1721","0.20113","0.24721","0.45327","0.37318","0.42754","0.27103","0.31097",".."
"Macao SAR, China","MAC","High-technology exports (% of manufactured exports)","TX.VAL.TECH.MF.ZS","..","16.1914475747604","0","0","0","0","0","0","0",".."
"Macao SAR, China","MAC","GDP per person employed (constant 2021 PPP $)","SL.GDP.PCAP.EM.KD","202307.584142906","225028.816416854","235124.79097185","226560.473451186","104108.484761427","127203.699480089","107508.814411329","183557.074845295","194417.398336886",".."
Madagascar,"MDG","GDP growth (annual %)","NY.GDP.MKTP.KD.ZG","3.99314606199499","3.93330759462793","3.19435651744398","4.41123212909589","-7.13767162064489","4.65068343174309","4.15609778386296","4.20304615840668","4.19999999988647",".."
Madagascar,"MDG","Inflation, consumer prices (annual %)","FP.CPI.TOTL.ZG","6.03575858154679","8.60905075422949","8.59422958870476","5.61051441492365","4.20179312190557","5.81225118787715","8.16059031991844","9.87432675044888","7.61335784313723",".."
Madagascar,"MDG","Gross fixed capital formation (% of GDP)","NE.GDI.FTOT.ZS","18.9772554208421","18.1394239939119","21.0320223196991","21.2478039154103","19.5281573240945","23.2321902184147","21.8390496204748","19.8531858511314","22.224338487768",".."
Madagascar,"MDG","Foreign direct investment, net inflows (% of GDP)","BX.KLT.DINV.WD.GD.ZS","4.56460803171494","3.52797151000056","4.44792798727992","3.36279830994653","2.74657132352467","2.49072338064723","3.05272592480357","3.27357918889341","3.47985819890072",".."
Madagascar,"MDG","Domestic credit to private sector (% of GDP)","FS.AST.PRVT.GD.ZS","11.8878140256576","12.706122619847","12.9668768989013","14.2116915537463","16.4151092015642","17.8524446782585","18.6393439604551","17.1095450681392","16.6409451446495",".."
Madagascar,"MDG","Real interest rate (%)","FR.INR.RINR","46.8427693226406","52.4367881529961","43.4833449657503","39.8770894409842","42.7140565591637","39.5350468800834","35.7645590370183","42.9145487487583","48.6639305526847",".."
Madagascar,"MDG","Market capitalization of listed domestic companies (% of GDP)","CM.MKT.LCAP.GD.ZS","..","..","..","..","..","..","..","..","..",".."
Madagascar,"MDG","Stocks traded, total value (% of GDP)","CM.MKT.TRAD.GD.ZS","..","..","..","..","..","..","..","..","..",".."
Madagascar,"MDG","Secure Internet servers (per 1 million people)","IT.NET.SECR.P6","2.91188274982268","4.70353278241028","5.20095962433214","8.04406759936744","9.87788857437753","13.876220008546","17.8071213438029","22.1823794204962","25.0586924005151",".."
Madagascar,"MDG","Fixed broadband subscriptions (per 100 people)","IT.NET.BBND.P2","0.101092139939568","0.0935555068196559","0.0989673512851062","0.106309263427764","0.110521830202826","0.104182794544746","0.10748996107107","0.124487385085979","..",".."
Madagascar,"MDG","ICT goods imports (% total goods imports)","TM.VAL.ICTG.ZS.UN","2.75","2.73","2.71","2.1","2.37","2.71","..","..","..",".."
Madagascar,"MDG","Individuals using the Internet (% of population)","IT.NET.USER.ZS","4.713699818","6.406000137","7.747799873","9.379400253","11.35470009","13.74590015","17.81170082","18.24080086","18.67790031",".."
Madagascar,"MDG","School enrollment, tertiary (% gross)","SE.TER.ENRR","4.6583858057243","5.07525058069797","5.11877849200791","5.28586006164551","5.17336117275841","5.3135678666922","5.87562673022926","6.1466638463036","..",".."
Madagascar,"MDG","Research and development expenditure (% of GDP)","GB.XPD.RSDV.GD.ZS","0.01264","0.01275","..","..","..","..","..","..","..",".."
Madagascar,"MDG","High-technology exports (% of manufactured exports)","TX.VAL.TECH.MF.ZS","1.54980929380356","1.28948585834724","1.04433298404265","0.963097896905451","0.539322061058942","0.405991436478599","0.34862498459426","0.478060054077076","0.958835172179217",".."
Madagascar,"MDG","GDP per person employed (constant 2021 PPP $)","SL.GDP.PCAP.EM.KD","3354.31830368546","3389.85789955406","3402.65896273061","3456.58791145452","3169.80801084097","3211.11690014008","3221.81086039593","3254.17440335602","3292.01563693259",".."
Malawi,"MWI","GDP growth (annual %)","NY.GDP.MKTP.KD.ZG","2.49999999914311","4.00000000089172","4.35356471619211","5.71682519194337","0.793596429787286","4.55829212016083","0.921115069005936","1.94575281675984","1.6734340852915",".."
Malawi,"MWI","Inflation, consumer prices (annual %)","FP.CPI.TOTL.ZG","21.7111132136499","11.5433939188771","12.420178108921","9.3708360560567","8.62551469650552","9.33014410835212","20.953969729969","28.7897428247298","32.1796504225025",".."
Malawi,"MWI","Gross fixed capital formation (% of GDP)","NE.GDI.FTOT.ZS","..","..","..","..","..","..","..","..","..",".."
Malawi,"MWI","Foreign direct investment, net inflows (% of GDP)","BX.KLT.DINV.WD.GD.ZS","1.46272973143861","1.0085487596618","0.779538295941585","0.499715595789277","2.14268264715469","1.04617739110529","1.5988861608404","1.60106112476406","2.27963607830505",".."
Malawi,"MWI","Domestic credit to private sector (% of GDP)","FS.AST.PRVT.GD.ZS","8.00930921941906","7.47835094183135","6.81764864429292","7.22074169557393","7.85314893803138","8.23959919600957","8.6470490751732","7.74778352972302","7.90723488945761",".."
Malawi,"MWI","Real interest rate (%)","FR.INR.RINR","19.8012047157366","25.3362012686411","24.6227744902615","16.6583028004239","16.9443491985666","14.5426258743756","6.98562574929355","3.49864799223763","9.92116725806342",".."
Malawi,"MWI","Market capitalization of listed domestic companies (% of GDP)","CM.MKT.LCAP.GD.ZS","..","..","..","..","..","..","..","..","..",".."
Malawi,"MWI","Stocks traded, total value (% of GDP)","CM.MKT.TRAD.GD.ZS","..","..","..","..","..","..","..","..","..",".."
Malawi,"MWI","Secure Internet servers (per 1 million people)","IT.NET.SECR.P6","5.12594474721375","10.1997176784666","15.0582243244727","16.0309037981784","16.5865597263586","21.1999067403632","23.8225718187338","27.6718471460233","32.4632055194284",".."
Malawi,"MWI","Fixed broadband subscriptions (per 100 people)","IT.NET.BBND.P2","0.0495052352697577","0.0599566013099431","0.0613015454757565","0.0596980345376099","0.0627371263723842","0.0670814931398598","0.0724060330808983","0.079556560544817","0.0863853749149284",".."
Malawi,"MWI","ICT goods imports (% total goods imports)","TM.VAL.ICTG.ZS.UN","2.51","4.01","3.37","6.34","3.33","4.16","..","..","..",".."
Malawi,"MWI","Individuals using the Internet (% of population)","IT.NET.USER.ZS","6.300000191","7","8.798299789","11.05860043","13.89949989","15.30300045","16.84830093","17.98810346","18.96159935",".."
Malawi,"MWI","School enrollment, tertiary (% gross)","SE.TER.ENRR","..","..","1.6942403485732","..","2.40217380732134","2.39798041885226","2.70813684546823","..","..",".."
Malawi,"MWI","Research and development expenditure (% of GDP)","GB.XPD.RSDV.GD.ZS","..","..","..","0.17752","..","..","..","..","..",".."
Malawi,"MWI","High-technology exports (% of manufactured exports)","TX.VAL.TECH.MF.ZS","2.37156083791477","2.01243154383311","2.14917014000118","6.84439153559323","2.79814154290263","6.07356230862874","2.30769539307614","5.31056594105904","1.64552794448662",".."
Malawi,"MWI","GDP per person employed (constant 2021 PPP $)","SL.GDP.PCAP.EM.KD","4681.71283689068","4835.12497193975","4877.57710297845","4981.36610743155","4524.65341438347","4946.31740491167","4772.16509441443","4696.41919636551","4613.04203780261",".."
Malaysia,"MYS","GDP growth (annual %)","NY.GDP.MKTP.KD.ZG","4.44978139761541","5.81272240983328","4.84308697634881","4.41318742129586","-5.45684658426701","3.31534954399166","9.03173723044451","3.5370638041057","5.10545921024041",".."
Malaysia,"MYS","Inflation, consumer prices (annual %)","FP.CPI.TOTL.ZG","2.09056659525742","3.87120115774237","0.884709160571235","0.662891865764326","-1.1387021539305","2.47710241465447","3.37869862549928","2.48886560125754","1.834100204499",".."
Malaysia,"MYS","Gross fixed capital formation (% of GDP)","NE.GDI.FTOT.ZS","25.5177878242928","25.062965299807","24.2004646026756","22.9367865039746","20.9140162759915","19.2873174557577","18.2081449706805","19.227400080595","20.5427183763046",".."
Malaysia,"MYS","Foreign direct investment, net inflows (% of GDP)","BX.KLT.DINV.WD.GD.ZS","4.47130958598651","2.9358203805856","2.31458721219734","2.50697705748044","1.20275464255821","5.41626377085161","3.68486215546291","1.97990062716743","3.6930953933026",".."
Malaysia,"MYS","Domestic credit to private sector (% of GDP)","FS.AST.PRVT.GD.ZS","121.979820601963","117.167568374282","120.276311883907","120.706946299114","133.816995520751","127.260894609567","113.070470558095","117.099430029325","116.107410807392",".."
Malaysia,"MYS","Real interest rate (%)","FR.INR.RINR","2.82594518260627","0.798926040327277","4.27704807389124","4.80161718618398","4.80149199718223","-2.11195861208843","-2.2468071304743","7.30135969525267","4.45730372233753",".."
Malaysia,"MYS","Market capitalization of listed domestic companies (% of GDP)","CM.MKT.LCAP.GD.ZS","119.429409980014","142.826543755907","110.933967082941","110.619393447663","129.361356116813","110.835307837554","93.4719535951962","94.5256080579035","106.45230746045",".."
Malaysia,"MYS","Stocks traded, total value (% of GDP)","CM.MKT.TRAD.GD.ZS","32.6252113127038","43.063432559696","37.7199379571665","29.7444542060659","73.6711213337256","54.6784045363182","27.0834581918543","26.4117673503428","39.2974342869274",".."
Malaysia,"MYS","Secure Internet servers (per 1 million people)","IT.NET.SECR.P6","912.780356269652","4727.64504393731","5473.06920516799","6424.1677989232","7157.51441786287","7998.18589124991","8416.74162116676","8082.51982602892","7475.46106293289",".."
Malaysia,"MYS","Fixed broadband subscriptions (per 100 people)","IT.NET.BBND.P2","8.55245970508987","8.30705146836206","8.19179819298533","8.86497357882019","9.91101742902637","10.8921782282506","12.1753566089982","13.0287000355119","13.5464432669708",".."
Malaysia,"MYS","ICT goods imports (% total goods imports)","TM.VAL.ICTG.ZS.UN","24.7","25.22","25.08","24.14","26.83","27.04","..","..","..",".."
Malaysia,"MYS","Individuals using the Internet (% of population)","IT.NET.USER.ZS","78.7883099275229","80.1404790103961","81.2010486181174","84.1871450078281","89.55501192","96.7514278","97.3986404","97.69272633","98.0206059",".."
Malaysia,"MYS","School enrollment, tertiary (% gross)","SE.TER.ENRR","45.4034659569972","42.293211695146","43.3100279300797","40.8082966813944","39.7445667367633","38.1899993008367","36.9853099297291","37.2745812491757","38.5013945445142",".."
Malaysia,"MYS","Research and development expenditure (% of GDP)","GB.XPD.RSDV.GD.ZS","1.41517","..","1.04026","..","0.95055","..","1.0121","..","..",".."
Malaysia,"MYS","High-technology exports (% of manufactured exports)","TX.VAL.TECH.MF.ZS","49.058669616671","51.124071112731","53.1812872322082","51.5927774360365","53.8128736631656","51.6786836379514","58.2818244031486","59.4155074421789","58.6276748543331",".."
Malaysia,"MYS","GDP per person employed (constant 2021 PPP $)","SL.GDP.PCAP.EM.KD","60708.4269381503","62735.5048045489","63942.8344637436","65082.787630927","61442.1481504419","62214.0306927762","65445.3328429099","66453.9505440969","68621.5768470984",".."
Maldives,"MDV","GDP growth (annual %)","NY.GDP.MKTP.KD.ZG","6.37528306716864","7.07442863215275","8.5689555834747","6.92305989050099","-32.9088287752921","37.507870124321","13.8260895184139","4.94286301229583","3.49440422654285",".."
Maldives,"MDV","Inflation, consumer prices (annual %)","FP.CPI.TOTL.ZG","0.502509413611612","2.81747338234509","-0.133373386117595","0.220029731065383","-1.36977425569811","0.543149688737013","2.33314337624567","2.92746542425035","1.39979779674928",".."
Maldives,"MDV","Gross fixed capital formation (% of GDP)","NE.GDI.FTOT.ZS","39.958303797275","41.1665758323434","47.7821183502268","44.0512013945222","38.8176225499697","28.0353626177626","36.662276343001","34.8151768122801","34.8412362495067",".."
Maldives,"MDV","Foreign direct investment, net inflows (% of GDP)","BX.KLT.DINV.WD.GD.ZS","10.3547618700189","9.50514529202919","10.6517647807373","16.7834728448357","11.8706880719155","12.238665987932","11.8454662775286","11.5818458756845","11.416720004027",".."
Maldives,"MDV","Domestic credit to private sector (% of GDP)","FS.AST.PRVT.GD.ZS","30.3476225372342","31.1989633144231","31.0378663786162","31.539334008471","53.3551626912335","39.3089828252313","35.2169697593796","35.8362090976748","35.7299049882319",".."
Maldives,"MDV","Real interest rate (%)","FR.INR.RINR","10.318588862832","7.86201730047935","7.06184132806799","12.6074475015014","15.4867338047556","8.49646296227071","7.26764677947048","9.34345767007608","8.22832252053922",".."
Maldives,"MDV","Market capitalization of listed domestic companies (% of GDP)","CM.MKT.LCAP.GD.ZS","..","..","..","..","..","..","..","..","..",".."
Maldives,"MDV","Stocks traded, total value (% of GDP)","CM.MKT.TRAD.GD.ZS","..","..","..","..","..","..","..","..","..",".."
Maldives,"MDV","Secure Internet servers (per 1 million people)","IT.NET.SECR.P6","227.832567876059","456.04610211505","570.705074413601","789.36955001835","1151.12383941623","1241.87742417961","1158.16266175163","1237.6567033084","1330.05178107575",".."
Maldives,"MDV","Fixed broadband subscriptions (per 100 people)","IT.NET.BBND.P2","6.61143042760338","7.97186042807237","10.0179877784565","10.9012960012794","12.6832736528067","14.8246453577808","17.3997244832152","18.6292999539919","19.6489572735075",".."
Maldives,"MDV","ICT goods imports (% total goods imports)","TM.VAL.ICTG.ZS.UN","4.62","4.53","4.54","4.08","..","5.53","..","..","..",".."
Maldives,"MDV","Individuals using the Internet (% of population)","IT.NET.USER.ZS","59.47750092","64.95500183","70.93689728","77.46970367","79.09780121","81.95760345","83.91189054","84.55290222","85.23999786",".."
Maldives,"MDV","School enrollment, tertiary (% gross)","SE.TER.ENRR","..","33.3294981245829","..","24.6480059688561","27.0805812417437","23.794640430505","48.4968654322788","..","..",".."
Maldives,"MDV","Research and development expenditure (% of GDP)","GB.XPD.RSDV.GD.ZS","..","..","..","..","..","..","..","..","..",".."
Maldives,"MDV","High-technology exports (% of manufactured exports)","TX.VAL.TECH.MF.ZS","0.025307379209988","0.143975890139075","..","..","1.73293127838582","2.01125189381146","4.09641473130223","0.18950505737955","0.00227056785155377",".."
Maldives,"MDV","GDP per person employed (constant 2021 PPP $)","SL.GDP.PCAP.EM.KD","46770.9396103984","46146.3340045749","46316.3857808392","45944.9909820572","32795.5232141195","42346.5084417793","44197.1067267492","45956.7432511969","47349.6305100758",".."
Mali,"MLI","GDP growth (annual %)","NY.GDP.MKTP.KD.ZG","6.00506308559498","5.37554769639952","4.86784999991505","4.99999911608818","-1.16910834828603","3.10094124444834","3.70319027595568","4.72541109080376","4.99226917482922",".."
Mali,"MLI","Inflation, consumer prices (annual %)","FP.CPI.TOTL.ZG","-1.79964707083386","1.75985742927165","0.299546507387843","-1.65826694846365","0.438088940320669","3.92560283104277","9.62147608489064","2.05880228274223","3.2063986409966",".."
Mali,"MLI","Gross fixed capital formation (% of GDP)","NE.GDI.FTOT.ZS","25.5592761800794","24.1702422585387","22.8491810819473","24.0416131193112","22.1867880631221","23.4869376444816","21.1372765075604","20.8646460932176","20.7917259274175",".."
Mali,"MLI","Foreign direct investment, net inflows (% of GDP)","BX.KLT.DINV.WD.GD.ZS","2.129006916198","3.0627942747803","2.29426079238045","4.19531107984596","2.5936673302322","2.78245724174957","3.17422530916772","2.83131972701562","3.43740692659041",".."
Mali,"MLI","Domestic credit to private sector (% of GDP)","FS.AST.PRVT.GD.ZS","..","..","..","..","..","..","..","..","..",".."
Mali,"MLI","Real interest rate (%)","FR.INR.RINR","3.63675094593401","..","..","..","..","..","..","..","..",".."
Mali,"MLI","Market capitalization of listed domestic companies (% of GDP)","CM.MKT.LCAP.GD.ZS","..","..","..","..","..","..","..","..","..",".."
Mali,"MLI","Stocks traded, total value (% of GDP)","CM.MKT.TRAD.GD.ZS","..","..","..","..","..","..","..","..","..",".."
Mali,"MLI","Secure Internet servers (per 1 million people)","IT.NET.SECR.P6","2.97009752706032","7.16700757900957","9.83268295761233","9.635280886237","9.9936280259278","11.9256962127651","14.6927269701257","14.0518412813394","20.9979371773584",".."
Mali,"MLI","Fixed broadband subscriptions (per 100 people)","IT.NET.BBND.P2","0.111738195386459","0.0777267019132024","0.591594866067607","0.676472661314418","1.12281404354348","0.648338018002888","0.774220028570636","..","..",".."
Mali,"MLI","ICT goods imports (% total goods imports)","TM.VAL.ICTG.ZS.UN","4.29","4.09","3.54","4.83","..","..","..","..","..",".."
Mali,"MLI","Individuals using the Internet (% of population)","IT.NET.USER.ZS","14","18.89999962","21.39999962","24.96030045","29.11300087","33.95650101","35.19919968","36.03879929","36.80149841",".."
Mali,"MLI","School enrollment, tertiary (% gross)","SE.TER.ENRR","..","..","..","..","..","..","..","..","..",".."
Mali,"MLI","Research and development expenditure (% of GDP)","GB.XPD.RSDV.GD.ZS","..","0.24505","..","0.13306","..","0.14596","..","0.14743","..",".."
Mali,"MLI","High-technology exports (% of manufactured exports)","TX.VAL.TECH.MF.ZS","6.49934688425637","1.24270276298759","5.5345284838785","5.479696587969","2.20544616042826","13.8853977586833","10.2578668284987","5.3606547607953","..",".."
Mali,"MLI","GDP per person employed (constant 2021 PPP $)","SL.GDP.PCAP.EM.KD","7695.14416735267","7933.08126839923","8157.91321472444","8535.50622802348","8347.45473697701","8236.9664576043","8051.3163833865","8190.81178484253","8303.47010939001",".."
Malta,"MLT","GDP growth (annual %)","NY.GDP.MKTP.KD.ZG","4.07800355932196","12.9713424962459","7.18921479603796","4.08505582134097","-3.45728276294712","13.4117042939322","2.48309993837792","10.6215185022616","6.79990300224401",".."
Malta,"MLT","Inflation, consumer prices (annual %)","FP.CPI.TOTL.ZG","0.642702771527304","1.36435448150708","1.15782362451517","1.6420600176894","0.638544956776712","1.49789217934724","6.15375621933037","5.09396758978883","1.65079469283109",".."
Malta,"MLT","Gross fixed capital formation (% of GDP)","NE.GDI.FTOT.ZS","21.3159029595965","18.6979236498804","19.1114207554377","20.0768743873447","19.935960564932","22.3254794212633","24.9385969320059","19.1008791409404","18.466838824221",".."
Malta,"MLT","Foreign direct investment, net inflows (% of GDP)","BX.KLT.DINV.WD.GD.ZS","23.0840199415211","299.824941003907","452.221039544093","198.199590428716","191.921781350293","433.392526462574","115.053872398938","108.806291988427","170.537958922807",".."
Malta,"MLT","Domestic credit to private sector (% of GDP)","FS.AST.PRVT.GD.ZS","79.3205682926709","70.8847611878873","69.089386493319","69.529324036704","75.1280023683776","68.4096864844468","68.9601981982727","64.2026808402786","61.9195849800298",".."
Malta,"MLT","Real interest rate (%)","FR.INR.RINR","..","..","..","..","..","..","..","..","..",".."
Malta,"MLT","Market capitalization of listed domestic companies (% of GDP)","CM.MKT.LCAP.GD.ZS","36.8637102461806","36.5161788456811","31.279552853631","32.5376862548818","30.9707668475949","24.4031932865677","23.0289328124653","22.7925343386126","17.1704831811056",".."
Malta,"MLT","Stocks traded, total value (% of GDP)","CM.MKT.TRAD.GD.ZS","0.614268028308568","0.744557974126519","0.611002520696991","0.614832105761704","0.436887969052607","0.185310184926938","0.181580190953946","0.284601512110116","0.213843143910554",".."
Malta,"MLT","Secure Internet servers (per 1 million people)","IT.NET.SECR.P6","3240.88843907108","14129.555175913","14436.777618655","10843.1630919684","14442.5692059982","6185.4675287079","5102.49231331186","4823.18311994457","4507.36313982494",".."
Malta,"MLT","Fixed broadband subscriptions (per 100 people)","IT.NET.BBND.P2","37.6179796999137","38.7512769768028","39.5892751744889","40.1799549616579","41.1094408219109","42.1830899964911","43.4449972737186","44.282454836797","44.5068355303026",".."
Malta,"MLT","ICT goods imports (% total goods imports)","TM.VAL.ICTG.ZS.UN","5.84","6.12","6.55","6.2","9.11","9.23","9.41","..","..",".."
Malta,"MLT","Individuals using the Internet (% of population)","IT.NET.USER.ZS","78.0751488032182","81.0119110762945","81.6580442928014","85.7785963798031","86.85876183","87.46977742","91.54062209","92.07266941","93.86029816",".."
Malta,"MLT","School enrollment, tertiary (% gross)","SE.TER.ENRR","49.2171897888184","54.0890197753906","57.8407592773438","58.4985084533691","61.4767112731934","70.2313537597656","74.5901336669922","80.5250091552734","..",".."
Malta,"MLT","Research and development expenditure (% of GDP)","GB.XPD.RSDV.GD.ZS","0.54032","0.52592","0.54557","0.54851","0.60002","0.59682","0.5745","0.64792","..",".."
Malta,"MLT","High-technology exports (% of manufactured exports)","TX.VAL.TECH.MF.ZS","21.9332549680228","30.3770554777466","33.0708086421311","29.6218204565045","35.3377751285137","30.7355590982316","38.9615851886187","43.2692793209479","45.179167089137",".."
Malta,"MLT","GDP per person employed (constant 2021 PPP $)","SL.GDP.PCAP.EM.KD","101464.978666029","108502.36705124","108883.659224398","106814.670403314","99395.8372656828","109069.076394975","106014.752081789","112121.207636498","115954.758657363",".."
Marshall Islands,"MHL","GDP growth (annual %)","NY.GDP.MKTP.KD.ZG","2.5040827436037","3.55815188528943","5.48717948717949","10.4521147301896","-2.77288732394366","2.15938183019058","-0.700563926576777","-5.00791779654826","2.50192717852873",".."
Marshall Islands,"MHL","Inflation, consumer prices (annual %)","FP.CPI.TOTL.ZG","..","..","..","..","..","..","..","..","..",".."
Marshall Islands,"MHL","Gross fixed capital formation (% of GDP)","NE.GDI.FTOT.ZS","20.2841922695738","22.9830603649977","21.0230909090909","50.2256762559038","20.4705541770058","20.0333970212466","22.9021956269111","19.7655922510547","22.4527141282995",".."
Marshall Islands,"MHL","Foreign direct investment, net inflows (% of GDP)","BX.KLT.DINV.WD.GD.ZS","-1.51429506881848","2.73069605974974","4.43275061931595","2.21765571320359","1.25933048526425","0.191172042544106","-3.02876781452366","3.46876306926163","4.60476895318283",".."
Marshall Islands,"MHL","Domestic credit to private sector (% of GDP)","FS.AST.PRVT.GD.ZS","..","..","..","..","..","..","..","..","..",".."
Marshall Islands,"MHL","Real interest rate (%)","FR.INR.RINR","..","..","..","..","..","..","..","..","..",".."
Marshall Islands,"MHL","Market capitalization of listed domestic companies (% of GDP)","CM.MKT.LCAP.GD.ZS","..","..","..","..","..","..","..","..","..",".."
Marshall Islands,"MHL","Stocks traded, total value (% of GDP)","CM.MKT.TRAD.GD.ZS","..","..","..","..","..","..","..","..","..",".."
Marshall Islands,"MHL","Secure Internet servers (per 1 million people)","IT.NET.SECR.P6","62.8812173803685","128.951836489071","176.658937838136","454.473151998546","1428.37072074182","169.217008726763","99.8078698505377","154.531640353362","213.060615745179",".."
Marshall Islands,"MHL","Fixed broadband subscriptions (per 100 people)","IT.NET.BBND.P2","2.09604057934562","2.14919727481786","2.2082367229767","2.27236575999273","2.34159134547839","2.27717746029444","2.35047533498016","..","..",".."
Marshall Islands,"MHL","ICT goods imports (% total goods imports)","TM.VAL.ICTG.ZS.UN","..","..","..","..","..","..","..","..","..",".."
Marshall Islands,"MHL","Individuals using the Internet (% of population)","IT.NET.USER.ZS","29.78779984","38.70119858","43.88249969","49.75749969","56.41910172","63.97259903","64.26719666","64.07589722","65.915802",".."
Marshall Islands,"MHL","School enrollment, tertiary (% gross)","SE.TER.ENRR","36.6609294320138","..","..","37.3626373626374","..","..","41.3350449293967","..","37.6853055916775",".."
Marshall Islands,"MHL","Research and development expenditure (% of GDP)","GB.XPD.RSDV.GD.ZS","..","..","..","..","..","..","..","..","..",".."
Marshall Islands,"MHL","High-technology exports (% of manufactured exports)","TX.VAL.TECH.MF.ZS","..","..","..","..","..","..","..","..","..",".."
Marshall Islands,"MHL","GDP per person employed (constant 2021 PPP $)","SL.GDP.PCAP.EM.KD","..","..","..","..","..","..","..","..","..",".."
Mauritania,"MRT","GDP growth (annual %)","NY.GDP.MKTP.KD.ZG","1.26090923067225","6.27054566937677","4.77217365692621","3.14100489306969","-0.360657384151068","0.742715486567747","6.79600500489967","6.80949001978621","6.30760213290844",".."
Mauritania,"MRT","Inflation, consumer prices (annual %)","FP.CPI.TOTL.ZG","1.47171045650004","2.25427651934813","3.06735996058356","2.30009262117937","2.3856948845632","3.56516484650185","9.52526628622843","4.95305034506872","2.49164347481972",".."
Mauritania,"MRT","Gross fixed capital formation (% of GDP)","NE.GDI.FTOT.ZS","29.001539872588","30.2739569009753","32.9273140772344","31.2427610467936","24.7092140405357","28.3276016445206","29.7828048274407","24.0052077930904","25.7869093913102",".."
Mauritania,"MRT","Foreign direct investment, net inflows (% of GDP)","BX.KLT.DINV.WD.GD.ZS","4.23731114711712","8.65007999188081","10.3416772803986","-11.1917343784634","11.2328299227716","11.6047527792442","14.6644208551054","7.90868374475115","13.2039338372346",".."
Mauritania,"MRT","Domestic credit to private sector (% of GDP)","FS.AST.PRVT.GD.ZS","20.2989097590812","21.0665741212812","22.0411208947414","22.7235411550392","..","..","..","..","..",".."
Mauritania,"MRT","Real interest rate (%)","FR.INR.RINR","5.20624359423457","15.1756881068286","..","..","..","..","..","..","..",".."
Mauritania,"MRT","Market capitalization of listed domestic companies (% of GDP)","CM.MKT.LCAP.GD.ZS","..","..","..","..","..","..","..","..","..",".."
Mauritania,"MRT","Stocks traded, total value (% of GDP)","CM.MKT.TRAD.GD.ZS","..","..","..","..","..","..","..","..","..",".."
Mauritania,"MRT","Secure Internet servers (per 1 million people)","IT.NET.SECR.P6","3.42578298105273","4.2749251888092","5.53290522479157","7.38633769261554","14.1300323838604","13.7279260229522","25.2274728409847","34.6445085168746","52.2304834511582",".."
Mauritania,"MRT","Fixed broadband subscriptions (per 100 people)","IT.NET.BBND.P2","0.272618915656489","0.300123497838788","0.304863077886015","0.242070430744355","0.401227704167555","0.405903092669414","0.415227794850191","0.59041012129361","0.946513083252489",".."
Mauritania,"MRT","ICT goods imports (% total goods imports)","TM.VAL.ICTG.ZS.UN","1.58","1.57","0.69","0.76","0.65","0.88","..","..","..",".."
Mauritania,"MRT","Individuals using the Internet (% of population)","IT.NET.USER.ZS","19.23279953","21.01720047","22.96699905","25.0977993","29.90649986","35.63660049","42.46450043","44.95629883","45.77939987",".."
Mauritania,"MRT","School enrollment, tertiary (% gross)","SE.TER.ENRR","5.56245834327609","5.15614020144375","5.13275480775448","5.88823986461851","5.97194330025359","..","..","..","..",".."
Mauritania,"MRT","Research and development expenditure (% of GDP)","GB.XPD.RSDV.GD.ZS","..","..","0.01019","..","..","..","..","..","..",".."
Mauritania,"MRT","High-technology exports (% of manufactured exports)","TX.VAL.TECH.MF.ZS","0.00204652495411598","..","..","0.0131448005159537","2.04844860504343","5.07698180804383","3.97949338201203","2.3506462344976","9.44834081238425",".."
Mauritania,"MRT","GDP per person employed (constant 2021 PPP $)","SL.GDP.PCAP.EM.KD","28199.6818636382","29422.6830289941","29918.7739818522","29917.7338765538","29427.7802355052","28615.6025441731","29170.693127205","30037.4538184953","30832.4327276596",".."
Mauritius,"MUS","GDP growth (annual %)","NY.GDP.MKTP.KD.ZG","3.8624682634","3.93798380632353","4.00674057198549","2.89128499346516","-14.5465381490166","3.40379866177662","8.69306675264066","5.00791900868131","4.92512304864294",".."
Mauritius,"MUS","Inflation, consumer prices (annual %)","FP.CPI.TOTL.ZG","0.977675134718965","3.66699702675925","3.2160538314457","0.405655190309553","2.5808007718283","4.02852888157376","10.7737512242899","7.05298238454736","3.6045220384796",".."
Mauritius,"MUS","Gross fixed capital formation (% of GDP)","NE.GDI.FTOT.ZS","16.5361068473332","16.5887567666835","17.7790474314141","18.8145550298546","16.9012351375879","19.362374831802","19.7362343588164","20.264360057142","20.9758327852585",".."
Mauritius,"MUS","Foreign direct investment, net inflows (% of GDP)","BX.KLT.DINV.WD.GD.ZS","2.96891288123063","3.45396863043017","3.078791712383","3.03223371830849","1.94246862517576","2.24180552669211","4.21993412406582","5.39963130399295","4.56073459342588",".."
Mauritius,"MUS","Domestic credit to private sector (% of GDP)","FS.AST.PRVT.GD.ZS","92.3062681730232","97.6771763770364","74.1953036771568","76.9690468712456","90.5603073567218","85.4118917320828","72.3686561202455","69.8939504735845","69.8658565887008",".."
Mauritius,"MUS","Real interest rate (%)","FR.INR.RINR","5.96435401907289","6.71170806846766","6.53568985210908","9.0204000571977","4.59912914462916","3.79038687175463","-0.940521205361164","3.17104448264484","5.43870243659645",".."
Mauritius,"MUS","Market capitalization of listed domestic companies (% of GDP)","CM.MKT.LCAP.GD.ZS","59.3234569824054","70.1083920714211","65.8365802161257","58.8298506621695","53.2556701793993","76.8692356490461","66.2263904852091","60.409264901179","61.0858510449479",".."
Mauritius,"MUS","Stocks traded, total value (% of GDP)","CM.MKT.TRAD.GD.ZS","2.50491115791962","3.23514016102504","3.04194493424617","2.5484056403705","2.68690138201151","2.63705658094554","1.88003749470754","1.83780627140861","1.69669530772237",".."
Mauritius,"MUS","Secure Internet servers (per 1 million people)","IT.NET.SECR.P6","321.266835846099","379.480538577754","7843.06288752087","515.014000955778","914.681828163038","1966.30588770419","1688.68210717745","2490.69592927385","2157.68607433582",".."
Mauritius,"MUS","Fixed broadband subscriptions (per 100 people)","IT.NET.BBND.P2","16.4576177636993","19.0600896444054","21.3138552473439","23.8830105654334","25.1865809761826","25.7028828022003","26.1963906498554","26.9082309192612","27.9742504733832",".."
Mauritius,"MUS","ICT goods imports (% total goods imports)","TM.VAL.ICTG.ZS.UN","7.47","5.42","6.08","5.79","5.35","5.14","4.99","..","..",".."
Mauritius,"MUS","Individuals using the Internet (% of population)","IT.NET.USER.ZS","52.19129944","55.4032403002657","58.596169704299","61.7299551453346","67.73290684","71.59999847","75.5","79.5","73.30793533",".."
Mauritius,"MUS","School enrollment, tertiary (% gross)","SE.TER.ENRR","38.4107692617261","39.6618786560902","40.4078098261963","42.9878710798151","42.5378418595105","43.9577226373808","44.2026816403629","43.3386887794765","45.7771156388358",".."
Mauritius,"MUS","Research and development expenditure (% of GDP)","GB.XPD.RSDV.GD.ZS","..","0.35423","0.33387","0.35699","0.40299","0.36784","0.30879","0.23892","0.26181",".."
Mauritius,"MUS","High-technology exports (% of manufactured exports)","TX.VAL.TECH.MF.ZS","0.108502818582773","2.3854111877829","2.59795907076769","2.14379472409531","2.30535803719693","0.386204360949942","2.0670796252868","1.01453890078417","1.21703538647261",".."
Mauritius,"MUS","GDP per person employed (constant 2021 PPP $)","SL.GDP.PCAP.EM.KD","51713.502415602","53144.0970055461","55274.3963733316","55991.1879372099","52271.6349586509","56372.3780608209","57024.5052927819","56330.5544421409","59341.5044969912",".."
Mexico,"MEX","GDP growth (annual %)","NY.GDP.MKTP.KD.ZG","1.77249323845399","1.87172853327193","1.97208209405635","-0.392690505066824","-8.35403458167995","6.0484834621255","3.70975709163623","3.35354140652768","1.42742769080466",".."
Mexico,"MEX","Inflation, consumer prices (annual %)","FP.CPI.TOTL.ZG","2.8217078474766","6.04145724018986","4.89935015356551","3.63596142127046","3.39683415570006","5.68920847683753","7.8962761916855","5.52796087314389","4.72225588452932",".."
Mexico,"MEX","Gross fixed capital formation (% of GDP)","NE.GDI.FTOT.ZS","23.7277194380681","23.2255397759544","23.047472794237","21.665974001643","20.1075280627513","21.3097325586115","22.423757875055","23.8672177083065","24.1240412731899",".."
Mexico,"MEX","Foreign direct investment, net inflows (% of GDP)","BX.KLT.DINV.WD.GD.ZS","3.49768027047347","2.78307493352174","3.01417850463095","2.29651449578107","2.81400875194225","2.70530313509815","2.67267286258385","1.70618868173612","2.44966474077028",".."
Mexico,"MEX","Domestic credit to private sector (% of GDP)","FS.AST.PRVT.GD.ZS","32.9508423866166","34.3431256723362","33.6152178137641","35.5851864870933","36.9325897608776","35.0570605505008","34.2487696110669","33.1534200996481","34.5859040110101",".."
Mexico,"MEX","Real interest rate (%)","FR.INR.RINR","-1.24759733279354","0.717765161995541","2.69522693587484","3.93998795588135","1.64584208356016","0.386354456627096","1.41798509602471","6.62929489524062","6.02283547069745",".."
Mexico,"MEX","Market capitalization of listed domestic companies (% of GDP)","CM.MKT.LCAP.GD.ZS","31.5409987585363","35.0225076508926","..","..","35.6461742134171","34.9170804604158","30.9741410081466","32.0669850496152","..",".."
Mexico,"MEX","Stocks traded, total value (% of GDP)","CM.MKT.TRAD.GD.ZS","10.060429832529","9.16007377449355","..","..","7.37698859259999","6.85892178764468","7.20423535211693","6.45618389072324","..",".."
Mexico,"MEX","Secure Internet servers (per 1 million people)","IT.NET.SECR.P6","120.71850232559","187.552587597265","228.675856015881","275.399004136209","328.196454841059","348.79471968524","381.889508206228","412.117306307005","531.655697865752",".."
Mexico,"MEX","Fixed broadband subscriptions (per 100 people)","IT.NET.BBND.P2","13.0255992017626","13.7767213511093","14.7373951154108","15.3885155172291","17.7520559419946","19.2796725887476","20.6070256426489","20.752917384408","21.7367225364543",".."
Mexico,"MEX","ICT goods imports (% total goods imports)","TM.VAL.ICTG.ZS.UN","16.43","15.05","15.16","15.83","17.25","15.19","12.97","..","..",".."
Mexico,"MEX","Individuals using the Internet (% of population)","IT.NET.USER.ZS","59.5404459967255","53.0317886110982","56.6595667981289","69.6321092705209","71.49017499","75.62650476","78.63217894","81.18318755","83.12233799",".."
Mexico,"MEX","School enrollment, tertiary (% gross)","SE.TER.ENRR","38.589771270752","40.3390693664551","41.6382789611816","43.0441398620605","45.1654510498047","45.6506195068359","46.4061317443848","47.474681854248","48.203441619873",".."
Mexico,"MEX","Research and development expenditure (% of GDP)","GB.XPD.RSDV.GD.ZS","0.37601","0.31955","0.29816","0.27629","0.29185","0.27305","0.25727","0.26746","0.25372",".."
Mexico,"MEX","High-technology exports (% of manufactured exports)","TX.VAL.TECH.MF.ZS","20.6541116351274","21.1680967750153","20.8917456407643","20.4068584131191","21.5074249745377","19.8113406398377","20.5343692257849","17.9938785812602","19.3037596613987",".."
Mexico,"MEX","GDP per person employed (constant 2021 PPP $)","SL.GDP.PCAP.EM.KD","51285.0581960894","51419.0082607749","51377.9719535484","49950.1181396383","49432.4171134058","48605.8099782625","48576.7972476541","48622.612797369","48670.8873653426",".."
"Micronesia, Fed. Sts.","FSM","GDP growth (annual %)","NY.GDP.MKTP.KD.ZG","0.942726461831327","2.17575003627566","0","4.08163265306123","-1.67294117647059","3.09969928290539","-2.90588999868474","0.453118220707168","0.718990177344025",".."
"Micronesia, Fed. Sts.","FSM","Inflation, consumer prices (annual %)","FP.CPI.TOTL.ZG","-1.03746806405349","0.58225373525489","1.49840023593737","1.92385170787923","0.554594630853174","3.19128406597466","5.40874375479067","..","..",".."
"Micronesia, Fed. Sts.","FSM","Gross fixed capital formation (% of GDP)","NE.GDI.FTOT.ZS","..","..","..","..","..","..","..","..","..",".."
"Micronesia, Fed. Sts.","FSM","Foreign direct investment, net inflows (% of GDP)","BX.KLT.DINV.WD.GD.ZS","..","..","..","..","..","..","..","..","..",".."
"Micronesia, Fed. Sts.","FSM","Domestic credit to private sector (% of GDP)","FS.AST.PRVT.GD.ZS","23.1375384615385","23.2487465181059","20.3227040816327","22.8672588832487","24.1698437688974","23.4273633503821","..","..","..",".."
"Micronesia, Fed. Sts.","FSM","Real interest rate (%)","FR.INR.RINR","11.4633010133906","7.39126708199921","5.95994897959184","18.7756345177665","18.9228819976521","10.5665246982575","..","..","..",".."
"Micronesia, Fed. Sts.","FSM","Market capitalization of listed domestic companies (% of GDP)","CM.MKT.LCAP.GD.ZS","..","..","..","..","..","..","..","..","..",".."
"Micronesia, Fed. Sts.","FSM","Stocks traded, total value (% of GDP)","CM.MKT.TRAD.GD.ZS","..","..","..","..","..","..","..","..","..",".."
"Micronesia, Fed. Sts.","FSM","Secure Internet servers (per 1 million people)","IT.NET.SECR.P6","155.856062342425","164.412089769001","191.06715555596","217.623909613536","189.33246781348","179.172937719487","142.711882548121","159.815324513895","194.414987628137",".."
"Micronesia, Fed. Sts.","FSM","Fixed broadband subscriptions (per 100 people)","IT.NET.BBND.P2","2.90534036213614","3.44900028315415","..","4.533831450282","5.40949908038516","5.37518813158461","5.81818506163369","..","..",".."
"Micronesia, Fed. Sts.","FSM","ICT goods imports (% total goods imports)","TM.VAL.ICTG.ZS.UN","..","..","..","..","..","..","..","..","..",".."
"Micronesia, Fed. Sts.","FSM","Individuals using the Internet (% of population)","IT.NET.USER.ZS","33.35219955","35.30410004","36.61460114","37.97370148","39.38330078","..","39.0279007","39.39889908","39.52360153",".."
"Micronesia, Fed. Sts.","FSM","School enrollment, tertiary (% gross)","SE.TER.ENRR","..","..","..","..","..","..","..","..","..",".."
"Micronesia, Fed. Sts.","FSM","Research and development expenditure (% of GDP)","GB.XPD.RSDV.GD.ZS","..","..","..","..","..","..","..","..","..",".."
"Micronesia, Fed. Sts.","FSM","High-technology exports (% of manufactured exports)","TX.VAL.TECH.MF.ZS","..","..","..","..","..","..","..","..","..",".."
"Micronesia, Fed. Sts.","FSM","GDP per person employed (constant 2021 PPP $)","SL.GDP.PCAP.EM.KD","..","..","..","..","..","..","..","..","..",".."
Moldova,"MDA","GDP growth (annual %)","NY.GDP.MKTP.KD.ZG","4.64601436259409","4.17561205106279","4.07559546585034","3.5523140853476","-8.27597831976949","13.9299997889786","-4.6000000255323","1.2000000493378","0.103059364371205",".."
Moldova,"MDA","Inflation, consumer prices (annual %)","FP.CPI.TOTL.ZG","6.35930898037931","6.57022997455611","3.04505397337071","4.83778351428728","3.76597122245351","5.10641129002835","28.7372976766235","13.4170104381299","4.67773516007052",".."
Moldova,"MDA","Gross fixed capital formation (% of GDP)","NE.GDI.FTOT.ZS","22.2296027518614","22.4256047290186","23.3442713297151","23.3938698713556","24.9383609100281","24.0883884467141","22.1144731528817","19.4365139692195","19.9854977022621",".."
Moldova,"MDA","Foreign direct investment, net inflows (% of GDP)","BX.KLT.DINV.WD.GD.ZS","1.09561343852844","1.5715119911375","2.75177990255296","4.44218297010915","1.35047634241375","2.8200678267721","4.03446735088075","2.15951089914844","2.51844626798863",".."
Moldova,"MDA","Domestic credit to private sector (% of GDP)","FS.AST.PRVT.GD.ZS","25.8421130047347","23.1336799067392","23.6435926979314","25.3242252682604","28.6748195514405","28.5309349890981","27.5106411671297","25.5773164144673","29.3436883615385",".."
Moldova,"MDA","Real interest rate (%)","FR.INR.RINR","10.3573741791746","3.86837094456254","5.46110987490281","2.75105922952457","2.46743108413222","0.954053040073202","-5.93886433586506","2.7951786992693","2.19682416638786",".."
Moldova,"MDA","Market capitalization of listed domestic companies (% of GDP)","CM.MKT.LCAP.GD.ZS","..","..","..","..","..","..","..","..","..",".."
Moldova,"MDA","Stocks traded, total value (% of GDP)","CM.MKT.TRAD.GD.ZS","..","..","..","..","..","..","..","..","..",".."
Moldova,"MDA","Secure Internet servers (per 1 million people)","IT.NET.SECR.P6","660.676815594827","3655.28462838666","3919.17414394118","4526.64640810983","5580.36984892586","6661.50706773881","8416.33533097055","11525.8344613825","13318.0369195265",".."
Moldova,"MDA","Fixed broadband subscriptions (per 100 people)","IT.NET.BBND.P2","17.2155177259579","18.2974964435539","19.7583973228257","21.54270340639","23.4268592640718","25.2112754309344","26.317794331222","27.3086365814931","29.6324400873685",".."
Moldova,"MDA","ICT goods imports (% total goods imports)","TM.VAL.ICTG.ZS.UN","3.5","3.87","4.03","4.02","4.65","4.1","3.79","..","..",".."
Moldova,"MDA","Individuals using the Internet (% of population)","IT.NET.USER.ZS","70.9999991066624","71.76709747","72.54239655","73.32610321","74.11830139","74.91899872","74.91899872","76.50330353","77.3687973",".."
Moldova,"MDA","School enrollment, tertiary (% gross)","SE.TER.ENRR","52.8435823784374","51.9490291393525","52.8423092059456","54.7812048030675","56.2498196612517","61.3014036981023","68.0572346521372","71.1679028753075","74.7109378669046",".."
Moldova,"MDA","Research and development expenditure (% of GDP)","GB.XPD.RSDV.GD.ZS","0.28005","0.25789","0.25626","0.24145","0.23511","0.23154","0.22959","0.22111","0.21589",".."
Moldova,"MDA","High-technology exports (% of manufactured exports)","TX.VAL.TECH.MF.ZS","3.48388749123713","5.3934747176002","2.51881364001274","2.96130489390172","2.23908642857928","2.23694740673712","2.1401803935369","2.61708440538272","2.92514721596985",".."
Moldova,"MDA","GDP per person employed (constant 2021 PPP $)","SL.GDP.PCAP.EM.KD","22134.6622803209","24137.1707417497","26064.605985196","26689.5545152168","24618.9806227569","27300.2938737886","26759.4501626479","28684.8192775912","28703.5714946423",".."
Monaco,"MCO","GDP growth (annual %)","NY.GDP.MKTP.KD.ZG","3.00844358752744","-3.20618323813213","5.69790121192926","7.12088951975396","-13.2391048292108","22.2322155851208","11.2662955198601","5.44395088840088","8.51053758860212",".."
Monaco,"MCO","Inflation, consumer prices (annual %)","FP.CPI.TOTL.ZG","..","..","..","..","..","..","..","..","..",".."
Monaco,"MCO","Gross fixed capital formation (% of GDP)","NE.GDI.FTOT.ZS","..","..","..","..","..","..","..","..","..",".."
Monaco,"MCO","Foreign direct investment, net inflows (% of GDP)","BX.KLT.DINV.WD.GD.ZS","..","..","..","..","..","..","..","..","..",".."
Monaco,"MCO","Domestic credit to private sector (% of GDP)","FS.AST.PRVT.GD.ZS","..","..","..","..","..","..","..","..","..",".."
Monaco,"MCO","Real interest rate (%)","FR.INR.RINR","..","..","..","..","..","..","..","..","..",".."
Monaco,"MCO","Market capitalization of listed domestic companies (% of GDP)","CM.MKT.LCAP.GD.ZS","..","..","..","..","..","..","..","..","..",".."
Monaco,"MCO","Stocks traded, total value (% of GDP)","CM.MKT.TRAD.GD.ZS","..","..","..","..","..","..","..","..","..",".."
Monaco,"MCO","Secure Internet servers (per 1 million people)","IT.NET.SECR.P6","7323.74718317416","9899.67620362015","10798.3435550663","13618.8301975911","19763.4691195795","15807.0963220599","22886.6456037605","31805.113461341","41495.1722709741",".."
Monaco,"MCO","Fixed broadband subscriptions (per 100 people)","IT.NET.BBND.P2","49.9356154093787","51.1120547799777","51.5909210043508","53.7300900049857","54.8672798948752","54.9173307031433","55.2284811589736","55.8835609405483","55.6780823690818",".."
Monaco,"MCO","ICT goods imports (% total goods imports)","TM.VAL.ICTG.ZS.UN","..","..","..","..","..","..","..","..","..",".."
Monaco,"MCO","Individuals using the Internet (% of population)","IT.NET.USER.ZS","95.20819855","97.0530014","..","98","98.57080078","99.07759857","98.75189972","98.87049866","99.04489899",".."
Monaco,"MCO","School enrollment, tertiary (% gross)","SE.TER.ENRR","53.5667991638184","..","..","..","..","..","..","..","77.4806900024414",".."
Monaco,"MCO","Research and development expenditure (% of GDP)","GB.XPD.RSDV.GD.ZS","..","..","..","..","..","..","..","..","..",".."
Monaco,"MCO","High-technology exports (% of manufactured exports)","TX.VAL.TECH.MF.ZS","..","..","..","..","..","..","..","..","..",".."
Monaco,"MCO","GDP per person employed (constant 2021 PPP $)","SL.GDP.PCAP.EM.KD","..","..","..","..","..","..","..","..","..",".."
Mongolia,"MNG","GDP growth (annual %)","NY.GDP.MKTP.KD.ZG","1.48978448679577","5.63687638694772","7.74488062024881","5.60224422064255","-4.55775197583431","1.63676957736662","5.0327096366527","7.4221127615025","5.12204539122661",".."
Mongolia,"MNG","Inflation, consumer prices (annual %)","FP.CPI.TOTL.ZG","0.733272227314397","4.30143105302342","6.82424790145522","7.30106953550729","3.7237230614026","7.35894657888155","15.1509728200805","10.347583131434","6.1977990165842",".."
Mongolia,"MNG","Gross fixed capital formation (% of GDP)","NE.GDI.FTOT.ZS","18.6646598388544","22.3489597718333","26.8454271041154","27.9834550940703","23.5781782369194","26.8353436062842","29.813559943485","25.3256810049806","27.166909098029",".."
Mongolia,"MNG","Foreign direct investment, net inflows (% of GDP)","BX.KLT.DINV.WD.GD.ZS","-37.1726532341221","13.0160280600797","14.8088797144773","17.1989395200126","12.9130799939653","14.217731942267","14.6053065112102","11.0581069914836","11.6924984371367",".."
Mongolia,"MNG","Domestic credit to private sector (% of GDP)","FS.AST.PRVT.GD.ZS","56.9431593815466","52.8177229331459","55.4068400252493","48.9010221466082","45.785164527552","47.4863808095992","40.9774857798216","38.6134823960349","44.9058835509055",".."
Mongolia,"MNG","Real interest rate (%)","FR.INR.RINR","16.2616757809116","8.30906021963084","9.03445571352021","6.38744086651105","12.751251517645","1.38672967252835","..","..","..",".."
Mongolia,"MNG","Market capitalization of listed domestic companies (% of GDP)","CM.MKT.LCAP.GD.ZS","..","..","..","..","..","..","..","..","..",".."
Mongolia,"MNG","Stocks traded, total value (% of GDP)","CM.MKT.TRAD.GD.ZS","..","..","..","..","..","..","..","..","..",".."
Mongolia,"MNG","Secure Internet servers (per 1 million people)","IT.NET.SECR.P6","432.846335342276","1510.04297668055","1669.78940455191","1668.46560228028","1709.2429559474","1994.83352892553","2187.98816919588","2354.68502461116","2564.12584246201",".."
Mongolia,"MNG","Fixed broadband subscriptions (per 100 people)","IT.NET.BBND.P2","7.43705957487671","9.18362021979381","9.66655365112798","9.83638257697054","9.3475568899214","11.3929982387502","12.9008288504333","14.5529107220073","15.7837343261767",".."
Mongolia,"MNG","ICT goods imports (% total goods imports)","TM.VAL.ICTG.ZS.UN","6.45","4.58","4.34","3.47","4.1","4.53","..","..","..",".."
Mongolia,"MNG","Individuals using the Internet (% of population)","IT.NET.USER.ZS","22.2657705007562","23.71430016","47.1300018848989","51.079994082603","62.50002848","81.60682285","81.07720184","83.74320221","85.12349701",".."
Mongolia,"MNG","School enrollment, tertiary (% gross)","SE.TER.ENRR","65.2477111816406","64.4055709838867","65.1030502319336","67.970817565918","66.2557467107749","67.4261046440448","67.6998728025335","67.941399950927","69.044059753418",".."
Mongolia,"MNG","Research and development expenditure (% of GDP)","GB.XPD.RSDV.GD.ZS","0.18346","0.1342","0.10161","0.0927","0.13301","0.10008","0.08365","..","..",".."
Mongolia,"MNG","High-technology exports (% of manufactured exports)","TX.VAL.TECH.MF.ZS","16.4846204108777","3.46794374833655","4.99382130403029","18.9440212140792","2.96619929848136","22.0206999866538","30.8141690897359","22.5365545669935","..",".."
Mongolia,"MNG","GDP per person employed (constant 2021 PPP $)","SL.GDP.PCAP.EM.KD","36759.3819743514","37637.7587949428","39389.0222516362","39086.2039531684","37084.0948261836","39111.6286542147","38739.5291747386","41750.4644672766","43424.4435624088",".."
Montenegro,"MNE","GDP growth (annual %)","NY.GDP.MKTP.KD.ZG","3.4393056210999","3.21668504736274","4.73292113433965","4.39391565821528","-14.9926187023533","13.0462607426359","7.73954689516201","6.47836283518564","3.16409886329913",".."
Montenegro,"MNE","Inflation, consumer prices (annual %)","FP.CPI.TOTL.ZG","-0.271385023385176","2.3802359905313","2.611223782638","0.361563704540767","-0.255655699848551","2.41080198403165","13.0403036347004","8.58476910455403","3.33675009282281",".."
Montenegro,"MNE","Gross fixed capital formation (% of GDP)","NE.GDI.FTOT.ZS","24.928915709691","27.2209144935116","29.76752680821","27.6012756763197","28.2047291895401","22.2421966660379","21.7481973100477","20.435854630866","21.0603764351519",".."
Montenegro,"MNE","Foreign direct investment, net inflows (% of GDP)","BX.KLT.DINV.WD.GD.ZS","5.20261621395497","11.6708961729682","8.93818094782242","7.61542118173081","11.2394405744141","11.9123394477171","13.9582230042507","6.87914947745747","7.24824965709432",".."
Montenegro,"MNE","Domestic credit to private sector (% of GDP)","FS.AST.PRVT.GD.ZS","49.4949222460444","49.451205781969","50.2326678244513","49.5434613539033","60.5589962890752","52.6094666497158","47.1553948607428","42.3835125156477","45.2736633073804",".."
Montenegro,"MNE","Real interest rate (%)","FR.INR.RINR","2.56014878362451","2.42637310599586","3.12206729773345","4.10897143195006","6.39667168510338","0.655082565955951","-5.73712397239056","-4.77813148805584","1.68800748877397",".."
Montenegro,"MNE","Market capitalization of listed domestic companies (% of GDP)","CM.MKT.LCAP.GD.ZS","..","..","..","..","..","..","..","..","..",".."
Montenegro,"MNE","Stocks traded, total value (% of GDP)","CM.MKT.TRAD.GD.ZS","..","..","..","..","..","..","..","..","..",".."
Montenegro,"MNE","Secure Internet servers (per 1 million people)","IT.NET.SECR.P6","139.121424219601","222.051113290798","413.448737145575","686.07569489097","777.222745335866","919.921990615196","1265.25238497669","2221.22788194294","6424.76243935688",".."
Montenegro,"MNE","Fixed broadband subscriptions (per 100 people)","IT.NET.BBND.P2","18.3977867805956","22.1614090312426","25.8249904594873","29.2284854340679","30.2953440746132","31.180870777725","31.8922375082974","32.0155251660479","32.305369479654",".."
Montenegro,"MNE","ICT goods imports (% total goods imports)","TM.VAL.ICTG.ZS.UN","4.48","4.18","3.89","3.84","4.74","3.58","3.8","..","..",".."
Montenegro,"MNE","Individuals using the Internet (% of population)","IT.NET.USER.ZS","69.8816468416779","71.2723325399382","71.5171004874886","73.4766657478691","77.60879306","82.21969752","88.22192026","88.5515976","88.88258428",".."
Montenegro,"MNE","School enrollment, tertiary (% gross)","SE.TER.ENRR","59.1839218139648","60.9102210998535","58.1831512451172","56.2633209228516","58.0944709777832","57.9613914489746","57.4317893981934","55.1743011474609","..",".."
Montenegro,"MNE","Research and development expenditure (% of GDP)","GB.XPD.RSDV.GD.ZS","0.32454","0.34898","0.50374","0.36328","..","..","..","..","..",".."
Montenegro,"MNE","High-technology exports (% of manufactured exports)","TX.VAL.TECH.MF.ZS","5.56462581692143","4.23802961613367","3.15384813400145","6.88996477506703","7.60795093697407","9.44448387506183","8.2101950697073","7.99520160312392","14.4622662813729",".."
Montenegro,"MNE","GDP per person employed (constant 2021 PPP $)","SL.GDP.PCAP.EM.KD","61777.8176488998","62529.2494889303","63589.1081339507","65081.3643983414","61958.599834163","72396.5400308293","66420.4383104578","65582.5365734778","67917.7466225026",".."
Morocco,"MAR","GDP growth (annual %)","NY.GDP.MKTP.KD.ZG","0.52118550608968","5.05789816173446","3.06564133025955","2.89097476137077","-7.17820744246774","8.15473889823681","1.81269242194809","3.65564411017931","3.79336515978963",".."
Morocco,"MAR","Inflation, consumer prices (annual %)","FP.CPI.TOTL.ZG","1.63531114327064","0.754663249323619","1.80391671141896","0.303386036590383","0.705968661338261","1.40195883962006","6.65704202759067","6.09114152504141","0.985256592004507",".."
Morocco,"MAR","Gross fixed capital formation (% of GDP)","NE.GDI.FTOT.ZS","28.6835994366913","28.135469298761","27.858575328575","27.1927093583345","26.2256860657523","26.2880092874382","26.6163194327275","25.0759750041054","26.4589344056453",".."
Morocco,"MAR","Foreign direct investment, net inflows (% of GDP)","BX.KLT.DINV.WD.GD.ZS","1.93000540251056","2.26092196120538","2.78337936840164","1.33479789567415","1.16907334587558","1.59422321445366","1.74814323662076","0.725864122672683","1.02047789871899",".."
Morocco,"MAR","Domestic credit to private sector (% of GDP)","FS.AST.PRVT.GD.ZS","80.2299496773881","80.1940481650889","78.9568101792168","81.4748595489142","90.9314449752962","86.0589211866219","87.5362177555406","80.504808579487","77.7635533817471",".."
Morocco,"MAR","Real interest rate (%)","FR.INR.RINR","..","..","..","..","..","..","..","..","..",".."
Morocco,"MAR","Market capitalization of listed domestic companies (% of GDP)","CM.MKT.LCAP.GD.ZS","51.6072402972498","56.5616295712872","47.9662553384442","50.740866290361","54.0361271959501","52.5035553034923","40.9209432720903","43.462570386766","46.3602385616424",".."
Morocco,"MAR","Stocks traded, total value (% of GDP)","CM.MKT.TRAD.GD.ZS","2.84807006813272","3.56623460349117","3.06391144896284","2.5291136070448","2.98342913251197","3.08966089350859","2.33769872191215","2.31602059126414","3.74781317768861",".."
Morocco,"MAR","Secure Internet servers (per 1 million people)","IT.NET.SECR.P6","24.5264195364838","285.360495928612","297.295517603913","372.23600475194","443.333363947636","602.958637557022","545.607036919008","567.610133561799","577.319401374532",".."
Morocco,"MAR","Fixed broadband subscriptions (per 100 people)","IT.NET.BBND.P2","3.58453478764246","3.89000663311516","4.33205746913484","4.83650253578356","5.74683480916137","6.14617858388986","6.47150166958379","7.02184328513844","7.30282126551091",".."
Morocco,"MAR","ICT goods imports (% total goods imports)","TM.VAL.ICTG.ZS.UN","3.94","3.95","3.94","4.03","4.76","4.08","3.64","..","..",".."
Morocco,"MAR","Individuals using the Internet (% of population)","IT.NET.USER.ZS","58.271236420398","61.7622120123071","64.8038651924043","84.1203630467602","84.12036305","88.13031937","89.9","91","91.2",".."
Morocco,"MAR","School enrollment, tertiary (% gross)","SE.TER.ENRR","32.0952579243239","33.4735433090703","35.319186358341","37.7212021382481","39.6858047574445","42.531967383806","45.9400219155138","47.4687039298036","48.1839617510572",".."
Morocco,"MAR","Research and development expenditure (% of GDP)","GB.XPD.RSDV.GD.ZS","..","..","..","..","..","..","..","..","..",".."
Morocco,"MAR","High-technology exports (% of manufactured exports)","TX.VAL.TECH.MF.ZS","3.74498746856588","3.86313761323613","4.01860219205577","4.85375388189337","4.38907114524744","4.30127636011555","4.49838208408388","5.43070567261144","..",".."
Morocco,"MAR","GDP per person employed (constant 2021 PPP $)","SL.GDP.PCAP.EM.KD","27106.1031591595","28676.0845661049","28958.9276310616","29172.6624215353","28312.2705223942","29483.3071492389","29873.5950026906","30376.7580937459","31193.5036400988",".."
Mozambique,"MOZ","GDP growth (annual %)","NY.GDP.MKTP.KD.ZG","4.69699024225795","2.63820737310658","3.48493202422782","2.31781394821475","-1.21952250011192","2.37743572761507","4.36445074432608","5.48149036541776","2.14854964610538",".."
Mozambique,"MOZ","Inflation, consumer prices (annual %)","FP.CPI.TOTL.ZG","17.4180418197597","15.1132073899384","3.91133439990729","2.80270307928111","3.48393567493204","6.40847652975692","10.2794018093421","7.12697482131851","4.07856834812022",".."
Mozambique,"MOZ","Gross fixed capital formation (% of GDP)","NE.GDI.FTOT.ZS","..","..","..","..","..","..","..","..","..",".."
Mozambique,"MOZ","Foreign direct investment, net inflows (% of GDP)","BX.KLT.DINV.WD.GD.ZS","25.9187724637849","17.4831119319856","11.1741431838994","21.7841914901932","22.3944370320025","32.7522138534006","16.0042947069706","12.8268059338812","15.4256916399298",".."
Mozambique,"MOZ","Domestic credit to private sector (% of GDP)","FS.AST.PRVT.GD.ZS","31.2078879056345","24.4582064524123","22.1292035071032","21.2791585156391","23.8696192694382","23.0205800775002","20.7208360879099","18.5175424004027","17.6123342235306",".."
Mozambique,"MOZ","Real interest rate (%)","FR.INR.RINR","8.03766079352035","18.4094039568728","18.4866253580844","13.642538422536","13.4759281646703","13.0234604005894","10.0609773051525","17.7082822717757","14.3334591039216",".."
Mozambique,"MOZ","Market capitalization of listed domestic companies (% of GDP)","CM.MKT.LCAP.GD.ZS","..","..","..","..","..","..","..","..","..",".."
Mozambique,"MOZ","Stocks traded, total value (% of GDP)","CM.MKT.TRAD.GD.ZS","..","..","..","..","..","..","..","..","..",".."
Mozambique,"MOZ","Secure Internet servers (per 1 million people)","IT.NET.SECR.P6","5.7796902781037","7.88173338346873","12.0267508020016","20.8470110472427","29.8209883104325","32.2002787957537","33.4698605589877","37.1040304253049","37.1624132595491",".."
Mozambique,"MOZ","Fixed broadband subscriptions (per 100 people)","IT.NET.BBND.P2","0.170460624854022","0.218845913283962","0.241713568697421","0.234152423439938","0.227393157051228","0.206558007808804","0.197784521833894","0.149001818335337","0.141999688956087",".."
Mozambique,"MOZ","ICT goods imports (% total goods imports)","TM.VAL.ICTG.ZS.UN","2.83","2.97","2.74","3.72","2.58","2.52","1.89","..","..",".."
Mozambique,"MOZ","Individuals using the Internet (% of population)","IT.NET.USER.ZS","7","7.7963266079129","10.89999962","12.47929955","14.28740025","16.35759926","18.96220016","19.94560051","20.52729988",".."
Mozambique,"MOZ","School enrollment, tertiary (% gross)","SE.TER.ENRR","7.34197304077013","7.24573099191356","7.4630510423433","..","..","..","..","..","..",".."
Mozambique,"MOZ","Research and development expenditure (% of GDP)","GB.XPD.RSDV.GD.ZS","..","..","..","..","..","..","..","..","..",".."
Mozambique,"MOZ","High-technology exports (% of manufactured exports)","TX.VAL.TECH.MF.ZS","1.62085804316688","10.7105159389031","4.2932104646686","1.08270235723456","0.844313381295891","1.59903962784626","3.17962418116621","2.74244557815277","3.6302648420799",".."
Mozambique,"MOZ","GDP per person employed (constant 2021 PPP $)","SL.GDP.PCAP.EM.KD","3712.50379172913","3703.10068167671","3724.85642184641","3706.23698945483","3603.33828974455","3592.98606306501","3651.44413852465","3721.2051255061","3675.08169646447",".."
Myanmar,"MMR","GDP growth (annual %)","NY.GDP.MKTP.KD.ZG","5.86247291518572","6.13610824360305","6.26886221471075","6.57911006765414","-9.04834717984643","-12.0163724829177","4.0374934360085","0.958446625126115","-0.97204641363362",".."
Myanmar,"MMR","Inflation, consumer prices (annual %)","FP.CPI.TOTL.ZG","6.92882525816076","4.5725365531752","6.87232865662935","8.82506696804558","..","..","..","..","..",".."
Myanmar,"MMR","Gross fixed capital formation (% of GDP)","NE.GDI.FTOT.ZS","..","..","..","..","..","..","..","..","..",".."
Myanmar,"MMR","Foreign direct investment, net inflows (% of GDP)","BX.KLT.DINV.WD.GD.ZS","5.17880132620963","7.27335555300642","2.60563229837277","2.31211211146102","2.41393222802876","3.11492561747141","1.98946076043536","2.27715131661601","1.47879223317634",".."
Myanmar,"MMR","Domestic credit to private sector (% of GDP)","FS.AST.PRVT.GD.ZS","22.0063669806599","24.50054608091","26.2093085820638","26.6379014764853","28.9828999467009","..","..","..","..",".."
Myanmar,"MMR","Real interest rate (%)","FR.INR.RINR","11.9521699151559","9.56481061128967","10.118468387409","10.032984943461","9.00783472805541","..","..","..","..",".."
Myanmar,"MMR","Market capitalization of listed domestic companies (% of GDP)","CM.MKT.LCAP.GD.ZS","..","..","..","..","..","..","..","..","..",".."
Myanmar,"MMR","Stocks traded, total value (% of GDP)","CM.MKT.TRAD.GD.ZS","..","..","..","..","..","..","..","..","..",".."
Myanmar,"MMR","Secure Internet servers (per 1 million people)","IT.NET.SECR.P6","21.1085602183142","10.1936724541419","9.4505216123577","12.5948142077787","14.4294640829136","12.6622344101015","14.8260348967657","20.1722406397571","23.596290875918",".."
Myanmar,"MMR","Fixed broadband subscriptions (per 100 people)","IT.NET.BBND.P2","0.174162128034933","0.214986286331048","0.246880529164931","0.92296052297012","1.29924592186564","1.67276170937317","2.09694638185872","2.79829802446154","2.86965759378273",".."
Myanmar,"MMR","ICT goods imports (% total goods imports)","TM.VAL.ICTG.ZS.UN","3.08","3.75","2.89","3.08","4.23","2.44","0.78","..","..",".."
Myanmar,"MMR","Individuals using the Internet (% of population)","IT.NET.USER.ZS","16","23.621081950267","29.37899971","36.54050064","45.4477005","..","..","..","..",".."
Myanmar,"MMR","School enrollment, tertiary (% gross)","SE.TER.ENRR","..","..","20.3723297119141","..","..","..","..","..","..",".."
Myanmar,"MMR","Research and development expenditure (% of GDP)","GB.XPD.RSDV.GD.ZS","..","0.03218","0.05881","0.08341","0.15568","0.12402","0.03519","0.02307","..",".."
Myanmar,"MMR","High-technology exports (% of manufactured exports)","TX.VAL.TECH.MF.ZS","7.53383676615383","6.02870411336858","4.51638176248917","2.75051999089837","3.17252493795944","5.06936843360325","2.61457839564408","2.94631414241606","5.19991999790977",".."
Myanmar,"MMR","GDP per person employed (constant 2021 PPP $)","SL.GDP.PCAP.EM.KD","12060.704035147","12966.671739003","13473.7165119172","14595.4994379377","13360.4995744934","13066.7803993776","13279.6501822249","13270.6471501195","13019.135214853",".."
Namibia,"NAM","GDP growth (annual %)","NY.GDP.MKTP.KD.ZG","0.0337944502063294","-1.02724808856709","1.05993949860752","-0.839152163419357","-8.10140201443319","3.60382919248703","5.3987247803654","4.44280600303956","3.71154502416731",".."
Namibia,"NAM","Inflation, consumer prices (annual %)","FP.CPI.TOTL.ZG","6.72858234593338","6.14579981111164","4.29159105337875","3.72239414422695","2.20938236933469","3.61690530108814","6.08128114112413","5.87993463284275","4.23903922877036",".."
Namibia,"NAM","Gross fixed capital formation (% of GDP)","NE.GDI.FTOT.ZS","21.8257119918373","17.9309679447275","16.8686752354605","15.7508858678829","13.665387319624","16.0261941700365","16.7108560546686","26.0973765236871","23.6594562414878",".."
Namibia,"NAM","Foreign direct investment, net inflows (% of GDP)","BX.KLT.DINV.WD.GD.ZS","3.34570437311555","2.17505730200543","1.71299808328534","-1.40710628631611","-1.41889955275348","6.77514897706551","8.40166893779959","18.4906995136203","14.4696554951116",".."
Namibia,"NAM","Domestic credit to private sector (% of GDP)","FS.AST.PRVT.GD.ZS","68.5718638970193","65.0850898640541","65.8415486800749","70.950579352357","72.7676677166465","68.8473248696811","61.3968417469613","56.5807310041478","57.4876997384481",".."
Namibia,"NAM","Real interest rate (%)","FR.INR.RINR","1.73731930326059","0.0979958700889796","5.47138727608472","8.86737756581922","3.09380710033486","5.2452505218625","2.06338645570394","4.05994802165138","7.46387318950682",".."
Namibia,"NAM","Market capitalization of listed domestic companies (% of GDP)","CM.MKT.LCAP.GD.ZS","21.7957002861547","22.6071801560412","17.9939816356943","20.802303576206","17.641859050922","19.2562197984981","17.1740223363258","19.1852669386016","18.5473694840126",".."
Namibia,"NAM","Stocks traded, total value (% of GDP)","CM.MKT.TRAD.GD.ZS","..","..","0.450225947325593","0.782016908618319","0.344112483938035","0.227776911674896","0.285056247480198","0.228879583398985","0.168706266201919",".."
Namibia,"NAM","Secure Internet servers (per 1 million people)","IT.NET.SECR.P6","75.8441349730425","114.4861705094","142.007591586167","138.087465959176","199.357804015154","246.215328825553","315.607846177165","389.457644793704","427.374262036856",".."
Namibia,"NAM","Fixed broadband subscriptions (per 100 people)","IT.NET.BBND.P2","2.63785901436242","2.623967181163","2.43865058644091","2.60177914003955","2.88695019939445","3.1781346555903","3.29190749644768","3.52006938690795","2.83462992194067",".."
Namibia,"NAM","ICT goods imports (% total goods imports)","TM.VAL.ICTG.ZS.UN","3.08","3.08","2.79","2.32","2.34","2.18","2.46","..","..",".."
Namibia,"NAM","Individuals using the Internet (% of population)","IT.NET.USER.ZS","31.0333004","36.83739853","42.8207016","49.77590179","57.8608017","60.25999832","62.99720001","63.69549942","64.87460327",".."
Namibia,"NAM","School enrollment, tertiary (% gross)","SE.TER.ENRR","21.4367036193","22.4801755471009","23.7001690404035","25.8966511201824","25.9870484145026","26.6057345682932","26.1092654658031","..","..",".."
Namibia,"NAM","Research and development expenditure (% of GDP)","GB.XPD.RSDV.GD.ZS","..","..","..","..","..","..","0.64636","..","..",".."
Namibia,"NAM","High-technology exports (% of manufactured exports)","TX.VAL.TECH.MF.ZS","2.22542142743533","0.181864832454908","0.219642433912158","0.015870922203356","0.0232766057778038","0.0666275179134238","0.0563656557154242","0.0809713952530879","0.117288080576373",".."
Namibia,"NAM","GDP per person employed (constant 2021 PPP $)","SL.GDP.PCAP.EM.KD","40291.0187226923","38579.9830160931","37630.719914906","36365.7339585196","34721.0423419156","34703.4206784213","33615.738136171","33951.2221629919","34278.8604355409",".."
Nauru,"NRU","GDP growth (annual %)","NY.GDP.MKTP.KD.ZG","4.13223140495909","-6.34920634920697","-0.847457627117805","8.5470085470084","1.57480314960559","7.75193798449692","2.87769784172609","0.699300699300778","1.38888888888904",".."
Nauru,"NRU","Inflation, consumer prices (annual %)","FP.CPI.TOTL.ZG","..","..","..","..","..","..","..","..","..",".."
Nauru,"NRU","Gross fixed capital formation (% of GDP)","NE.GDI.FTOT.ZS","..","..","..","..","..","..","..","..","..",".."
Nauru,"NRU","Foreign direct investment, net inflows (% of GDP)","BX.KLT.DINV.WD.GD.ZS","..","..","5.88617583274311","1.74896481068595","-2.67159670379148","3.8371656330747","-5.91699334587118","0.955055945287656","-3.59566562291604",".."
Nauru,"NRU","Domestic credit to private sector (% of GDP)","FS.AST.PRVT.GD.ZS","..","..","..","..","..","..","..","..","..",".."
Nauru,"NRU","Real interest rate (%)","FR.INR.RINR","..","..","..","..","..","..","..","..","..",".."
Nauru,"NRU","Market capitalization of listed domestic companies (% of GDP)","CM.MKT.LCAP.GD.ZS","..","..","..","..","..","..","..","..","..",".."
Nauru,"NRU","Stocks traded, total value (% of GDP)","CM.MKT.TRAD.GD.ZS","..","..","..","..","..","..","..","..","..",".."
Nauru,"NRU","Secure Internet servers (per 1 million people)","IT.NET.SECR.P6","89.6860986547085","88.3080183680678","87.1307833057419","..","343.554066821266","427.021948928175","254.215744428438","421.052631578947","669.624173432661",".."
Nauru,"NRU","Fixed broadband subscriptions (per 100 people)","IT.NET.BBND.P2","..","..","..","..","..","..","9.95678332344717","..","..",".."
Nauru,"NRU","ICT goods imports (% total goods imports)","TM.VAL.ICTG.ZS.UN","..","..","..","..","..","..","..","..","..",".."
Nauru,"NRU","Individuals using the Internet (% of population)","IT.NET.USER.ZS","..","62.38510132","..","74.73789978","77.46659851","80.29499817","83.22660065","83.03970337","83.01170349",".."
Nauru,"NRU","School enrollment, tertiary (% gross)","SE.TER.ENRR","..","..","..","..","..","..","..","..","..",".."
Nauru,"NRU","Research and development expenditure (% of GDP)","GB.XPD.RSDV.GD.ZS","..","..","..","..","..","..","..","..","..",".."
Nauru,"NRU","High-technology exports (% of manufactured exports)","TX.VAL.TECH.MF.ZS","..","..","..","..","..","..","..","..","..",".."
Nauru,"NRU","GDP per person employed (constant 2021 PPP $)","SL.GDP.PCAP.EM.KD","..","..","..","..","..","..","..","..","..",".."
Nepal,"NPL","GDP growth (annual %)","NY.GDP.MKTP.KD.ZG","0.433113719381524","8.97727935643466","7.62237610397935","6.65705543110467","-2.3696206292072","4.838149614115","5.6313145568451","1.98254843628392","3.66537430744967",".."
Nepal,"NPL","Inflation, consumer prices (annual %)","FP.CPI.TOTL.ZG","8.7903433200464","2.77703998300211","4.40659410175714","5.56616035243723","5.05635826238499","4.12676744440695","7.6702057938028","7.11587261530826","4.6850965426577",".."
Nepal,"NPL","Gross fixed capital formation (% of GDP)","NE.GDI.FTOT.ZS","28.7052216904199","30.5754363978224","32.4328800328675","33.8151256823517","30.4692205221287","29.3358394598283","28.9800749908471","24.5903604521329","24.3288506292299",".."
Nepal,"NPL","Foreign direct investment, net inflows (% of GDP)","BX.KLT.DINV.WD.GD.ZS","0.432212944008614","0.677439884182991","0.206157201926214","0.542801979747667","0.378739091402959","0.531690906776232","0.160405404733603","0.182279066044198","0.132590416512966",".."
Nepal,"NPL","Domestic credit to private sector (% of GDP)","FS.AST.PRVT.GD.ZS","69.840800112116","69.1891243413533","76.3246080076578","78.9459108984055","88.4400394663268","103.651351375401","94.4669915631767","91.5572641445816","92.1111096963721",".."
Nepal,"NPL","Real interest rate (%)","FR.INR.RINR","..","..","..","..","..","..","..","..","..",".."
Nepal,"NPL","Market capitalization of listed domestic companies (% of GDP)","CM.MKT.LCAP.GD.ZS","..","..","..","..","..","..","..","..","..",".."
Nepal,"NPL","Stocks traded, total value (% of GDP)","CM.MKT.TRAD.GD.ZS","..","..","..","..","..","..","..","..","..",".."
Nepal,"NPL","Secure Internet servers (per 1 million people)","IT.NET.SECR.P6","18.1717619261667","156.080101793358","182.551879402938","190.187507144349","210.449464959163","269.787864363744","359.476468728239","642.608117418196","541.228652445205",".."
Nepal,"NPL","Fixed broadband subscriptions (per 100 people)","IT.NET.BBND.P2","0.801932731428298","1.79644198771794","2.82040516901736","3.62848482357188","4.38436385331589","4.30873475530627","8.51809813593178","10.6751345547041","10.0656152054494",".."
Nepal,"NPL","ICT goods imports (% total goods imports)","TM.VAL.ICTG.ZS.UN","5.29","5.29","4.23","4.98","5.12","4.81","..","..","..",".."
Nepal,"NPL","Individuals using the Internet (% of population)","IT.NET.USER.ZS","20.70000076","24.3","28.60000038","33.33660126","36.96530151","40.98910141","45.45080185","45.80680084","46.32189941",".."
Nepal,"NPL","School enrollment, tertiary (% gross)","SE.TER.ENRR","11.0932748536215","11.4357824790838","12.613695863565","13.8072821953912","14.2002391888535","15.243139284484","14.8435874359729","19.0357612047581","21.2915596292014",".."
Nepal,"NPL","Research and development expenditure (% of GDP)","GB.XPD.RSDV.GD.ZS","..","..","..","..","..","..","..","..","..",".."
Nepal,"NPL","High-technology exports (% of manufactured exports)","TX.VAL.TECH.MF.ZS","0.822614406932481","1.1842599479754","0.63057636781078","1.07452984569387","2.44880014385554","1.24783157075866","0.617520704475872","..","..",".."
Nepal,"NPL","GDP per person employed (constant 2021 PPP $)","SL.GDP.PCAP.EM.KD","15492.8573762399","16806.1056110793","17991.9243997103","18741.4265242173","18423.150498448","18559.4383798532","19029.8423388748","19335.1052455092","20041.205361887",".."
Netherlands,"NLD","GDP growth (annual %)","NY.GDP.MKTP.KD.ZG","2.42428572955482","2.78154619309936","2.2587403735731","2.30009157916757","-3.86795333823223","6.2768306708326","5.00723455159611","-0.598096167209832","1.08100584845663",".."
Netherlands,"NLD","Inflation, consumer prices (annual %)","FP.CPI.TOTL.ZG","0.316666666666652","1.38145871407216","1.70349794744479","2.63369910249591","1.27246037789161","2.67572008805385","10.0012078753473","3.83839354342808","3.34754304219953",".."
Netherlands,"NLD","Gross fixed capital formation (% of GDP)","NE.GDI.FTOT.ZS","19.2941993265526","19.7582508613445","19.9510208021868","20.9075559765573","21.2739585259834","20.6858841343727","20.4686965446459","20.3464703994637","19.849010075201",".."
Netherlands,"NLD","Foreign direct investment, net inflows (% of GDP)","BX.KLT.DINV.WD.GD.ZS","34.7918547450687","23.7131758376085","-30.6576768564655","-13.7565327156949","-23.6860117625863","-10.9725941589172","1.47701805979237","-30.2430732965592","-1.40403571808501",".."
Netherlands,"NLD","Domestic credit to private sector (% of GDP)","FS.AST.PRVT.GD.ZS","112.688166070747","109.26176749092","103.705449062777","98.6368462471995","100.352006153371","93.8807694464696","88.8195045380451","85.4757445009347","82.3320940898509",".."
Netherlands,"NLD","Real interest rate (%)","FR.INR.RINR","..","..","..","..","..","..","..","..","..",".."
Netherlands,"NLD","Market capitalization of listed domestic companies (% of GDP)","CM.MKT.LCAP.GD.ZS","101.073868205409","129.693697691587","..","..","..","..","..","..","..",".."
Netherlands,"NLD","Stocks traded, total value (% of GDP)","CM.MKT.TRAD.GD.ZS","..","..","..","..","..","..","..","..","..",".."
Netherlands,"NLD","Secure Internet servers (per 1 million people)","IT.NET.SECR.P6","24130.7940652181","70412.1276055238","100581.523830836","130279.470464876","136862.999168649","164133.506993994","181183.789690312","194962.867894191","198682.41199523",".."
Netherlands,"NLD","Fixed broadband subscriptions (per 100 people)","IT.NET.BBND.P2","41.9813942626003","42.0988982620643","42.5152457224727","42.5292659897442","42.6667277513049","42.9460563127039","43.5643185557355","43.2644444744139","42.9782483069868",".."
Netherlands,"NLD","ICT goods imports (% total goods imports)","TM.VAL.ICTG.ZS.UN","13.27","13.55","13.19","13.54","14.92","12.8","9.57","..","..",".."
Netherlands,"NLD","Individuals using the Internet (% of population)","IT.NET.USER.ZS","90.4109589041096","93.1972789115646","91.8918918918919","93.2885906040269","91.33333333","92.05298013","92.51968504","97.00680272","97.00679779",".."
Netherlands,"NLD","School enrollment, tertiary (% gross)","SE.TER.ENRR","79.8454895019531","83.2009887695312","83.652473449707","..","85.3370819091797","89.3898620605469","..","86.5938262939453","..",".."
Netherlands,"NLD","Research and development expenditure (% of GDP)","GB.XPD.RSDV.GD.ZS","2.11546","2.14167","2.1027","2.14036","2.26514","2.21542","2.17529","2.26719","..",".."
Netherlands,"NLD","High-technology exports (% of manufactured exports)","TX.VAL.TECH.MF.ZS","24.0087404866077","22.9219025245367","22.5132061163246","23.0482346929973","23.1639760853804","22.0023211908273","21.9578380124342","24.5106465274936","23.4680052763745",".."
Netherlands,"NLD","GDP per person employed (constant 2021 PPP $)","SL.GDP.PCAP.EM.KD","123421.71889508","124543.924557034","124493.756000719","125011.298368665","120103.681269473","127311.810597456","129912.374922874","126676.145799211","127705.092957771",".."
New Caledonia,"NCL","GDP growth (annual %)","NY.GDP.MKTP.KD.ZG","..","..","0.400000000000006","-1.40000000000001","-2.40000000000001","-2.10000000000004","3.50000000000006","2.8","-13.5",".."
New Caledonia,"NCL","Inflation, consumer prices (annual %)","FP.CPI.TOTL.ZG","0.578317435520754","..","..","..","..","..","..","..","..",".."
New Caledonia,"NCL","Gross fixed capital formation (% of GDP)","NE.GDI.FTOT.ZS","29.64804245945","27.8931732369673","27.5984468","29.456560049901","27.31694264264","26.2186187184748","26.1746329039214","25.5600389261255","22.1189475350042",".."
New Caledonia,"NCL","Foreign direct investment, net inflows (% of GDP)","BX.KLT.DINV.WD.GD.ZS","9.28207619845752","5.30202255145123","3.46409998475039","7.63514854874616","6.04707071747505","7.88090550414583","7.23562598706021","7.03488478280661","8.48945728851914",".."
New Caledonia,"NCL","Domestic credit to private sector (% of GDP)","FS.AST.PRVT.GD.ZS","..","..","..","..","..","..","..","..","..",".."
New Caledonia,"NCL","Real interest rate (%)","FR.INR.RINR","..","..","..","..","..","..","..","..","..",".."
New Caledonia,"NCL","Market capitalization of listed domestic companies (% of GDP)","CM.MKT.LCAP.GD.ZS","..","..","..","..","..","..","..","..","..",".."
New Caledonia,"NCL","Stocks traded, total value (% of GDP)","CM.MKT.TRAD.GD.ZS","..","..","..","..","..","..","..","..","..",".."
New Caledonia,"NCL","Secure Internet servers (per 1 million people)","IT.NET.SECR.P6","1249.0164877233","2824.93845795744","3332.85133366956","4686.07857379604","5471.96103822983","6023.54723120183","6899.48210348875","7648.25611481009","7541.71521909247",".."
New Caledonia,"NCL","Fixed broadband subscriptions (per 100 people)","IT.NET.BBND.P2","..","..","..","19.3931016974253","19.3542030291087","19.2837658740455","19.372882005273","..","..",".."
New Caledonia,"NCL","ICT goods imports (% total goods imports)","TM.VAL.ICTG.ZS.UN","..","..","..","..","..","..","..","..","..",".."
New Caledonia,"NCL","Individuals using the Internet (% of population)","IT.NET.USER.ZS","..","82.0058408035186","..","..","..","..","..","..","..",".."
New Caledonia,"NCL","School enrollment, tertiary (% gross)","SE.TER.ENRR","..","..","..","..","..","..","..","..","..",".."
New Caledonia,"NCL","Research and development expenditure (% of GDP)","GB.XPD.RSDV.GD.ZS","..","..","..","..","..","..","..","..","..",".."
New Caledonia,"NCL","High-technology exports (% of manufactured exports)","TX.VAL.TECH.MF.ZS","..","..","..","..","..","..","..","..","..",".."
New Caledonia,"NCL","GDP per person employed (constant 2021 PPP $)","SL.GDP.PCAP.EM.KD","..","..","..","..","..","..","..","..","..",".."
New Zealand,"NZL","GDP growth (annual %)","NY.GDP.MKTP.KD.ZG","3.77911068354334","3.37873219470765","3.47058203866328","2.31747144034802","-0.307246896026541","4.53540565716095","3.49638686458842","1.39425181563566","1.28862004711685",".."
New Zealand,"NZL","Inflation, consumer prices (annual %)","FP.CPI.TOTL.ZG","0.646240284454524","1.85078767452536","1.59829703801696","1.61963190184048","1.71456170007245","3.94112060778728","7.17222476016441","5.73316283034957","2.92279782301957",".."
New Zealand,"NZL","Gross fixed capital formation (% of GDP)","NE.GDI.FTOT.ZS","22.6227420144526","22.9685609809744","23.511133451272","23.5236625355301","23.2335070501425","24.6138678935261","25.3715792977793","24.7040195587726","23.2066715516941",".."
New Zealand,"NZL","Foreign direct investment, net inflows (% of GDP)","BX.KLT.DINV.WD.GD.ZS","1.0619303911252","1.15602540847251","1.15882897654923","1.44357026927529","2.25342351216777","2.08859937451458","3.93040138256791","1.72217162155153","0.676410624636643",".."
New Zealand,"NZL","Domestic credit to private sector (% of GDP)","FS.AST.PRVT.GD.ZS","154.780329050201","153.082506645565","153.152361231044","155.390582013937","159.518561184643","155.546350252594","146.118612985772","141.222832605013","142.621045163241",".."
New Zealand,"NZL","Real interest rate (%)","FR.INR.RINR","2.53890262951705","1.10541946348065","..","..","..","..","..","..","..",".."
New Zealand,"NZL","Market capitalization of listed domestic companies (% of GDP)","CM.MKT.LCAP.GD.ZS","42.3312652583119","45.8007865136643","40.6313529475139","50.6462762760696","62.056394106869","48.4033313924149","39.0949073569608","37.8448129241583","35.6942993643067",".."
New Zealand,"NZL","Stocks traded, total value (% of GDP)","CM.MKT.TRAD.GD.ZS","5.78291756813793","5.74032183164355","5.74894625289133","5.85499001367079","10.420798201493","8.1005856898578","5.64338923612257","4.75142197081263","4.83548628547944",".."
New Zealand,"NZL","Secure Internet servers (per 1 million people)","IT.NET.SECR.P6","6401.64612545343","14919.1873026425","17618.0467697833","20156.9321771322","20581.3815945115","16145.0261574165","18499.3210933349","18993.6538461538","18718.2978723404",".."
New Zealand,"NZL","Fixed broadband subscriptions (per 100 people)","IT.NET.BBND.P2","32.4618168012438","32.8917841600814","33.6193927294608","34.0227878966682","34.8130286721914","35.262820014578","36.3044927893768","37.8530848455277","38.048298946057",".."
New Zealand,"NZL","ICT goods imports (% total goods imports)","TM.VAL.ICTG.ZS.UN","7.52","7.57","7.29","7.42","8.21","7.65","6.92","..","..",".."
New Zealand,"NZL","Individuals using the Internet (% of population)","IT.NET.USER.ZS","86.5","87.69999695","89","89.86370087","90.92099762","91.99060059","93.07289886","93.32610321","93.51930237",".."
New Zealand,"NZL","School enrollment, tertiary (% gross)","SE.TER.ENRR","81.8633575439453","81.2698593139648","81.2513122558594","77.5843734741211","75.7348327636719","79.4128875732422","77.0104675292969","76.3811416625977","77.2406463623047",".."
New Zealand,"NZL","Research and development expenditure (% of GDP)","GB.XPD.RSDV.GD.ZS","..","1.34788","..","1.4642","..","1.48604","..","1.54848","..",".."
New Zealand,"NZL","High-technology exports (% of manufactured exports)","TX.VAL.TECH.MF.ZS","10.8777020288641","9.2522910740142","9.81175442917481","9.86594609152879","9.60874974217951","9.76110781430146","12.0543415422888","12.6494857356401","12.9670750449435",".."
New Zealand,"NZL","GDP per person employed (constant 2021 PPP $)","SL.GDP.PCAP.EM.KD","86062.8987783518","85415.5954301697","86264.1240868289","87072.81996617","85716.2189425047","87785.3999636732","89535.3967443571","88116.344309535","89599.9705527978",".."
Nicaragua,"NIC","GDP growth (annual %)","NY.GDP.MKTP.KD.ZG","4.56314739524967","4.63120757580209","-3.3633566598573","-2.89686986728901","-2.23654176262323","10.454389484408","3.55029945613975","4.42774384760374","3.5878302292345",".."
Nicaragua,"NIC","Inflation, consumer prices (annual %)","FP.CPI.TOTL.ZG","3.52317317628473","3.85067166284727","4.94723728039886","5.37628990844126","3.68181341625572","4.92841396948968","10.4674244465991","8.38765854872536","4.62473841057141",".."
Nicaragua,"NIC","Gross fixed capital formation (% of GDP)","NE.GDI.FTOT.ZS","27.6439068627152","26.7613567520877","22.3850599072456","16.4571885886473","17.9549307712935","23.0056614312413","21.4012893593393","21.4498150899851","22.9144793545779",".."
Nicaragua,"NIC","Foreign direct investment, net inflows (% of GDP)","BX.KLT.DINV.WD.GD.ZS","7.44462628012218","7.51057620596971","6.43060058137235","3.96093444094211","5.86574902695673","7.36996621393819","8.23239650343154","6.25581189724963","6.86656428120852",".."
Nicaragua,"NIC","Domestic credit to private sector (% of GDP)","FS.AST.PRVT.GD.ZS","38.5800324214676","42.7141595154233","39.8570584770867","32.2173134465347","29.7928204469316","28.0130754323242","29.6997624213014","30.0090035145774","32.3372795696405",".."
Nicaragua,"NIC","Real interest rate (%)","FR.INR.RINR","6.54802090195471","6.39311303850418","8.02422232617416","6.70036286586948","4.60087827833422","5.89042078799865","0.777981191143199","-1.17366915072469","3.66069734938786",".."
Nicaragua,"NIC","Market capitalization of listed domestic companies (% of GDP)","CM.MKT.LCAP.GD.ZS","..","..","..","..","..","..","..","..","..",".."
Nicaragua,"NIC","Stocks traded, total value (% of GDP)","CM.MKT.TRAD.GD.ZS","..","..","..","..","..","..","..","..","..",".."
Nicaragua,"NIC","Secure Internet servers (per 1 million people)","IT.NET.SECR.P6","34.9770066292659","123.649689189645","69.9991250109374","86.9879452290582","92.9132052055156","104.744488912359","95.0873421810124","103.464249804319","93.9830599149236",".."
Nicaragua,"NIC","Fixed broadband subscriptions (per 100 people)","IT.NET.BBND.P2","2.84026129428402","3.32673076712995","3.00641554480569","3.35640827391085","4.42253148272568","4.51379519532816","5.00781944815467","5.43030503048751","5.77624223916809",".."
Nicaragua,"NIC","ICT goods imports (% total goods imports)","TM.VAL.ICTG.ZS.UN","4.68","3.86","2.69","2.55","2.84","2.53","2.24","..","..",".."
Nicaragua,"NIC","Individuals using the Internet (% of population)","IT.NET.USER.ZS","24.57180023","30.39999962","33.9129982","39.01079941","44.87490082","51.62039948","59.38000107","60.30120087","61.39550018",".."
Nicaragua,"NIC","School enrollment, tertiary (% gross)","SE.TER.ENRR","..","..","..","..","..","..","..","30.3635101318359","..",".."
Nicaragua,"NIC","Research and development expenditure (% of GDP)","GB.XPD.RSDV.GD.ZS","..","..","..","..","..","..","..","..","..",".."
Nicaragua,"NIC","High-technology exports (% of manufactured exports)","TX.VAL.TECH.MF.ZS","0.798662569451357","0.599501195254011","0.676886131607261","1.06257046280076","0.537956804975234","1.21798820225134","1.25539321315719","0.804653157141111","0.596452227371355",".."
Nicaragua,"NIC","GDP per person employed (constant 2021 PPP $)","SL.GDP.PCAP.EM.KD","16754.1134422583","17074.2462727819","16573.6754614589","15886.3039850805","15526.2480791412","16605.7452895229","16583.6452893505","16862.6419583915","17139.9582422411",".."
Niger,"NER","GDP growth (annual %)","NY.GDP.MKTP.KD.ZG","5.74089315058157","5.00536078615544","7.21141802762897","5.93985257123522","3.55064109436891","1.38359636198477","11.9000000000277","1.66763406484279","10.3000000007793",".."
Niger,"NER","Inflation, consumer prices (annual %)","FP.CPI.TOTL.ZG","1.65388922387806","2.79637318871284","2.96760366004456","-2.48979265070855","2.8981937602627","3.8378680284051","4.22621791916392","3.70097316425834","9.07151997725013",".."
Niger,"NER","Gross fixed capital formation (% of GDP)","NE.GDI.FTOT.ZS","27.0108807832762","25.7950329752951","28.4269222889978","30.3782549192321","28.3266350401009","28.5385650591052","29.6208107643846","21.2647169976858","22.0531389038293",".."
Niger,"NER","Foreign direct investment, net inflows (% of GDP)","BX.KLT.DINV.WD.GD.ZS","2.89774478323805","3.02823024727599","3.63037399478134","5.56378872795104","2.62395545283651","3.98812628006033","6.25880834283465","6.14147869426916","1.80157547660986",".."
Niger,"NER","Domestic credit to private sector (% of GDP)","FS.AST.PRVT.GD.ZS","..","..","..","..","..","..","..","..","..",".."
Niger,"NER","Real interest rate (%)","FR.INR.RINR","3.44059819209033","..","..","..","..","..","..","..","..",".."
Niger,"NER","Market capitalization of listed domestic companies (% of GDP)","CM.MKT.LCAP.GD.ZS","..","..","..","..","..","..","..","..","..",".."
Niger,"NER","Stocks traded, total value (% of GDP)","CM.MKT.TRAD.GD.ZS","..","..","..","..","..","..","..","..","..",".."
Niger,"NER","Secure Internet servers (per 1 million people)","IT.NET.SECR.P6","0.241712254806484","0.466517001792265","0.495761934037613","0.87154487473438","1.47569656356228","1.42844665812864","4.18774150873186","4.74008526113684","5.2159607511161",".."
Niger,"NER","Fixed broadband subscriptions (per 100 people)","IT.NET.BBND.P2","0.0372575269558715","0.0403537206550309","..","0.0479349681103909","0.0505953107507067","..","..","0.107619048674827","0.111273829357144",".."
Niger,"NER","ICT goods imports (% total goods imports)","TM.VAL.ICTG.ZS.UN","4.2","3.4","2.66","3.53","1.55","2.28","1.29","..","..",".."
Niger,"NER","Individuals using the Internet (% of population)","IT.NET.USER.ZS","4.322800159","10.2243115586561","10.74180031","11.28549957","11.85680008","12.45689964","13.08749962","12.98079967","15.55760002",".."
Niger,"NER","School enrollment, tertiary (% gross)","SE.TER.ENRR","3.45043638449437","3.66741981878978","4.33801956751366","4.15170730347346","..","..","..","..","..",".."
Niger,"NER","Research and development expenditure (% of GDP)","GB.XPD.RSDV.GD.ZS","..","..","..","..","..","..","..","..","..",".."
Niger,"NER","High-technology exports (% of manufactured exports)","TX.VAL.TECH.MF.ZS","6.84597615137191","18.3242722479887","8.5620541870854","5.6497007048141","12.240926752223","32.369958747641","13.8708147800163","8.96675024256666","8.61766309210248",".."
Niger,"NER","GDP per person employed (constant 2021 PPP $)","SL.GDP.PCAP.EM.KD","4045.8476343647","4096.7880285397","4236.72475157405","4330.93039147916","4217.03785110526","3992.98992183438","4112.31869163037","4020.6426751349","4260.91571497409",".."
Nigeria,"NGA","GDP growth (annual %)","NY.GDP.MKTP.KD.ZG","-1.61686894906509","0.805886619102438","1.92275734200614","2.20842927714892","-6.36889840510109","1.10925253938163","4.31882949523192","3.32684556421316","4.06236408888319",".."
Nigeria,"NGA","Inflation, consumer prices (annual %)","FP.CPI.TOTL.ZG","15.6968126387972","16.5022662139641","12.0951065173432","11.3964223378116","13.2460234276597","16.9528457221608","18.8471877843274","24.659550203114","33.2420966545406",".."
Nigeria,"NGA","Gross fixed capital formation (% of GDP)","NE.GDI.FTOT.ZS","..","..","..","..","..","..","..","..","..",".."
Nigeria,"NGA","Foreign direct investment, net inflows (% of GDP)","BX.KLT.DINV.WD.GD.ZS","0.853395742751916","0.642182922336257","0.183821495682229","0.344961215904222","0.398484830422215","0.543909122152652","-0.0288727652154093","0.384195197914633","0.428249682662515",".."
Nigeria,"NGA","Domestic credit to private sector (% of GDP)","FS.AST.PRVT.GD.ZS","14.6080388563102","12.8520298076198","10.2465813012399","7.92322265931715","8.75958559532731","9.73322136915709","9.56169176668424","..","..",".."
Nigeria,"NGA","Real interest rate (%)","FR.INR.RINR","6.68623362327285","5.79056686533675","6.05597715767894","-25.7765299378193","2.14785084959324","-1.02433535391556","3.96855873884367","2.87664578502372","..",".."
Nigeria,"NGA","Market capitalization of listed domestic companies (% of GDP)","CM.MKT.LCAP.GD.ZS","7.36253513008307","9.90500142094976","7.47394269971606","6.5729251564432","9.22909398527682","8.90270101798909","9.64227299847654","9.53031237564282","21.5652638319989",".."
Nigeria,"NGA","Stocks traded, total value (% of GDP)","CM.MKT.TRAD.GD.ZS","0.373074841697645","0.587127419091259","0.613222504366379","0.406544256339595","0.414631583275223","0.294485220910699","0.345375857545161","0.335104816677403","0.611915680298695",".."
Nigeria,"NGA","Secure Internet servers (per 1 million people)","IT.NET.SECR.P6","45.0973861014707","212.374669345264","176.062355799907","71.7758025238589","71.2255701423008","61.547814694274","47.0936939460015","47.5989986876815","98.36277868906",".."
Nigeria,"NGA","Fixed broadband subscriptions (per 100 people)","IT.NET.BBND.P2","0.0552235758942345","0.0553465496536786","0.0360912702919465","0.0397927035008571","0.0305206381229766","0.0301639204550369","0.0433814077089791","0.051283785190682","0.0787379280608494",".."
Nigeria,"NGA","ICT goods imports (% total goods imports)","TM.VAL.ICTG.ZS.UN","3.93","3.27","3.08","3.72","3.23","2.76","..","..","..",".."
Nigeria,"NGA","Individuals using the Internet (% of population)","IT.NET.USER.ZS","24.13750076","25.87789917","27.74370003","29.74410057","31.88879967","35.50979996","39.14720154","40.06399918","41.21139908",".."
Nigeria,"NGA","School enrollment, tertiary (% gross)","SE.TER.ENRR","..","..","..","..","..","..","..","..","..",".."
Nigeria,"NGA","Research and development expenditure (% of GDP)","GB.XPD.RSDV.GD.ZS","..","..","..","0.28444","..","..","..","..","..",".."
Nigeria,"NGA","High-technology exports (% of manufactured exports)","TX.VAL.TECH.MF.ZS","2.35102616010413","2.3303518190456","1.9287782652252","1.48240117353044","6.94412309573588","6.4879650491258","2.38488302901383","3.53042370294988","2.71167186435579",".."
Nigeria,"NGA","GDP per person employed (constant 2021 PPP $)","SL.GDP.PCAP.EM.KD","19790.2885831835","19436.1674896984","19284.6250247194","19181.3569052394","17925.4384271702","17376.1807851379","17087.2035617198","16753.7063398014","16929.6571329692",".."
North Macedonia,"MKD","GDP growth (annual %)","NY.GDP.MKTP.KD.ZG","2.84820519363306","1.08177273813243","2.88059670964267","3.91041953840173","-4.68845000956652","4.51067949038222","2.75888415332967","2.554965253403","2.99373536567732",".."
North Macedonia,"MKD","Inflation, consumer prices (annual %)","FP.CPI.TOTL.ZG","-0.239290787684501","1.35161889677442","1.45831298507126","0.766439573459805","1.20007348888469","3.23074912132928","14.2047173195833","9.36187249769015","3.48974086026954",".."
North Macedonia,"MKD","Gross fixed capital formation (% of GDP)","NE.GDI.FTOT.ZS","24.3848720987903","22.4909643329785","20.03198774963","21.0422372138482","21.5912622519723","23.4554260842147","24.0204439739046","24.6622790521087","23.4918705962856",".."
North Macedonia,"MKD","Foreign direct investment, net inflows (% of GDP)","BX.KLT.DINV.WD.GD.ZS","5.14755489783813","3.36726558000357","5.11494867914756","4.35892493383855","0.0622421869397704","4.97315294989199","6.13067578989693","4.04601094449743","6.23445070666485",".."
North Macedonia,"MKD","Domestic credit to private sector (% of GDP)","FS.AST.PRVT.GD.ZS","48.9780058468049","49.8844792422858","50.2444525582772","51.2679656532734","55.7466286882264","55.501013341123","54.2953220350027","52.0359306568315","53.9235256635379",".."
North Macedonia,"MKD","Real interest rate (%)","FR.INR.RINR","3.43336996492373","3.69588556406759","2.09837749145698","4.70038784902453","3.76716860112633","0.54891828545638","-3.8949908013561","-2.26316743744266","2.10174035882591",".."
North Macedonia,"MKD","Market capitalization of listed domestic companies (% of GDP)","CM.MKT.LCAP.GD.ZS","..","..","..","..","..","..","..","..","..",".."
North Macedonia,"MKD","Stocks traded, total value (% of GDP)","CM.MKT.TRAD.GD.ZS","..","..","..","..","..","..","..","..","..",".."
North Macedonia,"MKD","Secure Internet servers (per 1 million people)","IT.NET.SECR.P6","509.360215242722","546.175533548187","512.426609975062","766.417483272592","1142.16507086811","1546.44730811479","1735.53484390559","1857.95506768734","2068.12365329412",".."
North Macedonia,"MKD","Fixed broadband subscriptions (per 100 people)","IT.NET.BBND.P2","19.4533715332855","20.4183259234605","22.2929498345599","23.9402500262168","25.4041233643961","26.9448892231031","28.0035734605346","29.1771708951077","29.8921727758887",".."
North Macedonia,"MKD","ICT goods imports (% total goods imports)","TM.VAL.ICTG.ZS.UN","3.72","3.61","3.6","3.58","4.1","4.17","3.81","..","..",".."
North Macedonia,"MKD","Individuals using the Internet (% of population)","IT.NET.USER.ZS","72.1568144676058","74.5168241807954","79.1677551850871","81.4128827618364","81.40553811","81.873703","83.85030365","88.5","93.6","93.1"
North Macedonia,"MKD","School enrollment, tertiary (% gross)","SE.TER.ENRR","..","43.5097694396973","43.8547897338867","43.1991004943848","43.782169342041","44.3020210266113","53.1601181030273","55.0082015991211","..",".."
North Macedonia,"MKD","Research and development expenditure (% of GDP)","GB.XPD.RSDV.GD.ZS","0.43585","0.35439","0.36367","0.36783","0.37264","0.37252","0.37372","0.3699","0.37363",".."
North Macedonia,"MKD","High-technology exports (% of manufactured exports)","TX.VAL.TECH.MF.ZS","2.83705522973465","3.98163473676236","4.04907678541801","4.21745567474478","4.18105543036134","4.0331959439009","4.01498490595955","5.22971063617991","6.3599119716616",".."
North Macedonia,"MKD","GDP per person employed (constant 2021 PPP $)","SL.GDP.PCAP.EM.KD","59619.3948881076","59508.8473838342","60516.7175184112","60065.2812315477","58273.5764636789","61552.6689626132","60893.4059875829","62942.3827213628","63535.0796045526",".."
Northern Mariana Islands,"MNP","GDP growth (annual %)","NY.GDP.MKTP.KD.ZG","29.2121212121212","23.1707317073171","-19.4973343488195","-11.4474929044465","-29.0598290598291","4.96987951807229","16.6427546628408","..","..",".."
Northern Mariana Islands,"MNP","Inflation, consumer prices (annual %)","FP.CPI.TOTL.ZG","..","..","..","..","..","..","..","..","..",".."
Northern Mariana Islands,"MNP","Gross fixed capital formation (% of GDP)","NE.GDI.FTOT.ZS","..","..","..","..","..","..","..","..","..",".."
Northern Mariana Islands,"MNP","Foreign direct investment, net inflows (% of GDP)","BX.KLT.DINV.WD.GD.ZS","..","..","..","..","..","..","..","..","..",".."
Northern Mariana Islands,"MNP","Domestic credit to private sector (% of GDP)","FS.AST.PRVT.GD.ZS","..","..","..","..","..","..","..","..","..",".."
Northern Mariana Islands,"MNP","Real interest rate (%)","FR.INR.RINR","..","..","..","..","..","..","..","..","..",".."
Northern Mariana Islands,"MNP","Market capitalization of listed domestic companies (% of GDP)","CM.MKT.LCAP.GD.ZS","..","..","..","..","..","..","..","..","..",".."
Northern Mariana Islands,"MNP","Stocks traded, total value (% of GDP)","CM.MKT.TRAD.GD.ZS","..","..","..","..","..","..","..","..","..",".."
Northern Mariana Islands,"MNP","Secure Internet servers (per 1 million people)","IT.NET.SECR.P6","452.99667145924","280.22978842651","285.266010554842","1620.64451785826","1956.74128934523","2086.03844270844","2148.53075220279","2037.96823427774","1445.41307195447",".."
Northern Mariana Islands,"MNP","Fixed broadband subscriptions (per 100 people)","IT.NET.BBND.P2","..","..","..","..","..","..","..","..","..",".."
Northern Mariana Islands,"MNP","ICT goods imports (% total goods imports)","TM.VAL.ICTG.ZS.UN","..","..","..","..","..","..","..","..","..",".."
Northern Mariana Islands,"MNP","Individuals using the Internet (% of population)","IT.NET.USER.ZS","..","..","..","..","..","..","..","..","..",".."
Northern Mariana Islands,"MNP","School enrollment, tertiary (% gross)","SE.TER.ENRR","..","..","..","..","..","..","..","..","..",".."
Northern Mariana Islands,"MNP","Research and development expenditure (% of GDP)","GB.XPD.RSDV.GD.ZS","..","..","..","..","..","..","..","..","..",".."
Northern Mariana Islands,"MNP","High-technology exports (% of manufactured exports)","TX.VAL.TECH.MF.ZS","..","..","..","..","..","..","..","..","..",".."
Northern Mariana Islands,"MNP","GDP per person employed (constant 2021 PPP $)","SL.GDP.PCAP.EM.KD","..","..","..","..","..","..","..","..","..",".."
Norway,"NOR","GDP growth (annual %)","NY.GDP.MKTP.KD.ZG","1.16472423928819","2.46374626574153","0.828931500516902","1.12374694968757","-1.27817177234034","3.90868676830634","3.24622860260932","0.0721204806030329","2.09723059960317",".."
Norway,"NOR","Inflation, consumer prices (annual %)","FP.CPI.TOTL.ZG","3.55000000000007","1.87510059552545","2.76483134528797","2.16773003305411","1.28658490707996","3.48388055266669","5.76412317852272","5.51784987104659","3.14530134431081",".."
Norway,"NOR","Gross fixed capital formation (% of GDP)","NE.GDI.FTOT.ZS","25.0585118588206","24.3563320185983","23.7742134177864","26.6268216540907","27.4365570585644","22.9458564440552","18.376163568034","21.6527928031412","21.9878128147487",".."
Norway,"NOR","Foreign direct investment, net inflows (% of GDP)","BX.KLT.DINV.WD.GD.ZS","-5.03254975124343","1.46874278067631","-1.28796404191648","3.99513402641071","-0.892552414465765","3.64643942475354","2.39446435427431","2.85439221069972","2.50917917104619",".."
Norway,"NOR","Domestic credit to private sector (% of GDP)","FS.AST.PRVT.GD.ZS","144.971606544856","145.264892481515","142.491642157692","149.388132180241","163.535991564534","137.565053651411","110.276168888199","127.432045772675","128.837899198054",".."
Norway,"NOR","Real interest rate (%)","FR.INR.RINR","4.74390945028618","-1.03296139607027","-3.57596654095455","3.80513912675513","5.34941943034869","-14.922876785153","-19.6029294934185","18.4261670599042","6.39315170106353",".."
Norway,"NOR","Market capitalization of listed domestic companies (% of GDP)","CM.MKT.LCAP.GD.ZS","62.340776578694","71.4861425501006","60.7978865898745","72.3067416526895","..","..","..","..","..",".."
Norway,"NOR","Stocks traded, total value (% of GDP)","CM.MKT.TRAD.GD.ZS","28.3948409251775","29.3326179646984","27.0967285160045","24.8819795286934","..","..","..","..","..",".."
Norway,"NOR","Secure Internet servers (per 1 million people)","IT.NET.SECR.P6","7003.5088228737","14572.5727349493","20886.248954238","36180.9578944692","39030.0168696759","43861.1250813561","44150.8874541494","37715.0449824181","35469.8678942673",".."
Norway,"NOR","Fixed broadband subscriptions (per 100 people)","IT.NET.BBND.P2","40.2402948978253","41.0328263217001","41.5279365452303","42.2722351352817","44.3863056613216","44.9392216218255","45.6644653158508","45.4377082628592","45.1633056345554",".."
Norway,"NOR","ICT goods imports (% total goods imports)","TM.VAL.ICTG.ZS.UN","6.88","6.5","6.67","6.62","6.81","6.72","5.98","..","..",".."
Norway,"NOR","Individuals using the Internet (% of population)","IT.NET.USER.ZS","97.2982036675068","96.3576012951191","96.4916579887094","98.0000043853142","94.60755647","99.0000036","98.99997764","99.00000258","99",".."
Norway,"NOR","School enrollment, tertiary (% gross)","SE.TER.ENRR","81.8827285766602","83.7353363037109","85.3883514404297","85.7633819580078","87.1685333251953","93.9243011474609","97.6419830322266","95.0573806762695","95.4987564086914",".."
Norway,"NOR","Research and development expenditure (% of GDP)","GB.XPD.RSDV.GD.ZS","2.03286","2.08168","2.03482","2.13599","2.24436","1.88764","1.55081","1.85142","..",".."
Norway,"NOR","High-technology exports (% of manufactured exports)","TX.VAL.TECH.MF.ZS","20.9563395259628","21.5970984465797","21.1178200437435","22.4920145628444","22.0688842926826","20.5863715899543","23.8849460450338","25.6746143774999","25.4139359384172",".."
Norway,"NOR","GDP per person employed (constant 2021 PPP $)","SL.GDP.PCAP.EM.KD","165536.960551484","168537.135266274","167252.597273552","167315.772365741","165670.365685133","170646.378013757","171413.198657171","169681.727901891","171995.514832868",".."
Oman,"OMN","GDP growth (annual %)","NY.GDP.MKTP.KD.ZG","5.04642394571691","0.304057565922449","1.28710391543288","-1.12863801728058","-3.37972052697999","2.5821749892893","7.98570728354278","1.41401395818599","1.63163221127449",".."
Oman,"OMN","Inflation, consumer prices (annual %)","FP.CPI.TOTL.ZG","1.10920805807027","1.58909413567799","0.889312370970404","0.490815362820671","-0.40640291946585","1.68221185876085","2.5061425061425","0.950782997762827","0.593589236248469",".."
Oman,"OMN","Gross fixed capital formation (% of GDP)","NE.GDI.FTOT.ZS","39.298992626441","33.3216466062388","30.4914165529786","28.9532596561073","31.5744572963491","26.8575768406004","22.9435774082352","24.2780164981252","25.5360863533197",".."
Oman,"OMN","Foreign direct investment, net inflows (% of GDP)","BX.KLT.DINV.WD.GD.ZS","3.01624952400734","3.56005583896762","6.12067985447931","2.26908923371353","2.51548624054379","10.015189421015","6.25544528201825","11.8157929012346","11.6351181523148",".."
Oman,"OMN","Domestic credit to private sector (% of GDP)","FS.AST.PRVT.GD.ZS","66.6702330425451","65.9487621150617","61.0721758896089","65.1353364973981","76.5893899420196","68.18634950316","55.7897704553203","59.752816940391","63.2077225508282",".."
Oman,"OMN","Real interest rate (%)","FR.INR.RINR","15.4598093486321","-1.99936784872024","-5.80486611238394","8.30089840472333","18.2141989885354","-5.92398070330169","..","..","..",".."
Oman,"OMN","Market capitalization of listed domestic companies (% of GDP)","CM.MKT.LCAP.GD.ZS","30.9938176539677","26.3415162724273","20.5259004092769","19.4405100503848","21.7107497122026","21.647214870741","20.2703352518088","21.9382567004472","29.9188427252022",".."
Oman,"OMN","Stocks traded, total value (% of GDP)","CM.MKT.TRAD.GD.ZS","3.27311115328437","2.95068942753283","2.09448900068213","1.95160487191149","1.37121190110733","1.91878967119371","2.10669194382363","2.52337873072249","3.04811030856739",".."
Oman,"OMN","Secure Internet servers (per 1 million people)","IT.NET.SECR.P6","130.497848151975","145.898660817791","164.641202885593","197.767880187514","263.128974988817","272.418776541944","284.341593826595","279.446391150878","286.658923972525",".."
Oman,"OMN","Fixed broadband subscriptions (per 100 people)","IT.NET.BBND.P2","6.3548355193171","7.47816940167101","9.171272567174","10.2442069785858","11.3829602598706","11.5852955507366","10.8833264083829","10.8793321668994","11.0647690464367",".."
Oman,"OMN","ICT goods imports (% total goods imports)","TM.VAL.ICTG.ZS.UN","3.66","3.36","4.85","4.44","6.14","4.47","..","..","..",".."
Oman,"OMN","Individuals using the Internet (% of population)","IT.NET.USER.ZS","76.8453904741456","80.18560028","85.5","90.25939941","95.23229321","95.23880005","95.24530029","95.25170135","95.25174678",".."
Oman,"OMN","School enrollment, tertiary (% gross)","SE.TER.ENRR","46.8235059845958","43.5767818520195","44.9540216505645","45.1723183863131","48.3754397440909","43.8433613964625","..","..","42.226921081543",".."
Oman,"OMN","Research and development expenditure (% of GDP)","GB.XPD.RSDV.GD.ZS","0.22691","0.19925","0.19031","0.27255","0.31599","0.29266","0.28711","0.37526","0.38979",".."
Oman,"OMN","High-technology exports (% of manufactured exports)","TX.VAL.TECH.MF.ZS","1.52100556342923","1.1167386982334","1.25804048128518","1.50268168879634","8.4956048791117","6.61068684650433","7.61986953322478","5.00539346096146","..",".."
Oman,"OMN","GDP per person employed (constant 2021 PPP $)","SL.GDP.PCAP.EM.KD","75287.4721751176","72228.448279066","72419.0978115265","73700.4906581414","78813.6911526005","81866.6876707779","81695.1391737388","76398.1234581267","73788.9518355577",".."
Pakistan,"PAK","GDP growth (annual %)","NY.GDP.MKTP.KD.ZG","6.57383828511043","4.43262590683975","6.15170261099519","2.49763692943365","-1.27408744338709","6.51388575852702","4.7781068690358","-0.414935997088406","3.04898287335465",".."
Pakistan,"PAK","Inflation, consumer prices (annual %)","FP.CPI.TOTL.ZG","3.7651191635658","4.08537368032608","5.07805725868917","10.5780305672025","9.74011619320125","9.49641577285205","19.8738599646655","30.7681280657005","12.6325318530452",".."
Pakistan,"PAK","Gross fixed capital formation (% of GDP)","NE.GDI.FTOT.ZS","14.2311450167729","14.6228910849517","15.3582908414203","13.7896449690024","13.1055399944077","12.8246921503021","13.8505425943116","12.2581470393061","11.4565315730663",".."
Pakistan,"PAK","Foreign direct investment, net inflows (% of GDP)","BX.KLT.DINV.WD.GD.ZS","0.821349998064174","0.735837049658425","0.487745750658143","0.696146480411465","0.684695289874347","0.616039439073827","0.389980753542853","0.608281270820624","0.7166886452434",".."
Pakistan,"PAK","Domestic credit to private sector (% of GDP)","FS.AST.PRVT.GD.ZS","14.6822491291274","15.3138129313571","16.6323511145142","15.6879858068791","15.0331201291201","15.3401397751102","14.8383242381905","12.0203955111754","11.4660816136427",".."
Pakistan,"PAK","Real interest rate (%)","FR.INR.RINR","7.76126513302726","4.01832568832305","4.51556820489702","2.93179330274519","0.739692508004723","-1.45225942307802","..","..","..",".."
Pakistan,"PAK","Market capitalization of listed domestic companies (% of GDP)","CM.MKT.LCAP.GD.ZS","..","..","15.5852626074334","15.7558109966212","16.735760320321","12.3657220726544","7.65928068341595","9.5803617025868","14.0144844801801",".."
Pakistan,"PAK","Stocks traded, total value (% of GDP)","CM.MKT.TRAD.GD.ZS","..","..","..","..","6.42189925542269","5.98543574687723","2.03194643554407","2.60784853210361","5.33731463614599",".."
Pakistan,"PAK","Secure Internet servers (per 1 million people)","IT.NET.SECR.P6","29.2906020154033","107.146392037725","102.062808291507","58.7042774040494","69.3313997760681","65.7388698838102","116.150687433285","113.359557368847","109.651337877655",".."
Pakistan,"PAK","Fixed broadband subscriptions (per 100 people)","IT.NET.BBND.P2","1.13034740811719","1.03818686573522","0.952870734503035","0.881514330669917","1.03954036154268","1.23144065449307","1.28371909626329","1.35622425766449","1.46559368502535",".."
Pakistan,"PAK","ICT goods imports (% total goods imports)","TM.VAL.ICTG.ZS.UN","4.95","4.69","3.93","4.75","6.5","5.53","..","..","..",".."
Pakistan,"PAK","Individuals using the Internet (% of population)","IT.NET.USER.ZS","12.385446763381","13.77999973","15.34000015","17.070901719916","18.935","..","..","..","57.253",".."
Pakistan,"PAK","School enrollment, tertiary (% gross)","SE.TER.ENRR","8.31973903550878","8.62228080260493","8.20683057963381","11.103638528678","11.7245978752314","12.3810012807012","10.5057175294292","10.4770304814137","10.8564126844434",".."
Pakistan,"PAK","Research and development expenditure (% of GDP)","GB.XPD.RSDV.GD.ZS","..","0.21214","..","0.17475","..","0.16431","..","0.16399","..",".."
Pakistan,"PAK","High-technology exports (% of manufactured exports)","TX.VAL.TECH.MF.ZS","1.95739155772638","2.1763687688896","2.16975284245381","2.30269691786268","1.88781249603383","1.48848823606751","1.4322563541998","1.90280938998427","2.43815248015808",".."
Pakistan,"PAK","GDP per person employed (constant 2021 PPP $)","SL.GDP.PCAP.EM.KD","15772.201408119","16463.8219495257","17412.9197073309","17420.0006655639","17040.1047281479","17411.9769187741","17760.8001983589","17341.1659598529","17573.0295227702",".."
Palau,"PLW","GDP growth (annual %)","NY.GDP.MKTP.KD.ZG","1.32685546630708","-2.98950254798218","-1.24390713667657","-0.362028649856498","-6.87233152299699","-13.2600319305925","1.51267904038146","2.21599800170485","..",".."
Palau,"PLW","Inflation, consumer prices (annual %)","FP.CPI.TOTL.ZG","-1.04230533415074","1.4179881966692","2.10970464135017","0.26737967914444","0.218181818181833","2.6124818577648","12.3526638378124","12.8199748216534","2.23172772921704",".."
Palau,"PLW","Gross fixed capital formation (% of GDP)","NE.GDI.FTOT.ZS","29.4145812918011","32.2122138800026","28.7910598879109","34.6306057966903","42.5894946582565","37.6264310672055","43.0028466590242","35.2985485535988","..",".."
Palau,"PLW","Foreign direct investment, net inflows (% of GDP)","BX.KLT.DINV.WD.GD.ZS","21.1832490924774","16.3409996213357","17.6226702821727","16.1437355339995","16.8364291162843","13.8676926455966","30.4991067893894","28.8707822649542","..",".."
Palau,"PLW","Domestic credit to private sector (% of GDP)","FS.AST.PRVT.GD.ZS","..","..","..","..","..","..","..","..","..",".."
Palau,"PLW","Real interest rate (%)","FR.INR.RINR","..","..","..","..","..","..","..","..","..",".."
Palau,"PLW","Market capitalization of listed domestic companies (% of GDP)","CM.MKT.LCAP.GD.ZS","..","..","..","..","..","..","..","..","..",".."
Palau,"PLW","Stocks traded, total value (% of GDP)","CM.MKT.TRAD.GD.ZS","..","..","..","..","..","..","..","..","..",".."
Palau,"PLW","Secure Internet servers (per 1 million people)","IT.NET.SECR.P6","168.567736135304","224.56770716371","842.034355001684","730.419148218901","955.485611510791","1068.43614688185","1407.73692212399","1353.86698256896","1469.3416219271",".."
Palau,"PLW","Fixed broadband subscriptions (per 100 people)","IT.NET.BBND.P2","..","..","..","..","..","..","6.993637029112","7.33344615558188","..",".."
Palau,"PLW","ICT goods imports (% total goods imports)","TM.VAL.ICTG.ZS.UN","2.93","3.13","3.12","..","..","..","..","..","..",".."
Palau,"PLW","Individuals using the Internet (% of population)","IT.NET.USER.ZS","..","..","..","..","..","..","82.56749725","82.91629791","83.92549896",".."
Palau,"PLW","School enrollment, tertiary (% gross)","SE.TER.ENRR","..","..","..","..","..","..","51.5274949083503","41.130604288499","71.8428437792329",".."
Palau,"PLW","Research and development expenditure (% of GDP)","GB.XPD.RSDV.GD.ZS","..","..","..","..","..","..","..","..","..",".."
Palau,"PLW","High-technology exports (% of manufactured exports)","TX.VAL.TECH.MF.ZS","60.4568609589853","26.8276804498919","51.6836869301107","..","..","..","..","..","..",".."
Palau,"PLW","GDP per person employed (constant 2021 PPP $)","SL.GDP.PCAP.EM.KD","..","..","..","..","..","..","..","..","..",".."
Panama,"PAN","GDP growth (annual %)","NY.GDP.MKTP.KD.ZG","4.57196696307969","5.74405946988693","3.9181980847881","3.10306793272473","-17.8212299459324","16.4671248604202","11.0385475261766","7.16632946099945","2.74788545546916",".."
Panama,"PAN","Inflation, consumer prices (annual %)","FP.CPI.TOTL.ZG","0.739734025300033","0.875585918759878","0.761578359399944","-0.355083821021245","-1.5502754080376","1.63070337301898","2.85965128834711","1.48641355277038","0.693225551004538",".."
Panama,"PAN","Gross fixed capital formation (% of GDP)","NE.GDI.FTOT.ZS","38.3159879079281","39.3362734798723","38.6745568505013","37.0465789749588","23.6652206405949","27.4342663032168","29.6065588665404","31.9188857757452","31.3963315060588",".."
Panama,"PAN","Foreign direct investment, net inflows (% of GDP)","BX.KLT.DINV.WD.GD.ZS","8.78226076869208","6.34573158684694","6.3940456399755","6.7135041995988","-2.85980025111741","2.71982266254139","3.2250848191713","2.84826789984183","3.74510335231647",".."
Panama,"PAN","Domestic credit to private sector (% of GDP)","FS.AST.PRVT.GD.ZS","84.1908718346007","84.4380104002795","83.9514799603357","83.3265567540137","100.153891512579","..","..","..","..",".."
Panama,"PAN","Real interest rate (%)","FR.INR.RINR","4.02418318797068","4.8837190025176","6.13925509575316","6.51656730025748","7.54031995457435","5.44450327810281","4.61035292217228","..","..",".."
Panama,"PAN","Market capitalization of listed domestic companies (% of GDP)","CM.MKT.LCAP.GD.ZS","22.6970801474641","23.3549662270074","23.2450241752404","24.7553019967456","24.4277733813042","22.9356192893697","20.4342862531376","24.2852602234873","21.136342099364",".."
Panama,"PAN","Stocks traded, total value (% of GDP)","CM.MKT.TRAD.GD.ZS","..","..","0.479184357616554","0.536407869479094","0.368262469687336","1.01395634779228","0.822693151242105","0.51015273232566","0.489101520834966",".."
Panama,"PAN","Secure Internet servers (per 1 million people)","IT.NET.SECR.P6","511.282211399806","2155.55783811822","2146.18533252077","1898.36352043828","1483.95357282029","1548.53230021137","2231.65339361971","2621.1329206176","2234.48741988012",".."
Panama,"PAN","Fixed broadband subscriptions (per 100 people)","IT.NET.BBND.P2","10.6706831276374","10.76346760088","12.9615678069801","12.648617375493","13.8346818420776","14.8381106018887","16.3861439797054","18.1341265585334","..",".."
Panama,"PAN","ICT goods imports (% total goods imports)","TM.VAL.ICTG.ZS.UN","6.92","7.8","7.24","8.68","11.49","5.17","3.99","..","..",".."
Panama,"PAN","Individuals using the Internet (% of population)","IT.NET.USER.ZS","54","59.9506309038683","61.8055313202468","63.6284147731451","64.82430267","66.04270172","67.2838974","68.54851592","72.77149963",".."
Panama,"PAN","School enrollment, tertiary (% gross)","SE.TER.ENRR","48.3799959758914","..","..","..","44.9372948646286","52.7147829654218","57.8162831217614","53.6949637061742","..",".."
Panama,"PAN","Research and development expenditure (% of GDP)","GB.XPD.RSDV.GD.ZS","0.12829","0.13083","0.13355","0.13613","0.23246","0.17691","0.18302","0.15803","0.19708",".."
Panama,"PAN","High-technology exports (% of manufactured exports)","TX.VAL.TECH.MF.ZS","1.15654400726274","0.294864160259367","0.1253387935194","0.295190561101589","0.743662485653838","0.260062226704829","0.233624548388428","1.00049164015675","1.7673082163249",".."
Panama,"PAN","GDP per person employed (constant 2021 PPP $)","SL.GDP.PCAP.EM.KD","67423.3391362383","70613.0406492108","69934.9604316807","70487.5987245477","64448.6117235598","74146.6291702704","74857.4164997607","78854.4510112883","79813.3036916832",".."
Papua New Guinea,"PNG","GDP growth (annual %)","NY.GDP.MKTP.KD.ZG","5.48957315278187","3.53461081750459","-0.279252284959952","4.48051456942582","-3.16743204434815","-0.511353418578196","5.70758404238197","3.81088622906051","3.79979560086888",".."
Papua New Guinea,"PNG","Inflation, consumer prices (annual %)","FP.CPI.TOTL.ZG","6.6737288135593","5.42204568023834","4.37448921453162","3.92867290939597","4.87167398565555","4.48359014042398","5.25323922215241","2.29869991296791","0.602403921107917",".."
Papua New Guinea,"PNG","Gross fixed capital formation (% of GDP)","NE.GDI.FTOT.ZS","..","..","..","..","..","..","..","..","..",".."
Papua New Guinea,"PNG","Foreign direct investment, net inflows (% of GDP)","BX.KLT.DINV.WD.GD.ZS","-0.188417025477419","-0.788236305745218","1.27185526445477","1.35581279394242","0.473794497066331","-0.131822921345615","3.76981381554657","0.140519776766319","-0.6236311790975",".."
Papua New Guinea,"PNG","Domestic credit to private sector (% of GDP)","FS.AST.PRVT.GD.ZS","22.1193452819282","19.3527551663392","18.7432134166838","18.054669417934","18.8149812506172","17.409571816553","15.0426900505059","16.5136790781866","15.7829445389739",".."
Papua New Guinea,"PNG","Real interest rate (%)","FR.INR.RINR","5.71297677704802","0.639555495412994","-0.658125153410451","7.50880873316245","5.96877717477725","-3.54205898741302","-6.11845574921848","13.298330007731","1.48721431368569",".."
Papua New Guinea,"PNG","Market capitalization of listed domestic companies (% of GDP)","CM.MKT.LCAP.GD.ZS","7.9153607574728","7.39393327841189","..","..","..","..","..","..","..",".."
Papua New Guinea,"PNG","Stocks traded, total value (% of GDP)","CM.MKT.TRAD.GD.ZS","0.30757925944511","0.00395731392533849","..","..","..","..","..","..","..",".."
Papua New Guinea,"PNG","Secure Internet servers (per 1 million people)","IT.NET.SECR.P6","13.7250469162274","28.5443037009324","45.6649535744961","51.8263588028319","..","85.3898812091926","83.6994859146212","86.3360454914922","88.1198717685677",".."
Papua New Guinea,"PNG","Fixed broadband subscriptions (per 100 people)","IT.NET.BBND.P2","0.189695770386883","0.196105903288849","..","0.208137987159968","0.213941966305974","0.209729532794508","0.214639196900492","0.228111959659795","0.232591077844073",".."
Papua New Guinea,"PNG","ICT goods imports (% total goods imports)","TM.VAL.ICTG.ZS.UN","..","..","..","..","..","..","..","..","..",".."
Papua New Guinea,"PNG","Individuals using the Internet (% of population)","IT.NET.USER.ZS","9.601499557","11.20919991","12.35789967","13.62419987","15.02040005","16.55960083","18.25659943","18.56130028","18.81159973",".."
Papua New Guinea,"PNG","School enrollment, tertiary (% gross)","SE.TER.ENRR","..","..","..","..","..","..","..","..","..",".."
Papua New Guinea,"PNG","Research and development expenditure (% of GDP)","GB.XPD.RSDV.GD.ZS","0.03158","..","..","..","..","..","..","..","..",".."
Papua New Guinea,"PNG","High-technology exports (% of manufactured exports)","TX.VAL.TECH.MF.ZS","..","..","..","29.8156573322952","44.7984045910059","40.0540621623383","11.9718029373386","10.2480784684723","..",".."
Papua New Guinea,"PNG","GDP per person employed (constant 2021 PPP $)","SL.GDP.PCAP.EM.KD","13658.7502492662","13668.3004624739","13155.174296003","13293.8515172271","12609.0294006445","12100.3966670745","12377.0407470354","12560.3438942389","12741.9733547895",".."
Paraguay,"PRY","GDP growth (annual %)","NY.GDP.MKTP.KD.ZG","4.26802583314358","4.81007885552178","3.20425034080199","-0.401855100701937","-0.819785390945569","4.01673731776404","0.176038366149214","4.9992279112746","4.24996010464072",".."
Paraguay,"PRY","Inflation, consumer prices (annual %)","FP.CPI.TOTL.ZG","4.08682280577241","3.60247741348943","3.97561015740694","2.75709727562775","1.76751592356698","4.787983101236","9.76556667164402","4.63202285403356","3.83540271728533",".."
Paraguay,"PRY","Gross fixed capital formation (% of GDP)","NE.GDI.FTOT.ZS","19.0796183746636","19.1922400182251","19.9488227837632","18.7092695745689","19.8824316422635","22.9347908381489","22.1197175470021","20.6420379522522","20.9667292353666",".."
Paraguay,"PRY","Foreign direct investment, net inflows (% of GDP)","BX.KLT.DINV.WD.GD.ZS","2.27032682691763","1.9468132140751","0.787454987833137","1.28022785728015","0.816723740272366","1.46195175389463","2.03844719825164","2.57834141880415","2.46843780233781",".."
Paraguay,"PRY","Domestic credit to private sector (% of GDP)","FS.AST.PRVT.GD.ZS","41.3557191307979","41.0753441198312","44.5121924181158","47.6522798387756","50.6445339195476","49.4128286155417","50.958351378503","52.2331541884677","57.389211690179",".."
Paraguay,"PRY","Real interest rate (%)","FR.INR.RINR","13.3865990752067","14.5093886137229","13.4929626363383","12.0533260672502","11.0890000854079","3.74521256188977","..","..","..",".."
Paraguay,"PRY","Market capitalization of listed domestic companies (% of GDP)","CM.MKT.LCAP.GD.ZS","..","..","..","..","..","..","..","..","..",".."
Paraguay,"PRY","Stocks traded, total value (% of GDP)","CM.MKT.TRAD.GD.ZS","..","..","..","..","..","..","..","..","..",".."
Paraguay,"PRY","Secure Internet servers (per 1 million people)","IT.NET.SECR.P6","66.8893538072364","202.408710989389","268.849743176926","376.665871585487","513.4969749713","625.057785679684","626.584210787899","643.177395689689","775.275131029723",".."
Paraguay,"PRY","Fixed broadband subscriptions (per 100 people)","IT.NET.BBND.P2","3.94711196413706","4.57926438711021","4.989589851669","6.32666662368931","8.5159180276507","10.8118689766377","11.1527995711537","12.8835504093571","..",".."
Paraguay,"PRY","ICT goods imports (% total goods imports)","TM.VAL.ICTG.ZS.UN","15.39","17.77","15.56","20.53","16.21","14.67","13.59","..","..",".."
Paraguay,"PRY","Individuals using the Internet (% of population)","IT.NET.USER.ZS","53.4041274791009","61.0757562215797","64.9935430235756","68.5176284222264","73.95751114","77.01838621","76.25916611","78.09481878","81.57806793",".."
Paraguay,"PRY","School enrollment, tertiary (% gross)","SE.TER.ENRR","..","..","..","..","..","..","..","..","..",".."
Paraguay,"PRY","Research and development expenditure (% of GDP)","GB.XPD.RSDV.GD.ZS","0.11676","0.14888","0.14684","0.13751","0.15697","0.14398","0.11944","0.14117","..",".."
Paraguay,"PRY","High-technology exports (% of manufactured exports)","TX.VAL.TECH.MF.ZS","7.63626798600085","6.43135601964578","9.73585990716157","7.18301132925583","5.14832153749358","7.42054598468191","10.5619939338891","9.96565594921736","10.5004049492786",".."
Paraguay,"PRY","GDP per person employed (constant 2021 PPP $)","SL.GDP.PCAP.EM.KD","31894.7551360629","32660.9700833627","32801.5005449352","32048.6859849236","32634.5589556442","32561.0651307712","32622.4801856147","33339.9264991704","34432.3910403788",".."
Peru,"PER","GDP growth (annual %)","NY.GDP.MKTP.KD.ZG","3.95331871520767","2.51883544233135","3.969351341365","2.24063176875049","-10.9333065010382","13.3626240903125","2.8090335533015","-0.403242151494268","3.30394098171516",".."
Peru,"PER","Inflation, consumer prices (annual %)","FP.CPI.TOTL.ZG","3.55717663556279","2.99490045809443","1.50915423024742","2.25212191358027","2.00241205759292","4.27166381536798","8.33370630096231","6.45561348369586","2.00770739412712",".."
Peru,"PER","Gross fixed capital formation (% of GDP)","NE.GDI.FTOT.ZS","21.4469450397426","20.607596923788","20.9232518849407","20.9715689568285","19.9414702059197","23.0905598549895","23.2810854227906","21.1939202378916","20.7786009172227",".."
Peru,"PER","Foreign direct investment, net inflows (% of GDP)","BX.KLT.DINV.WD.GD.ZS","3.54628188735842","3.5133314939664","2.63824619479376","2.09128983397663","0.329387076302566","3.15570902335973","4.55221582089149","1.62534746680837","2.35092628744149",".."
Peru,"PER","Domestic credit to private sector (% of GDP)","FS.AST.PRVT.GD.ZS","42.8090253456419","42.4146143080756","43.9039424432995","44.7242368945336","55.3124099083207","47.1314277768001","45.6681929864133","43.1206589109506","39.9652274988428",".."
Peru,"PER","Real interest rate (%)","FR.INR.RINR","12.9852567811511","12.7122035671679","11.9886777000573","12.2832644568721","8.888580606911","0.832240862309597","7.73476381927593","..","..",".."
Peru,"PER","Market capitalization of listed domestic companies (% of GDP)","CM.MKT.LCAP.GD.ZS","42.2562660609831","47.0209506205012","41.9526570053199","43.3399128506845","43.2412799719185","34.4745527581514","28.9820838854823","31.8286661448181","28.4196149643503",".."
Peru,"PER","Stocks traded, total value (% of GDP)","CM.MKT.TRAD.GD.ZS","1.40452871140156","3.00390829051856","1.00134319082325","0.69780068759974","1.04891673787602","0.935585888229394","0.567454438364279","0.269775790706261","1.32239608643549",".."
Peru,"PER","Secure Internet servers (per 1 million people)","IT.NET.SECR.P6","72.667793109253","219.411959985362","258.075972148862","385.370372978427","457.388853518905","597.239427984452","701.589027752228","749.75734671937","826.790743824685",".."
Peru,"PER","Fixed broadband subscriptions (per 100 people)","IT.NET.BBND.P2","6.87075765715407","7.37507987722252","8.09510839441633","7.38778580236377","8.41186520281526","9.05771410333768","9.45023631953673","10.4364266723222","11.6788671222106",".."
Peru,"PER","ICT goods imports (% total goods imports)","TM.VAL.ICTG.ZS.UN","9.69","8.86","8.31","8.33","9.26","8.77","..","..","..",".."
Peru,"PER","Individuals using the Internet (% of population)","IT.NET.USER.ZS","45.4617406869459","50.4504121848143","55.0543342443197","59.9505036049006","65.25179796","71.10782643","74.67495213","79.48484477","81.95705992",".."
Peru,"PER","School enrollment, tertiary (% gross)","SE.TER.ENRR","73.2223205566406","71.2404708862305","..","..","..","..","..","..","..",".."
Peru,"PER","Research and development expenditure (% of GDP)","GB.XPD.RSDV.GD.ZS","0.12008","0.12085","0.12683","0.15696","0.17229","0.13754","0.16206","0.17611","..",".."
Peru,"PER","High-technology exports (% of manufactured exports)","TX.VAL.TECH.MF.ZS","4.79971259913924","5.12232328639173","4.68019992138913","4.07500438789898","4.79483390340119","4.46164505002167","4.58946616439539","5.01572012821525","5.21372377596414",".."
Peru,"PER","GDP per person employed (constant 2021 PPP $)","SL.GDP.PCAP.EM.KD","28238.2276063213","27778.8029554607","28058.8626972207","27921.3330115687","28555.7457858585","29901.9512596231","29015.899763385","29314.091082651","29844.4641940749",".."
Philippines,"PHL","GDP growth (annual %)","NY.GDP.MKTP.KD.ZG","7.14945675000752","6.9309883258402","6.34148557153473","6.11852566221303","-9.51829474045297","5.71473313185116","7.58098212785563","5.51894967862863","5.69201612823412",".."
Philippines,"PHL","Inflation, consumer prices (annual %)","FP.CPI.TOTL.ZG","1.25369880080982","2.85318772590947","5.30934661627707","2.39206534422404","2.3931623931624","3.92718022100332","5.82115811213955","5.97802515541409","3.21260487006347",".."
Philippines,"PHL","Gross fixed capital formation (% of GDP)","NE.GDI.FTOT.ZS","24.9966239249849","25.6429281897957","27.2832990018419","27.1551252131171","21.3022620640381","22.2792795935159","23.3459667681696","23.6345055805271","23.5705070697968",".."
Philippines,"PHL","Foreign direct investment, net inflows (% of GDP)","BX.KLT.DINV.WD.GD.ZS","2.59850803494211","3.12238778404896","2.86833826070497","2.30117498598294","1.88586363211171","3.04078855310045","2.3475097233369","2.0421035482067","2.03595540906242",".."
Philippines,"PHL","Domestic credit to private sector (% of GDP)","FS.AST.PRVT.GD.ZS","42.8645179928199","45.6051977878358","47.5627907969006","47.9736686643137","52.0356914003601","49.9413249106511","48.8730299164324","48.3110407108783","49.850790642457",".."
Philippines,"PHL","Real interest rate (%)","FR.INR.RINR","4.30655097833464","3.2319992694047","2.29210640379307","6.35446159033897","..","..","..","..","..",".."
Philippines,"PHL","Market capitalization of listed domestic companies (% of GDP)","CM.MKT.LCAP.GD.ZS","75.2409695225553","88.4074429528496","74.4499417575396","73.0757984678588","75.4082726288147","72.426392998245","59.0031215105936","54.102065105722","54.5534808934638",".."
Philippines,"PHL","Stocks traded, total value (% of GDP)","CM.MKT.TRAD.GD.ZS","11.2518434558458","10.2911656424778","8.42281174432623","7.95986921772048","9.04988426757599","9.09566853750788","6.44431627353046","4.82849062785274","4.72643899714438",".."
Philippines,"PHL","Secure Internet servers (per 1 million people)","IT.NET.SECR.P6","39.3682643389511","85.4515929859327","90.4670354538969","108.614542943099","111.026585139154","133.650513103559","100.189236390773","305.497725722229","131.556605552984",".."
Philippines,"PHL","Fixed broadband subscriptions (per 100 people)","IT.NET.BBND.P2","2.79705053563184","3.14400726239576","3.46090446005956","5.69730703529922","7.08108894988907","8.50897715713263","7.63946525096298","6.5393085505183","7.13893301204977",".."
Philippines,"PHL","ICT goods imports (% total goods imports)","TM.VAL.ICTG.ZS.UN","23.98","19.76","22.06","21","24.56","21.75","19.37","..","..",".."
Philippines,"PHL","Individuals using the Internet (% of population)","IT.NET.USER.ZS","39.20000076","41.59999847","44.09999847","43.0266118680279","53.76490021","66.90779877","75.21114422","77.86699677","67.26300914",".."
Philippines,"PHL","School enrollment, tertiary (% gross)","SE.TER.ENRR","38.3447414525513","33.6841018682349","28.1166228592308","30.0548680110365","31.6317598507085","33.6166173848126","38.4011392706768","44.2394203278519","47.4134996154186",".."
Philippines,"PHL","Research and development expenditure (% of GDP)","GB.XPD.RSDV.GD.ZS","..","..","0.32222","0.25926","0.27625","..","..","..","..",".."
Philippines,"PHL","High-technology exports (% of manufactured exports)","TX.VAL.TECH.MF.ZS","..","60.3176340363727","61.3459931361948","62.2466747019023","67.0450915850689","64.2254083346106","66.6110921963778","63.977928897569","60.975307025875",".."
Philippines,"PHL","GDP per person employed (constant 2021 PPP $)","SL.GDP.PCAP.EM.KD","20231.5517324942","22012.7681484427","22946.5606688191","23665.958018796","22857.1677303125","23200.7138914669","22362.2718653738","23081.7179928724","23954.4877697314",".."
Poland,"POL","GDP growth (annual %)","NY.GDP.MKTP.KD.ZG","3.03117767594847","5.15245773325907","6.2458584723942","4.58045817256199","-2.03556882399977","6.92718266052501","5.25545697386036","0.249610834017872","3.02841630700273",".."
Poland,"POL","Inflation, consumer prices (annual %)","FP.CPI.TOTL.ZG","-0.664767331433962","2.07593553673859","1.81295156542689","2.22747880938291","3.37446972618589","5.05502704719272","14.4294507575758","11.5289127961105","3.79060897630197",".."
Poland,"POL","Gross fixed capital formation (% of GDP)","NE.GDI.FTOT.ZS","18.3470170850393","17.4740439375091","18.7557477298941","19.1456176918134","18.3974922436708","16.9279336078133","16.4361707273812","17.9012869831235","17.0407167835613",".."
Poland,"POL","Foreign direct investment, net inflows (% of GDP)","BX.KLT.DINV.WD.GD.ZS","3.81608753667806","2.37812836572029","3.34803923662527","3.15455649244208","3.31499059495462","5.44306737738578","6.00626096603428","4.38918673390545","2.24523191798779",".."
Poland,"POL","Domestic credit to private sector (% of GDP)","FS.AST.PRVT.GD.ZS","54.3456987288045","52.27429793934","51.8969895049653","50.2277295457207","49.2665185159479","45.7278891219221","39.3159295032007","34.7075227346327","33.5857900188097",".."
Poland,"POL","Real interest rate (%)","FR.INR.RINR","..","..","..","..","..","..","..","..","..",".."
Poland,"POL","Market capitalization of listed domestic companies (% of GDP)","CM.MKT.LCAP.GD.ZS","29.3054989683132","38.1168439604765","26.9892560054462","25.1572827261554","29.2959182827784","28.6415476491829","21.2270923160449","26.0513901290806","21.505147512711",".."
Poland,"POL","Stocks traded, total value (% of GDP)","CM.MKT.TRAD.GD.ZS","9.64366497162152","12.8704524643057","9.20730298438006","8.3616620351143","13.7706402623362","11.3887391688734","9.43413386826126","8.59717858349467","8.83830107406669",".."
Poland,"POL","Secure Internet servers (per 1 million people)","IT.NET.SECR.P6","2492.48836327396","6534.93448528243","16227.0719359574","20606.063798754","25438.6771123423","31394.3768568545","34772.62853538","37340.960521191","41131.8530670488",".."
Poland,"POL","Fixed broadband subscriptions (per 100 people)","IT.NET.BBND.P2","19.1513139299534","19.9531726069815","20.5313862679212","20.5043205670712","21.9255858346119","22.8165643900514","23.8373449056172","24.526154479274","25.3612522999634",".."
Poland,"POL","ICT goods imports (% total goods imports)","TM.VAL.ICTG.ZS.UN","9.24","9.06","8.52","8.35","10.11","9.33","6.34","..","..",".."
Poland,"POL","Individuals using the Internet (% of population)","IT.NET.USER.ZS","73.3007040962669","75.9853659493832","77.5417345350006","80.4359068768673","83.18488715","85.37490906","86.94113479","86.414744","88.58496367",".."
Poland,"POL","School enrollment, tertiary (% gross)","SE.TER.ENRR","69.8503799438477","70.6174621582031","71.0217437744141","70.9065017700195","70.9730377197266","72.2060623168945","75.2911071777344","76.8794097900391","80.9149627685547",".."
Poland,"POL","Research and development expenditure (% of GDP)","GB.XPD.RSDV.GD.ZS","0.9616","1.03055","1.19426","1.3088","1.37128","1.41558","1.44162","1.55525","..",".."
Poland,"POL","High-technology exports (% of manufactured exports)","TX.VAL.TECH.MF.ZS","10.7154228014203","10.6673187252222","10.3950333891095","9.8529348361967","9.86616548997166","9.44556514280936","11.6325877772755","12.1223189735947","13.5099699026858",".."
Poland,"POL","GDP per person employed (constant 2021 PPP $)","SL.GDP.PCAP.EM.KD","71582.22163785","73986.8083913758","77897.1969973766","81204.2075383073","80578.3413437777","85539.6948432308","89476.1177076586","89294.8252387858","92967.9960366791",".."
Portugal,"PRT","GDP growth (annual %)","NY.GDP.MKTP.KD.ZG","2.00414129666575","3.31472008175986","2.94628343449202","2.74568432648596","-8.20463159324387","5.55875672070374","6.98584137580278","3.09997909018263","2.13967177177636",".."
Portugal,"PRT","Inflation, consumer prices (annual %)","FP.CPI.TOTL.ZG","0.607397074641719","1.36861411643472","0.993715683468326","0.338178410046034","-0.0124383299575305","1.26565719069044","7.83269124233323","4.31128191898672","2.41613187791884",".."
Portugal,"PRT","Gross fixed capital formation (% of GDP)","NE.GDI.FTOT.ZS","15.7267272276065","17.085659362742","17.8287896047353","18.4328254718014","19.4962993707914","20.5029780421601","20.5732413117937","20.4859520223246","20.4404295779662",".."
Portugal,"PRT","Foreign direct investment, net inflows (% of GDP)","BX.KLT.DINV.WD.GD.ZS","3.56282992803299","5.02041551787587","3.46584287446499","4.5038935303436","1.8141455418251","3.60836004516304","5.08368921917484","3.96325428743124","4.30503475485494",".."
Portugal,"PRT","Domestic credit to private sector (% of GDP)","FS.AST.PRVT.GD.ZS","111.328568595891","102.855290609028","97.0963051936704","93.35554945374","104.074185342131","98.848509456936","89.4563111808935","80.2271063662543","77.2131206543744",".."
Portugal,"PRT","Real interest rate (%)","FR.INR.RINR","..","..","..","..","..","..","..","..","..",".."
Portugal,"PRT","Market capitalization of listed domestic companies (% of GDP)","CM.MKT.LCAP.GD.ZS","27.7526498262106","34.224669578664","25.5825785281109","..","..","..","..","..","..",".."
Portugal,"PRT","Stocks traded, total value (% of GDP)","CM.MKT.TRAD.GD.ZS","..","..","..","..","..","..","..","..","..",".."
Portugal,"PRT","Secure Internet servers (per 1 million people)","IT.NET.SECR.P6","3180.29661074401","12464.7825791482","15977.3282734765","19150.5894803584","22178.9068183498","24123.9217277333","27622.7553426515","28927.204260395","28710.2532558007",".."
Portugal,"PRT","Fixed broadband subscriptions (per 100 people)","IT.NET.BBND.P2","32.6259001706105","34.6016066063915","36.6542819407724","38.3605751907072","40.1215406866329","41.5145728650954","42.937003513367","44.1107426914567","45.2439221846256",".."
Portugal,"PRT","ICT goods imports (% total goods imports)","TM.VAL.ICTG.ZS.UN","5.51","5.64","5.59","6.14","7.02","6.91","5.59","..","..",".."
Portugal,"PRT","Individuals using the Internet (% of population)","IT.NET.USER.ZS","70.423567088723","73.7912139515729","74.6609681487507","75.3463779408712","78.26166044","82.30902804","84.49690644","85.79012676","88.48704454",".."
Portugal,"PRT","School enrollment, tertiary (% gross)","SE.TER.ENRR","63.2387504577637","64.2040176391602","65.1127395629883","66.0920562744141","68.1568908691406","72.5122375488281","75.0714797973633","77.6778182983398","..",".."
Portugal,"PRT","Research and development expenditure (% of GDP)","GB.XPD.RSDV.GD.ZS","1.2815","1.32224","1.35078","1.39487","1.60979","1.66711","1.69051","1.69491","..",".."
Portugal,"PRT","High-technology exports (% of manufactured exports)","TX.VAL.TECH.MF.ZS","5.80540001054449","5.98812595371655","5.28353269409281","6.94181475443009","7.1147115711238","6.250331404512","6.99049160072585","6.71084167998399","6.77343918950435",".."
Portugal,"PRT","GDP per person employed (constant 2021 PPP $)","SL.GDP.PCAP.EM.KD","82073.6895284273","82138.0796484347","82674.5261538092","84215.3135133323","79272.1319271794","83953.005547779","87040.6167600584","87581.5032430006","88558.8139089388",".."
Puerto Rico (US),"PRI","GDP growth (annual %)","NY.GDP.MKTP.KD.ZG","-1.26369434781117","-2.88521838398481","-4.36142703162535","1.67546379498209","-4.1808743093346","0.385222719529239","2.95709565499587","0.731492105366186","3.17707554784896",".."
Puerto Rico (US),"PRI","Inflation, consumer prices (annual %)","FP.CPI.TOTL.ZG","..","..","..","..","..","..","..","..","..",".."
Puerto Rico (US),"PRI","Gross fixed capital formation (% of GDP)","NE.GDI.FTOT.ZS","7.95913614289123","7.98111082647384","15.4720621723269","15.3106165530257","10.3814666603317","12.4968757810547","13.4861217616785","13.808467264278","13.7477307166013",".."
Puerto Rico (US),"PRI","Foreign direct investment, net inflows (% of GDP)","BX.KLT.DINV.WD.GD.ZS","..","..","..","..","..","..","..","..","..",".."
Puerto Rico (US),"PRI","Domestic credit to private sector (% of GDP)","FS.AST.PRVT.GD.ZS","..","..","..","..","..","..","..","..","..",".."
Puerto Rico (US),"PRI","Real interest rate (%)","FR.INR.RINR","..","..","..","..","..","..","..","..","..",".."
Puerto Rico (US),"PRI","Market capitalization of listed domestic companies (% of GDP)","CM.MKT.LCAP.GD.ZS","..","..","..","..","..","..","..","..","..",".."
Puerto Rico (US),"PRI","Stocks traded, total value (% of GDP)","CM.MKT.TRAD.GD.ZS","..","..","..","..","..","..","..","..","..",".."
Puerto Rico (US),"PRI","Secure Internet servers (per 1 million people)","IT.NET.SECR.P6","410.868535859916","275.885361862792","373.477902810657","407.849235668732","444.906280187348","494.374156951075","502.773639755079","464.761757317579","471.077437451125",".."
Puerto Rico (US),"PRI","Fixed broadband subscriptions (per 100 people)","IT.NET.BBND.P2","19.7597646495635","19.5759687343003","18.5110763668107","18.5504198869353","20.438273950983","23.6440930650035","22.2824477131524","23.1595519217476","27.9891394865962",".."
Puerto Rico (US),"PRI","ICT goods imports (% total goods imports)","TM.VAL.ICTG.ZS.UN","..","..","..","..","..","..","..","..","..",".."
Puerto Rico (US),"PRI","Individuals using the Internet (% of population)","IT.NET.USER.ZS","68.6438071976518","68.7407731407209","70.8563997424362","77.7364393708352","..","84.78666399","87.29178106","..","..",".."
Puerto Rico (US),"PRI","School enrollment, tertiary (% gross)","SE.TER.ENRR","100.643406166336","100.739404309645","107.502380763432","95.6914950121196","88.4148538699338","88.5327447779272","82.0153279566474","77.9263575380698","..",".."
Puerto Rico (US),"PRI","Research and development expenditure (% of GDP)","GB.XPD.RSDV.GD.ZS","..","..","..","..","..","..","..","..","..",".."
Puerto Rico (US),"PRI","High-technology exports (% of manufactured exports)","TX.VAL.TECH.MF.ZS","..","..","..","..","..","..","..","..","..",".."
Puerto Rico (US),"PRI","GDP per person employed (constant 2021 PPP $)","SL.GDP.PCAP.EM.KD","147685.532773014","143588.820697313","137701.394500598","136906.865946745","129685.688241457","122346.458520756","122797.225662555","122557.090685707","124397.516255043",".."
Qatar,"QAT","GDP growth (annual %)","NY.GDP.MKTP.KD.ZG","3.06410503214877","-1.49756209084892","1.23483197031548","0.688255893930972","-3.55750284254954","1.62693587314129","4.18497018544697","1.53979117720789","2.35970586926597",".."
Qatar,"QAT","Inflation, consumer prices (annual %)","FP.CPI.TOTL.ZG","2.6765917009819","0.394878914083005","0.255815382724408","-0.666641124861147","-2.5403150300476","2.30446565742003","4.99527553740761","3.02764899198902","1.26734310292375",".."
Qatar,"QAT","Gross fixed capital formation (% of GDP)","NE.GDI.FTOT.ZS","..","..","..","..","..","..","..","..","..",".."
Qatar,"QAT","Foreign direct investment, net inflows (% of GDP)","BX.KLT.DINV.WD.GD.ZS","0.510044269018025","0.612038519716031","-1.19249557946474","-1.59472392179342","-1.68550654608129","-0.608353395238639","0.0322850595933247","-0.21820397647038","0.209965001654649",".."
Qatar,"QAT","Domestic credit to private sector (% of GDP)","FS.AST.PRVT.GD.ZS","79.760609083749","80.0816741444848","80.4367472352923","100.636054966417","138.85767457168","123.316526882953","101.083977869","115.736253465537","119.382843164292",".."
Qatar,"QAT","Real interest rate (%)","FR.INR.RINR","14.3010036806249","-2.86772698643374","-6.612932396535","9.93784738580425","22.5996153112488","-15.1999775686584","-16.9329897515394","17.2405728884152","7.76605359681768",".."
Qatar,"QAT","Market capitalization of listed domestic companies (% of GDP)","CM.MKT.LCAP.GD.ZS","102.037633976359","81.0743191774912","88.9340624569185","90.7463988336303","114.52947718859","101.984406954794","70.3863620915124","78.9440988213698","77.6978558248679",".."
Qatar,"QAT","Stocks traded, total value (% of GDP)","CM.MKT.TRAD.GD.ZS","12.4931647709093","11.3781965196652","10.3526565768574","7.56425238943788","16.0474503955043","17.2290384500745","18.5603378625659","15.8323569442847","13.3401844182152",".."
Qatar,"QAT","Secure Internet servers (per 1 million people)","IT.NET.SECR.P6","388.759010993846","429.331217446638","427.397786831188","468.041128498323","446.289888724577","532.154847878766","512.543967955841","449.542776593053","445.444117933167",".."
Qatar,"QAT","Fixed broadband subscriptions (per 100 people)","IT.NET.BBND.P2","9.7607422100415","9.47866948386398","9.7027244524186","10.1746618292654","10.5631961475008","11.0795735105944","12.6414412670206","11.641102863231","11.8175200751339",".."
Qatar,"QAT","ICT goods imports (% total goods imports)","TM.VAL.ICTG.ZS.UN","5.44","5.41","4.99","5.62","5.79","6.73","5.02","..","..",".."
Qatar,"QAT","Individuals using the Internet (% of population)","IT.NET.USER.ZS","95.1246621661148","97.3888491654164","99.6528491261175","99.6528042086389","99.65284913","99.65280151","98.03800201","98.15229797","98.08540344",".."
Qatar,"QAT","School enrollment, tertiary (% gross)","SE.TER.ENRR","14.8163562584538","16.7774362605473","17.4458250857575","21.0931416049405","23.7649212314763","31.2813974439236","35.0854901088778","38.2058906555176","43.0178909301758",".."
Qatar,"QAT","Research and development expenditure (% of GDP)","GB.XPD.RSDV.GD.ZS","..","..","0.53129","..","..","0.68058","..","..","..",".."
Qatar,"QAT","High-technology exports (% of manufactured exports)","TX.VAL.TECH.MF.ZS","0.00113290778731859","0.00550620221792489","1.80193719050782","0.00250385574432895","7.11180465191852","1.71940426411282","2.85969941273396","2.78003630297901","2.80655334313522",".."
Qatar,"QAT","GDP per person employed (constant 2021 PPP $)","SL.GDP.PCAP.EM.KD","159274.063073814","152662.133482135","152786.363015489","151626.363291597","140048.613671594","160400.020334241","154792.966891398","157134.573973452","149894.681825155",".."
Romania,"ROU","GDP growth (annual %)","NY.GDP.MKTP.KD.ZG","2.85993252302089","8.19547826641261","5.39452228185675","3.96028958497598","-3.59802546034757","5.58735072538869","4.18771305104109","2.25773416555121","0.916003764382594",".."
Romania,"ROU","Inflation, consumer prices (annual %)","FP.CPI.TOTL.ZG","-1.54479666813897","1.3390212110439","4.62548443137779","3.82785432599438","2.63107311184743","5.05232876096582","13.7954887432521","10.3971874764996","5.72140574354439",".."
Romania,"ROU","Gross fixed capital formation (% of GDP)","NE.GDI.FTOT.ZS","23.0378667704786","22.8776875524148","21.2109721093098","23.2590450793581","23.4616307778484","24.5030039238951","25.1239601854055","26.547940234961","25.2916623299005",".."
Romania,"ROU","Foreign direct investment, net inflows (% of GDP)","BX.KLT.DINV.WD.GD.ZS","3.37417569649644","2.8327307446025","3.03714660753952","2.94522918789332","1.43737355732839","4.12834531077957","3.88647349252643","2.50426860654842","1.87134949618788",".."
Romania,"ROU","Domestic credit to private sector (% of GDP)","FS.AST.PRVT.GD.ZS","28.5586243050561","26.6684604630278","25.6917391714929","24.71556311196","25.8547218167581","26.4890320985714","25.2220369814974","23.2502304421426","22.7281195412098",".."
Romania,"ROU","Real interest rate (%)","FR.INR.RINR","3.01037862400641","0.872621780869851","0.589692861347934","0.181905937491109","2.28548778370505","0.00921688871478798","-3.83233566095464","-2.69806519586844","-0.750528102539905",".."
Romania,"ROU","Market capitalization of listed domestic companies (% of GDP)","CM.MKT.LCAP.GD.ZS","9.75369202072756","11.2402920949258","8.62470197534713","10.4407610605119","10.1798204819082","11.3265987324414","9.81443356379376","13.7637956808282","12.3936028960711",".."
Romania,"ROU","Stocks traded, total value (% of GDP)","CM.MKT.TRAD.GD.ZS","0.928826675964272","1.11890994524087","1.00700840718611","0.817540985581448","1.17044565970389","0.761164014533032","0.82442592338006","0.903677280846373","0.788191853344674",".."
Romania,"ROU","Secure Internet servers (per 1 million people)","IT.NET.SECR.P6","3421.48444135896","12254.4025986391","15938.0958274045","19164.605923048","21374.339808723","23316.8405138798","24738.0607671931","26834.6013459271","27229.5998846093",".."
Romania,"ROU","Fixed broadband subscriptions (per 100 people)","IT.NET.BBND.P2","22.4982986593906","24.148941859633","25.9702175828069","27.060557570268","29.314080636148","31.6949603653045","33.2115600895132","34.6706189336505","35.7995871488999",".."
Romania,"ROU","ICT goods imports (% total goods imports)","TM.VAL.ICTG.ZS.UN","7.35","7.1","7.14","7.09","7.69","7.17","6.96","..","..",".."
Romania,"ROU","Individuals using the Internet (% of population)","IT.NET.USER.ZS","59.5039512852713","63.7472821822484","70.6812779273268","73.6574757545465","78.45526895","83.5904265","85.50309124","89.20335498","91.29048551",".."
Romania,"ROU","School enrollment, tertiary (% gross)","SE.TER.ENRR","49.911319732666","50.5108184814453","51.9943504333496","52.4439697265625","53.4911117553711","55.2656097412109","58.2390403747559","55.1682891845703","..",".."
Romania,"ROU","Research and development expenditure (% of GDP)","GB.XPD.RSDV.GD.ZS","0.48863","0.50693","0.49698","0.47491","0.46414","0.47108","0.46274","0.51656","..",".."
Romania,"ROU","High-technology exports (% of manufactured exports)","TX.VAL.TECH.MF.ZS","10.3924513925489","9.77959738479042","10.0771915943775","11.0725693077429","11.9370424850698","11.4879408346099","11.85733755602","12.6747408327123","13.4497511493721",".."
Romania,"ROU","GDP per person employed (constant 2021 PPP $)","SL.GDP.PCAP.EM.KD","74724.4573219631","79193.395002777","83437.5106456316","86737.342866306","85163.6751866498","90313.1500269015","94085.0715211553","97627.3549724657","98712.9629943353",".."
Russian Federation,"RUS","GDP growth (annual %)","NY.GDP.MKTP.KD.ZG","0.193690071260534","1.82579006401834","2.80724541059601","2.19807571335009","-2.65365450102773","5.86649177292595","-1.43588213859842","4.08252481259281","4.34437475491529",".."
Russian Federation,"RUS","Inflation, consumer prices (annual %)","FP.CPI.TOTL.ZG","7.04243725413707","3.68333072334495","2.87831382614981","4.47202631837903","3.38219796948068","6.69445891957612","13.7436797398232","5.86571931748967","8.43486410496723",".."
Russian Federation,"RUS","Gross fixed capital formation (% of GDP)","NE.GDI.FTOT.ZS","21.8812816748252","21.9821391240723","20.6544857247667","20.9023404249496","21.5599197830911","19.3152892296388","20.8474624269596","21.9994959753517","22.1329042728009",".."
Russian Federation,"RUS","Foreign direct investment, net inflows (% of GDP)","BX.KLT.DINV.WD.GD.ZS","2.54849998807899","1.81409297475419","0.530060790633169","1.88851731564914","0.634851184443604","2.21136527873962","-1.73680981421063","-0.484918766027148","-0.430126781944773",".."
Russian Federation,"RUS","Domestic credit to private sector (% of GDP)","FS.AST.PRVT.GD.ZS","53.1024738337766","52.0765975053134","51.2433106717876","52.5614289246344","59.5836264990744","54.6422447762479","..","..","..",".."
Russian Federation,"RUS","Real interest rate (%)","FR.INR.RINR","9.48435447263494","4.94560423099718","-1.02848259453332","5.31670923072755","5.8252621205664","-9.3292456683571","-5.6906885629701","3.35553421597221","7.15331133214266",".."
Russian Federation,"RUS","Market capitalization of listed domestic companies (% of GDP)","CM.MKT.LCAP.GD.ZS","48.7200957478332","39.602665063004","34.7617412564913","46.749301656053","46.530736489909","46.0231916726114","23.1323758966358","31.4016892224808","..",".."
Russian Federation,"RUS","Stocks traded, total value (% of GDP)","CM.MKT.TRAD.GD.ZS","10.9320100138311","9.24372630240822","8.87996469720593","10.6738969125498","18.5251092087428","17.8657868277063","8.83966261629049","10.3514987870398","..",".."
Russian Federation,"RUS","Secure Internet servers (per 1 million people)","IT.NET.SECR.P6","1158.54544060337","3521.68435067119","5157.77007439148","9269.6974453469","13239.9190367447","16210.0206428107","19939.0332294434","23603.5969263721","26130.0172319629",".."
Russian Federation,"RUS","Fixed broadband subscriptions (per 100 people)","IT.NET.BBND.P2","18.8797858276626","21.2763636749444","21.8962972283043","22.4233442134941","23.1557041794102","23.7409106485411","24.6345568628262","25.8238695549039","27.1333512124875",".."
Russian Federation,"RUS","ICT goods imports (% total goods imports)","TM.VAL.ICTG.ZS.UN","8.4","8.67","9.91","9.36","10.37","9.99","..","..","..",".."
Russian Federation,"RUS","Individuals using the Internet (% of population)","IT.NET.USER.ZS","73.091434617897","76.0081385339105","80.8647218726954","82.6421618670668","84.99466978","88.21384578","90.41799163","92.24496346","94.36495368",".."
Russian Federation,"RUS","School enrollment, tertiary (% gross)","SE.TER.ENRR","83.860044350614","81.7051021681418","81.5681115998523","80.9520697471091","57.2232854739754","54.9542479280814","53.9151941239211","93.7277679443359","60.3891235376867",".."
Russian Federation,"RUS","Research and development expenditure (% of GDP)","GB.XPD.RSDV.GD.ZS","1.10238","1.10967","0.99001","1.03531","1.09099","0.96602","0.91494","0.93518","0.93706",".."
Russian Federation,"RUS","High-technology exports (% of manufactured exports)","TX.VAL.TECH.MF.ZS","15.7901190501232","12.3246991949294","11.3552822642706","12.9053155381414","9.19363897787208","9.72984772707015","..","..","..",".."
Russian Federation,"RUS","GDP per person employed (constant 2021 PPP $)","SL.GDP.PCAP.EM.KD","72390.6562539164","73966.099193192","75874.1245554728","78207.377119296","77550.2399254312","80919.062823057","79314.0480990281","81675.9633924762","85015.1788238707",".."
Rwanda,"RWA","GDP growth (annual %)","NY.GDP.MKTP.KD.ZG","5.97074525431094","3.91817093628465","8.51646722592409","9.44738518613097","-3.37368746369782","10.8584320184896","8.16120720872912","8.24990302014558","8.89065529573114",".."
Rwanda,"RWA","Inflation, consumer prices (annual %)","FP.CPI.TOTL.ZG","7.17434301982009","8.27953672260832","-0.311210160390699","3.34787655037648","9.85039902274207","-0.391346748300791","17.6892095588153","19.789546746467","1.77029240198635",".."
Rwanda,"RWA","Gross fixed capital formation (% of GDP)","NE.GDI.FTOT.ZS","27.1363763441333","22.7136711423585","22.964640691504","26.9124313838905","25.3305724303759","26.6231523401523","24.5654000795313","26.6636127849857","29.1132831962602",".."
Rwanda,"RWA","Foreign direct investment, net inflows (% of GDP)","BX.KLT.DINV.WD.GD.ZS","3.21723490346275","2.96153582649288","3.79950138241727","2.54289979218123","1.49998346928248","2.10659286861252","2.29121488787355","3.19322395833009","4.02009319742237",".."
Rwanda,"RWA","Domestic credit to private sector (% of GDP)","FS.AST.PRVT.GD.ZS","20.4751724214641","20.5944112008927","21.3998848838406","21.4605470851456","25.0510689076079","25.3431515385739","22.8466317008821","22.3546156935488","22.6097052141568",".."
Rwanda,"RWA","Real interest rate (%)","FR.INR.RINR","11.6743123556092","8.32839190737934","17.656522610566","13.717350611345","9.02726772141586","12.8518758011187","0.495362461056007","3.67012650683346","11.8102747315579",".."
Rwanda,"RWA","Market capitalization of listed domestic companies (% of GDP)","CM.MKT.LCAP.GD.ZS","..","..","35.5518151542473","31.0573653681401","34.3376957180496","32.2467610481858","25.8683414790601","20.464043721007","19.3294215119713",".."
Rwanda,"RWA","Stocks traded, total value (% of GDP)","CM.MKT.TRAD.GD.ZS","..","..","0.142043324566722","0.0481191951805844","0.16050107225273","0.0503665243730323","0.125787004204832","0.038655506491767","0.307964508763167",".."
Rwanda,"RWA","Secure Internet servers (per 1 million people)","IT.NET.SECR.P6","12.5008568120818","17.9477891438003","35.954527852187","70.4440156752024","81.2041356401431","99.3615998490482","115.522418454871","129.134239484965","160.978445933022",".."
Rwanda,"RWA","Fixed broadband subscriptions (per 100 people)","IT.NET.BBND.P2","0.182235644842436","0.178494450936973","0.0600656822760033","0.0695438976971303","0.135352981978881","0.238872174708692","0.349951615372613","0.445556123195211","0.595648307197658",".."
Rwanda,"RWA","ICT goods imports (% total goods imports)","TM.VAL.ICTG.ZS.UN","8.16","6.31","7.35","5.25","5.08","5.32","4.03","..","..",".."
Rwanda,"RWA","Individuals using the Internet (% of population)","IT.NET.USER.ZS","14.63710022","17.2","19.16659927","21.3579998","23.8","24.4416008","28.01679993","28.80579948","31.70330048",".."
Rwanda,"RWA","School enrollment, tertiary (% gross)","SE.TER.ENRR","7.57807264441764","7.34488296090452","6.76094647714264","6.3142892660234","7.56709586345553","..","7.41325884733851","8.88624308383425","9.41173924647801",".."
Rwanda,"RWA","Research and development expenditure (% of GDP)","GB.XPD.RSDV.GD.ZS","0.64945","..","..","0.75853","..","..","..","0.78149","..",".."
Rwanda,"RWA","High-technology exports (% of manufactured exports)","TX.VAL.TECH.MF.ZS","13.5312841197923","2.66118423802865","2.58732381679454","10.7603832689793","7.55938643936416","5.10240802707913","4.78472979585672","..","..",".."
Rwanda,"RWA","GDP per person employed (constant 2021 PPP $)","SL.GDP.PCAP.EM.KD","7331.97330952888","7419.45099872865","7728.49339243518","8520.96882545312","7497.64717302617","9088.21778077699","9154.77624285661","8815.42514480089","9253.45364709056",".."
Samoa,"WSM","GDP growth (annual %)","NY.GDP.MKTP.KD.ZG","7.9838628784713","1.40628239971301","-0.609647103380141","4.45185891688691","-3.10864485863991","-5.04350521486909","2.26705055249026","15.2336106467304","4.74838445564714",".."
Samoa,"WSM","Inflation, consumer prices (annual %)","FP.CPI.TOTL.ZG","1.30471869303179","1.74989677484705","4.19745888663752","0.982326569888117","-1.56891247740895","3.13320473174494","10.9618822286844","7.92164684826777","2.17245530514377",".."
Samoa,"WSM","Gross fixed capital formation (% of GDP)","NE.GDI.FTOT.ZS","34.6136802621545","31.1668537469007","32.2891352630203","32.6226380271113","32.5792236882407","32.2325020553936","30.1713885872294","30.9162638361625","27.8166438870116",".."
Samoa,"WSM","Foreign direct investment, net inflows (% of GDP)","BX.KLT.DINV.WD.GD.ZS","0.298684612802242","1.04146807605773","1.90261035583233","-0.238656491573744","0.509397965194954","1.04090555935629","0.539647016745273","0.229294017897832","0.318181346491415",".."
Samoa,"WSM","Domestic credit to private sector (% of GDP)","FS.AST.PRVT.GD.ZS","75.6587264027233","77.6480471167447","81.5490928958181","83.2552204336508","87.0117425741679","94.8929662698081","88.9388105226728","74.148912316548","69.9439291757097",".."
Samoa,"WSM","Real interest rate (%)","FR.INR.RINR","6.69658805074628","8.43105450180022","7.76726514812698","7.31991929261315","7.3923947705346","9.29102015652666","5.60527757374429","1.3948398091454","0.00513289175024821",".."
Samoa,"WSM","Market capitalization of listed domestic companies (% of GDP)","CM.MKT.LCAP.GD.ZS","..","..","..","..","..","..","..","..","..",".."
Samoa,"WSM","Stocks traded, total value (% of GDP)","CM.MKT.TRAD.GD.ZS","..","..","..","..","..","..","..","..","..",".."
Samoa,"WSM","Secure Internet servers (per 1 million people)","IT.NET.SECR.P6","142.506842785468","282.355232091133","505.824204410787","443.321574983316","481.25920054354","575.360535880512","566.753847654708","618.472004910852","605.451818419496",".."
Samoa,"WSM","Fixed broadband subscriptions (per 100 people)","IT.NET.BBND.P2","1.06585290345407","0.823698366721028","0.815099575107668","0.806559252550291","0.798324085607519","0.791471566430753","0.87753935919651","..","..",".."
Samoa,"WSM","ICT goods imports (% total goods imports)","TM.VAL.ICTG.ZS.UN","4.62","3.38","3.61","4.1","..","3.19","..","..","..",".."
Samoa,"WSM","Individuals using the Internet (% of population)","IT.NET.USER.ZS","..","..","..","..","..","..","..","..","..",".."
Samoa,"WSM","School enrollment, tertiary (% gross)","SE.TER.ENRR","..","13.2596995097127","14.1633542972529","13.5792119039657","17.3303454643177","19.1409681560724","18.5508413272527","14.6106638814429","16.0263900756836",".."
Samoa,"WSM","Research and development expenditure (% of GDP)","GB.XPD.RSDV.GD.ZS","..","..","..","..","..","..","..","..","..",".."
Samoa,"WSM","High-technology exports (% of manufactured exports)","TX.VAL.TECH.MF.ZS","1.01847881441006","1.39458610918098","3.09527242378611","2.2790136566569","..","1.0752843011372","0.554369269246782","5.7420173193689","76.6700641079328",".."
Samoa,"WSM","GDP per person employed (constant 2021 PPP $)","SL.GDP.PCAP.EM.KD","22452.6172742326","22707.6148887568","23074.6155089565","24734.1680936417","24955.9099132034","24348.4069559009","25371.8478488941","29177.7069661946","30471.4771347013",".."
San Marino,"SMR","GDP growth (annual %)","NY.GDP.MKTP.KD.ZG","2.34440586055426","0.258265466328027","1.49390531817373","2.06568514732739","-6.64791081780605","13.8977895076234","7.89844145767604","0.401934896977224","..",".."
San Marino,"SMR","Inflation, consumer prices (annual %)","FP.CPI.TOTL.ZG","0.644075340346552","1.01413313194508","1.16333522293158","0.472651967352852","-0.133368898372915","1.61551411551421","5.32545321311365","5.93190858629403","1.24216507945569",".."
San Marino,"SMR","Gross fixed capital formation (% of GDP)","NE.GDI.FTOT.ZS","19.0242502909688","20.3554772829686","20.3410542435634","23.4772773995299","18.9617274954335","17.5169800796756","17.7937445026298","16.8828853665725","..",".."
San Marino,"SMR","Foreign direct investment, net inflows (% of GDP)","BX.KLT.DINV.WD.GD.ZS","..","..","..","..","..","6.75333409502216","3.92890134686182","-0.893347982047045","..",".."
San Marino,"SMR","Domestic credit to private sector (% of GDP)","FS.AST.PRVT.GD.ZS","..","..","..","..","..","..","..","..","..",".."
San Marino,"SMR","Real interest rate (%)","FR.INR.RINR","1.68300116180372","2.2833866057627","2.05633015435082","3.04307475534658","3.37769277189465","1.66029362398781","1.00950852819158","-1.60290148919748","..",".."
San Marino,"SMR","Market capitalization of listed domestic companies (% of GDP)","CM.MKT.LCAP.GD.ZS","..","..","..","..","..","..","..","..","..",".."
San Marino,"SMR","Stocks traded, total value (% of GDP)","CM.MKT.TRAD.GD.ZS","..","..","..","..","..","..","..","..","..",".."
San Marino,"SMR","Secure Internet servers (per 1 million people)","IT.NET.SECR.P6","4712.84855442434","18773.0968218773","57992.0050981982","73017.3383723278","94247.9148691401","37895.5973373818","37712.9314175678","32339.0431187242","36024.3694263767",".."
San Marino,"SMR","Fixed broadband subscriptions (per 100 people)","IT.NET.BBND.P2","35.127777289892","30.5427889929606","31.4460308725998","31.9770294058234","31.6373781241911","34.7101700798334","35.7876210032268","..","..",".."
San Marino,"SMR","ICT goods imports (% total goods imports)","TM.VAL.ICTG.ZS.UN","..","..","..","..","..","..","..","..","..",".."
San Marino,"SMR","Individuals using the Internet (% of population)","IT.NET.USER.ZS","55","60.18230057","..","67.85070038","77.94999695","81.66999817","97.32790375","97.33640289","97.35220337",".."
San Marino,"SMR","School enrollment, tertiary (% gross)","SE.TER.ENRR","..","..","45.421020282729","50.2355712603062","55.0960978450786","57.6704545454545","53.7988826815642","51.1357340720222","57.5487465181059",".."
San Marino,"SMR","Research and development expenditure (% of GDP)","GB.XPD.RSDV.GD.ZS","..","..","..","..","..","..","..","..","..",".."
San Marino,"SMR","High-technology exports (% of manufactured exports)","TX.VAL.TECH.MF.ZS","..","..","..","..","..","..","..","..","..",".."
San Marino,"SMR","GDP per person employed (constant 2021 PPP $)","SL.GDP.PCAP.EM.KD","..","..","..","..","..","..","..","..","..",".."
Sao Tome and Principe,"STP","GDP growth (annual %)","NY.GDP.MKTP.KD.ZG","5.17682468684113","4.11297966281954","4.37812808264972","2.01431672129407","2.62485949543812","1.89929891337832","0.168698492216564","0.372252775001456","1.09999940100751",".."
Sao Tome and Principe,"STP","Inflation, consumer prices (annual %)","FP.CPI.TOTL.ZG","5.43051966119156","5.6902961992902","7.86859628873909","7.72024525213248","9.81932791540146","8.13777038378732","18.0056351122841","21.2589138473","14.3519273571008",".."
Sao Tome and Principe,"STP","Gross fixed capital formation (% of GDP)","NE.GDI.FTOT.ZS","..","..","..","..","..","..","..","..","..",".."
Sao Tome and Principe,"STP","Foreign direct investment, net inflows (% of GDP)","BX.KLT.DINV.WD.GD.ZS","7.98279155418215","10.6236604862763","6.17598418618007","5.85791781434652","9.99771582880853","11.250926099997","10.2819916432401","-3.73659884967941","-2.02904327860989",".."
Sao Tome and Principe,"STP","Domestic credit to private sector (% of GDP)","FS.AST.PRVT.GD.ZS","31.4994056021872","29.4387086522031","24.7710907623132","22.4900353352698","19.8916048546394","17.688068697072","12.8517556324548","7.81631512865351","..",".."
Sao Tome and Principe,"STP","Real interest rate (%)","FR.INR.RINR","11.7058588629551","14.9235627408156","10.0569194152027","7.00821885926806","8.74845910044102","12.6679354868288","1.83413870367723","-4.79367923098626","0.116506527244828",".."
Sao Tome and Principe,"STP","Market capitalization of listed domestic companies (% of GDP)","CM.MKT.LCAP.GD.ZS","..","..","..","..","..","..","..","..","..",".."
Sao Tome and Principe,"STP","Stocks traded, total value (% of GDP)","CM.MKT.TRAD.GD.ZS","..","..","..","..","..","..","..","..","..",".."
Sao Tome and Principe,"STP","Secure Internet servers (per 1 million people)","IT.NET.SECR.P6","14.7283358453328","38.6529448712374","57.0920180601084","60.9207467946315","32.1935291006508","40.5476637787719","30.9317072092972","38.9828085814156","42.4563548671965",".."
Sao Tome and Principe,"STP","Fixed broadband subscriptions (per 100 people)","IT.NET.BBND.P2","0.69959595265331","0.714596318307001","0.740768934329906","0.769475894129115","1.15528778715478","1.54216281238596","2.02470117761428","2.50139688397417","2.9940221452347",".."
Sao Tome and Principe,"STP","ICT goods imports (% total goods imports)","TM.VAL.ICTG.ZS.UN","4.06","4.21","4.04","3.77","4.38","4.02","3.37","..","..",".."
Sao Tome and Principe,"STP","Individuals using the Internet (% of population)","IT.NET.USER.ZS","28","32.61640167","37.99380112","44.25790024","51.55469894","54.94950104","58.56779861","58.70130157","59.11759949",".."
Sao Tome and Principe,"STP","School enrollment, tertiary (% gross)","SE.TER.ENRR","..","..","..","..","..","..","..","..","..",".."
Sao Tome and Principe,"STP","Research and development expenditure (% of GDP)","GB.XPD.RSDV.GD.ZS","..","..","..","..","..","..","..","..","..",".."
Sao Tome and Principe,"STP","High-technology exports (% of manufactured exports)","TX.VAL.TECH.MF.ZS","68.1428492464163","34.6641558499787","45.9673386504362","17.0302488293151","10.1711732976649","8.17926748262372","5.29429381815619","29.2734328924522","..",".."
Sao Tome and Principe,"STP","GDP per person employed (constant 2021 PPP $)","SL.GDP.PCAP.EM.KD","42722.3555677576","43234.2053116328","44243.2274730639","44346.49012254","45779.1448838504","44843.510744273","42990.4612581856","42095.5499737471","41521.6191345379",".."
Saudi Arabia,"SAU","GDP growth (annual %)","NY.GDP.MKTP.KD.ZG","1.70404739202878","1.18210705878283","3.2269508901591","1.65158925617395","-3.80478901996312","6.51959698325419","12.0005874752929","0.542592439393161","1.99650173436159",".."
Saudi Arabia,"SAU","Inflation, consumer prices (annual %)","FP.CPI.TOTL.ZG","2.05347076823965","-0.834845735027162","2.46594308994843","-1.19298644533328","3.37234961012303","3.06328988941548","2.47407371925372","2.32708518362706","1.68792112375809",".."
Saudi Arabia,"SAU","Gross fixed capital formation (% of GDP)","NE.GDI.FTOT.ZS","25.7747413917838","24.1906100840796","21.4680002334103","22.463218551494","24.4412058127305","23.5241232039586","24.2911272320948","27.8831921276095","28.628276242255",".."
Saudi Arabia,"SAU","Foreign direct investment, net inflows (% of GDP)","BX.KLT.DINV.WD.GD.ZS","3.18518611850268","0.136801407151884","1.36945683303735","0.346411455797861","0.211115523412857","2.8850612174452","2.1556449627378","1.87131032249407","1.72104243015611",".."
Saudi Arabia,"SAU","Domestic credit to private sector (% of GDP)","FS.AST.PRVT.GD.ZS","54.375771847036","50.1375935809361","..","..","..","..","..","..","..",".."
Saudi Arabia,"SAU","Real interest rate (%)","FR.INR.RINR","..","..","..","..","..","..","..","..","..",".."
Saudi Arabia,"SAU","Market capitalization of listed domestic companies (% of GDP)","CM.MKT.LCAP.GD.ZS","65.1159785322029","60.8929532461216","55.9861140437789","270.766825926444","316.309469924651","271.846631622595","212.948427181821","247.448122597759","219.954139276148",".."
Saudi Arabia,"SAU","Stocks traded, total value (% of GDP)","CM.MKT.TRAD.GD.ZS","44.4493762801495","29.4604886031759","25.8951923198394","24.8380223517687","63.2096362373026","60.3776968606877","36.1167740263061","28.1587539160188","38.2356708057421",".."
Saudi Arabia,"SAU","Secure Internet servers (per 1 million people)","IT.NET.SECR.P6","111.196549172426","178.226966117669","180.320218903778","208.090800500629","252.816653889025","306.45408745077","323.758429778142","425.544149523076","482.77237461006",".."
Saudi Arabia,"SAU","Fixed broadband subscriptions (per 100 people)","IT.NET.BBND.P2","20.82681485606","21.6139435772426","22.4661479201746","22.3213703520821","25.4596763527151","33.7973610185654","41.8230078726101","43.5732045642216","44.0705800179885",".."
Saudi Arabia,"SAU","ICT goods imports (% total goods imports)","TM.VAL.ICTG.ZS.UN","6.48","7.7","7.52","7.95","7.97","7.45","..","..","..",".."
Saudi Arabia,"SAU","Individuals using the Internet (% of population)","IT.NET.USER.ZS","74.8792746891625","94.1755996113911","93.3100018480347","95.7247355953812","97.8623325","100","100","100","100",".."
Saudi Arabia,"SAU","School enrollment, tertiary (% gross)","SE.TER.ENRR","63.9826623355369","70.7471342981424","73.1971736383918","77.9664942011008","73.7510866368859","74.3924865722656","73.7492065429688","..","83.884129573915",".."
Saudi Arabia,"SAU","Research and development expenditure (% of GDP)","GB.XPD.RSDV.GD.ZS","..","..","..","..","0.47618","0.39379","0.41439","0.49487","0.63522",".."
Saudi Arabia,"SAU","High-technology exports (% of manufactured exports)","TX.VAL.TECH.MF.ZS","1.30537351092227","0.734713774616693","0.544773695868422","0.644531120548462","0.605067588286761","0.305715240109385","0.29527343068195","0.590629141767828","0.544002126713625",".."
Saudi Arabia,"SAU","GDP per person employed (constant 2021 PPP $)","SL.GDP.PCAP.EM.KD","133235.493094795","139472.121102325","147831.4553836","146096.648740083","133717.552576812","141331.550630386","148001.848516468","135453.064481547","131027.256392395",".."
Senegal,"SEN","GDP growth (annual %)","NY.GDP.MKTP.KD.ZG","6.35606857181878","7.4074861863013","6.20924103389086","4.61362809749708","1.3420737726679","6.54400109964304","3.85043193735768","4.2574308328029","6.06055141198976",".."
Senegal,"SEN","Inflation, consumer prices (annual %)","FP.CPI.TOTL.ZG","0.837284942557434","1.31815314847789","0.460985642464188","1.76011151192939","2.54314685681662","2.18032278088147","9.69681899081073","5.93947798773215","0.804503298792438",".."
Senegal,"SEN","Gross fixed capital formation (% of GDP)","NE.GDI.FTOT.ZS","23.9281241214968","25.8256617810862","28.3218108284288","29.6563562180026","30.4531772551564","33.9687017708203","34.7070819982062","35.3851662555736","34.0006097744121",".."
Senegal,"SEN","Foreign direct investment, net inflows (% of GDP)","BX.KLT.DINV.WD.GD.ZS","2.48110320660753","2.80185380597297","3.6676580901097","4.55247618583033","7.52395708111684","9.40426405095026","10.5411241953817","15.6044600024418","6.1461393599949",".."
Senegal,"SEN","Domestic credit to private sector (% of GDP)","FS.AST.PRVT.GD.ZS","..","..","..","..","..","..","..","..","..",".."
Senegal,"SEN","Real interest rate (%)","FR.INR.RINR","4.29827404463135","..","..","..","..","..","..","..","..",".."
Senegal,"SEN","Market capitalization of listed domestic companies (% of GDP)","CM.MKT.LCAP.GD.ZS","..","..","..","..","..","..","..","..","..",".."
Senegal,"SEN","Stocks traded, total value (% of GDP)","CM.MKT.TRAD.GD.ZS","..","..","..","..","..","..","..","..","..",".."
Senegal,"SEN","Secure Internet servers (per 1 million people)","IT.NET.SECR.P6","7.0504407822504","8.78836720021103","17.0913339522239","19.3237636674351","26.2668561295198","40.9967744365019","44.5864487901974","46.1898286899464","59.615228291193",".."
Senegal,"SEN","Fixed broadband subscriptions (per 100 people)","IT.NET.BBND.P2","0.654181134204409","0.722423169961464","0.815734181499159","0.929784903272944","1.05641006886622","1.20966034985347","1.40365165848276","1.97393200956788","4.03828584004829",".."
Senegal,"SEN","ICT goods imports (% total goods imports)","TM.VAL.ICTG.ZS.UN","4.4","4","3.12","3.25","3.75","2.82","..","..","..",".."
Senegal,"SEN","Individuals using the Internet (% of population)","IT.NET.USER.ZS","25.66480064","29.64310074","35.29999924","43.37969971","53.30879974","55.04040146","56.82830048","59.18740082","60.11780167",".."
Senegal,"SEN","School enrollment, tertiary (% gross)","SE.TER.ENRR","10.8875992426245","11.3494415127099","12.4178375059947","12.60825139125","13.3136624860931","14.6823561354842","15.6478973478986","16.0710053721835","15.3302400879779",".."
Senegal,"SEN","Research and development expenditure (% of GDP)","GB.XPD.RSDV.GD.ZS","..","..","..","..","..","..","..","..","..",".."
Senegal,"SEN","High-technology exports (% of manufactured exports)","TX.VAL.TECH.MF.ZS","2.71866597279454","2.16301090357622","2.80905964473892","0.93592502420732","0.744159035096107","1.87918674699481","2.30068688755071","1.60473886534447","3.0439766592332",".."
Senegal,"SEN","GDP per person employed (constant 2021 PPP $)","SL.GDP.PCAP.EM.KD","13381.1200534149","15063.6101661991","14600.4036964297","13972.7002212484","13749.3707624992","13883.4554922452","13771.230144588","13907.2392559268","14316.850104239",".."
Serbia,"SRB","GDP growth (annual %)","NY.GDP.MKTP.KD.ZG","2.97519807160826","2.3634031250553","4.64935035491007","4.75020793899014","-0.950023991851594","7.94905650472278","2.70347705543654","3.74793303561771","3.94992622592932",".."
Serbia,"SRB","Inflation, consumer prices (annual %)","FP.CPI.TOTL.ZG","1.12231397417769","3.13106248590115","1.95984076293801","1.84922984511086","1.57553290083415","4.08510285335102","11.9815117344703","12.3719043552519","4.6705297488997",".."
Serbia,"SRB","Gross fixed capital formation (% of GDP)","NE.GDI.FTOT.ZS","16.9932725263997","17.7771152801229","19.9497037988206","22.2768602015312","21.4496502483732","23.0512890463903","23.9110631560903","23.3725616454287","23.7954199963938",".."
Serbia,"SRB","Foreign direct investment, net inflows (% of GDP)","BX.KLT.DINV.WD.GD.ZS","5.57770746372387","6.29636171721257","7.71374568954873","7.92487427143519","6.23865408002072","6.95312089132574","6.90354140371273","6.06995232091603","6.20170332537196",".."
Serbia,"SRB","Domestic credit to private sector (% of GDP)","FS.AST.PRVT.GD.ZS","39.4038438717395","38.7133440067721","39.7209777742175","40.1665718331813","43.4490578103864","41.4324145562729","38.3866557415795","33.044281917872","32.6365244902661",".."
Serbia,"SRB","Real interest rate (%)","FR.INR.RINR","..","..","..","..","..","..","..","..","..",".."
Serbia,"SRB","Market capitalization of listed domestic companies (% of GDP)","CM.MKT.LCAP.GD.ZS","..","..","..","..","..","..","..","..","..",".."
Serbia,"SRB","Stocks traded, total value (% of GDP)","CM.MKT.TRAD.GD.ZS","..","..","..","..","..","..","..","..","..",".."
Serbia,"SRB","Secure Internet servers (per 1 million people)","IT.NET.SECR.P6","551.689197517484","5802.56715062461","6899.71821400727","8071.86509887714","9361.18575019503","11213.541759641","11871.1989543322","12647.8462092924","12941.8220001105",".."
Serbia,"SRB","Fixed broadband subscriptions (per 100 people)","IT.NET.BBND.P2","20.6094025912635","21.1492657800305","22.2890953800272","23.4424592934158","25.1834994361532","26.4794202826056","29.3457941392192","31.2695286708104","33.3746847922718",".."
Serbia,"SRB","ICT goods imports (% total goods imports)","TM.VAL.ICTG.ZS.UN","3.42","3.53","3.63","3.82","4.17","4.05","3.5","..","..",".."
Serbia,"SRB","Individuals using the Internet (% of population)","IT.NET.USER.ZS","67.0568413716938","70.3308355269141","73.360709154564","77.4167736219802","78.36804864","81.16588116","83.53825397","85.35746686","87.69071294",".."
Serbia,"SRB","School enrollment, tertiary (% gross)","SE.TER.ENRR","62.1369705200195","66.4867401123047","67.1586608886719","67.7898406982422","68.1431121826172","69.1800231933594","69.8046798706055","73.2060012817383","70.582649230957",".."
Serbia,"SRB","Research and development expenditure (% of GDP)","GB.XPD.RSDV.GD.ZS","0.80779","0.83834","0.88154","0.84798","0.86478","0.94784","0.91938","0.87816","0.93978",".."
Serbia,"SRB","High-technology exports (% of manufactured exports)","TX.VAL.TECH.MF.ZS","..","..","..","..","..","..","..","..","..",".."
Serbia,"SRB","GDP per person employed (constant 2021 PPP $)","SL.GDP.PCAP.EM.KD","49119.9642913521","48949.5094809286","50664.3962978003","51858.7478107861","51585.1362099066","53930.0325520367","55088.5061556618","56381.9786543215","57205.1215024938",".."
Seychelles,"SYC","GDP growth (annual %)","NY.GDP.MKTP.KD.ZG","12.1175272453913","6.95416218794271","4.93947272254312","5.5142920737342","-11.7398608281732","0.552281631207279","12.7104688902836","2.25925322283285","3.46568066415341",".."
Seychelles,"SYC","Inflation, consumer prices (annual %)","FP.CPI.TOTL.ZG","-1.01548191697626","2.85679575568437","3.70291839111568","1.80709400809982","1.20266463987123","9.76909936973542","2.6260363285129","-1.03530088431952","0.311726050919668",".."
Seychelles,"SYC","Gross fixed capital formation (% of GDP)","NE.GDI.FTOT.ZS","25.1347394249892","24.5351766928824","21.9869866164983","22.0855945287218","21.3213198960022","16.4677161262206","18.0729742622698","20.5743415497622","17.169290907803",".."
Seychelles,"SYC","Foreign direct investment, net inflows (% of GDP)","BX.KLT.DINV.WD.GD.ZS","4.35742188671966","11.7771697387857","17.1030662941746","13.7575701960234","5.79027015191072","7.52808883301193","9.40509377025538","10.9586044074443","10.4342001858715",".."
Seychelles,"SYC","Domestic credit to private sector (% of GDP)","FS.AST.PRVT.GD.ZS","24.5166106524244","..","..","..","..","..","..","..","..",".."
Seychelles,"SYC","Real interest rate (%)","FR.INR.RINR","14.9962310759697","9.68290886417854","8.56612263200906","12.4616257380224","6.06000448750586","6.23563850072967","7.415212463561","5.22644681427813","10.6318504956247",".."
Seychelles,"SYC","Market capitalization of listed domestic companies (% of GDP)","CM.MKT.LCAP.GD.ZS","..","..","15.9024707336089","60.8201435853947","88.5688364728686","81.3946563762908","60.2389107393345","29.9399314912877","37.4236431471992",".."
Seychelles,"SYC","Stocks traded, total value (% of GDP)","CM.MKT.TRAD.GD.ZS","..","..","0.509439502972706","0.568312531786732","0.717513828234034","0.170121340816879","0.389923120435063","0.597518559461186","0.120891111687991",".."
Seychelles,"SYC","Secure Internet servers (per 1 million people)","IT.NET.SECR.P6","30947.3261721432","155191.302442536","264256.629668672","96419.9743918054","61109.8697974853","70372.161437869","51769.2987871002","52607.8498492983","139583.367668144",".."
Seychelles,"SYC","Fixed broadband subscriptions (per 100 people)","IT.NET.BBND.P2","12.7798872711048","13.5385628007507","17.114916550765","22.9273268168296","29.067843812089","33.5645230796751","29.8314239734867","30.7719361318005","31.5968654633563",".."
Seychelles,"SYC","ICT goods imports (% total goods imports)","TM.VAL.ICTG.ZS.UN","2.06","0.91","1.86","2.33","1.82","2.02","..","..","..",".."
Seychelles,"SYC","Individuals using the Internet (% of population)","IT.NET.USER.ZS","56.51470184","62.55310059","69.23660278","76.63420105","79.25170135","81.99530029","84.83380127","86.001297","87.81800079",".."
Seychelles,"SYC","School enrollment, tertiary (% gross)","SE.TER.ENRR","25.6358902463449","42.2082018927445","38.8581314878893","41.2970430107527","26.934264107039","26.8701526144608","13.930414075936","14.0341370902195","14.5342502593994",".."
Seychelles,"SYC","Research and development expenditure (% of GDP)","GB.XPD.RSDV.GD.ZS","0.2017","..","..","..","..","..","..","..","..",".."
Seychelles,"SYC","High-technology exports (% of manufactured exports)","TX.VAL.TECH.MF.ZS","3.77391153812862","30.7738888295257","5.22056224291312","2.19832034015177","3.28499927602696","3.34307615789092","25.0389916630188","0.0384062538993691","0.0899054165105232",".."
Seychelles,"SYC","GDP per person employed (constant 2021 PPP $)","SL.GDP.PCAP.EM.KD","..","..","..","..","..","..","..","..","..",".."
Sierra Leone,"SLE","GDP growth (annual %)","NY.GDP.MKTP.KD.ZG","6.43743652764257","3.20786087715987","2.8938564123677","5.50270937378153","-1.2533490322766","5.8968527047094","5.3135546141915","5.7100218981806","4.29322336690163",".."
Sierra Leone,"SLE","Inflation, consumer prices (annual %)","FP.CPI.TOTL.ZG","10.8860609413903","18.2215094003386","16.0295447693699","14.8049990906021","13.4468711101052","11.8739588840234","27.2082883814653","47.6428733253179","28.6337500014115",".."
Sierra Leone,"SLE","Gross fixed capital formation (% of GDP)","NE.GDI.FTOT.ZS","17.4249472909029","18.8979192279547","15.3862424089972","17.3969911909975","15.5145715002076","16.2800517939539","18.6697194395101","19.8016612074982","19.550924768647",".."
Sierra Leone,"SLE","Foreign direct investment, net inflows (% of GDP)","BX.KLT.DINV.WD.GD.ZS","2.27663664378768","7.19540249608134","2.90502880166707","1.86680073448091","0.762524726187775","2.98593617691379","2.03619504430889","2.27421424673208","1.7469962843978",".."
Sierra Leone,"SLE","Domestic credit to private sector (% of GDP)","FS.AST.PRVT.GD.ZS","3.51808121980782","3.32767662198057","3.64060322537035","3.8596499447201","3.61989140647132","4.22614923062742","3.53787339525637","3.23642146006654","3.96782641151883",".."
Sierra Leone,"SLE","Real interest rate (%)","FR.INR.RINR","11.3760797652545","7.59034035979518","-0.0509091204627795","7.32478780743805","4.11950614270383","10.6044092398196","-6.02100906574533","-7.4431710741448","9.17059748907472",".."
Sierra Leone,"SLE","Market capitalization of listed domestic companies (% of GDP)","CM.MKT.LCAP.GD.ZS","..","..","..","..","..","..","..","..","..",".."
Sierra Leone,"SLE","Stocks traded, total value (% of GDP)","CM.MKT.TRAD.GD.ZS","..","..","..","..","..","..","..","..","..",".."
Sierra Leone,"SLE","Secure Internet servers (per 1 million people)","IT.NET.SECR.P6","1.5266480582147","1.89719917840434","..","5.30264455817395","6.57183176413999","10.130207760678","11.357036596359","13.356165678862","11.339938731931",".."
Sierra Leone,"SLE","Fixed broadband subscriptions (per 100 people)","IT.NET.BBND.P2","..","..","..","0.00222452405855102","0.00227486484143307","0.00227311979020093","..","..","..",".."
Sierra Leone,"SLE","ICT goods imports (% total goods imports)","TM.VAL.ICTG.ZS.UN","1.61","1.82","2.16","..","..","..","..","..","..",".."
Sierra Leone,"SLE","Individuals using the Internet (% of population)","IT.NET.USER.ZS","7.680099964","9.297100067","14.42230034","15.71370029","17.12080002","18.65390015","21.50880051","23.71360016","25.10499954",".."
Sierra Leone,"SLE","School enrollment, tertiary (% gross)","SE.TER.ENRR","..","..","..","..","..","..","..","..","..",".."
Sierra Leone,"SLE","Research and development expenditure (% of GDP)","GB.XPD.RSDV.GD.ZS","..","..","..","..","..","..","..","..","..",".."
Sierra Leone,"SLE","High-technology exports (% of manufactured exports)","TX.VAL.TECH.MF.ZS","0.00126037673647035","0.0648798184326979","0.736114020377876","..","..","..","..","..","..",".."
Sierra Leone,"SLE","GDP per person employed (constant 2021 PPP $)","SL.GDP.PCAP.EM.KD","8783.30014895891","8863.1379224215","8927.35459465672","9158.79610841702","8892.65725303186","9094.08627069209","9251.7750468401","9499.78181168855","9639.78291329458",".."
Singapore,"SGP","GDP growth (annual %)","NY.GDP.MKTP.KD.ZG","3.74757848792792","4.47689915845876","3.4519759658687","1.30804118153127","-3.81470885510713","9.7568044629903","4.10800021897151","1.82140694115385","4.38802362461865",".."
Singapore,"SGP","Inflation, consumer prices (annual %)","FP.CPI.TOTL.ZG","-0.529809760375464","0.576763191179996","0.438784215129623","0.567829988405447","-0.172111865925382","2.31610315765146","6.13095418919732","4.83372362825798","2.38951123595017",".."
Singapore,"SGP","Gross fixed capital formation (% of GDP)","NE.GDI.FTOT.ZS","25.9412060018166","25.2084180122047","22.3921980072749","22.8859362004145","20.9935137666401","22.1246635641343","20.7545790541891","22.3944746293397","21.8964992293927",".."
Singapore,"SGP","Foreign direct investment, net inflows (% of GDP)","BX.KLT.DINV.WD.GD.ZS","20.3766287562495","29.6706336940046","22.8377290626019","28.2256543399099","22.7176808064108","32.5964610130302","28.3188156351916","24.8866145212528","24.676735941018",".."
Singapore,"SGP","Domestic credit to private sector (% of GDP)","FS.AST.PRVT.GD.ZS","123.483066251546","120.835774929407","117.705383912056","119.467541690019","129.190831594566","..","..","..","..",".."
Singapore,"SGP","Real interest rate (%)","FR.INR.RINR","4.80290826919814","2.34944261174831","1.66275740936794","5.69911419011287","7.83027325670722","-5.11973682102115","..","..","..",".."
Singapore,"SGP","Market capitalization of listed domestic companies (% of GDP)","CM.MKT.LCAP.GD.ZS","200.354957719034","229.070821052711","182.236528957131","185.364638684577","186.906779122191","151.947222728145","121.677793965904","120.351945793083","116.486267026321",".."
Singapore,"SGP","Stocks traded, total value (% of GDP)","CM.MKT.TRAD.GD.ZS","58.8313786057274","63.9013650109083","58.2103972390557","30.3603661069438","..","..","..","..","..",".."
Singapore,"SGP","Secure Internet servers (per 1 million people)","IT.NET.SECR.P6","19060.746532679","58690.3334543186","84713.8583596575","122481.379641414","128377.730724944","176692.094677134","212649.338604675","228648.442759691","209665.455220098",".."
Singapore,"SGP","Fixed broadband subscriptions (per 100 people)","IT.NET.BBND.P2","28.5392609803278","26.3326099315534","26.50873593831","26.5276177370284","26.8622723592787","27.5210996900631","27.5510032505086","27.4343636046425","27.813655026664",".."
Singapore,"SGP","ICT goods imports (% total goods imports)","TM.VAL.ICTG.ZS.UN","28.1","27.88","26.61","26.87","32.85","32.88","31.12","..","..",".."
Singapore,"SGP","Individuals using the Internet (% of population)","IT.NET.USER.ZS","84.4522678893074","84.4522678893074","88.1656360313447","88.9492526850762","92.00434653","96.92468156","95.95386476","94.28518987","94.37757178",".."
Singapore,"SGP","School enrollment, tertiary (% gross)","SE.TER.ENRR","83.9409778236648","84.7929138455372","88.8864453410769","91.0889904414776","93.134767179468","97.0989103061521","98.02222650098","97.2886546863037","..",".."
Singapore,"SGP","Research and development expenditure (% of GDP)","GB.XPD.RSDV.GD.ZS","2.06892","1.89683","1.80836","1.88845","2.15983","1.93761","1.80821","..","..",".."
Singapore,"SGP","High-technology exports (% of manufactured exports)","TX.VAL.TECH.MF.ZS","52.2327295013631","53.0720442885638","51.57228009959","51.8165690079601","55.2615580095711","54.9722752514087","56.8269189876243","56.1383758562278","59.429782938503",".."
Singapore,"SGP","GDP per person employed (constant 2021 PPP $)","SL.GDP.PCAP.EM.KD","192039.286458067","201366.325701543","206940.018708493","204683.223038573","200255.48262408","224002.692383379","225785.217182617","219191.675475536","223022.289044422",".."
Sint Maarten (Dutch part),"SXM","GDP growth (annual %)","NY.GDP.MKTP.KD.ZG","0.96775836306881","-7.53521399882428","-6.85698299227944","10.9650009352392","-13.3167887221567","4.57759677933345","13.9","3.8","3.00000000000014",".."
Sint Maarten (Dutch part),"SXM","Inflation, consumer prices (annual %)","FP.CPI.TOTL.ZG","0.111682655737579","2.19201010962985","..","..","..","..","..","..","..",".."
Sint Maarten (Dutch part),"SXM","Gross fixed capital formation (% of GDP)","NE.GDI.FTOT.ZS","..","..","..","..","..","..","..","..","..",".."
Sint Maarten (Dutch part),"SXM","Foreign direct investment, net inflows (% of GDP)","BX.KLT.DINV.WD.GD.ZS","2.91188308245256","4.74783634858124","-3.80519905244473","5.24677633401135","1.79286284699262","1.98179684518215","1.0725730154733","2.68405110111367","2.06435549473904",".."
Sint Maarten (Dutch part),"SXM","Domestic credit to private sector (% of GDP)","FS.AST.PRVT.GD.ZS","..","..","..","..","..","..","..","..","..",".."
Sint Maarten (Dutch part),"SXM","Real interest rate (%)","FR.INR.RINR","..","..","..","..","..","..","..","..","..",".."
Sint Maarten (Dutch part),"SXM","Market capitalization of listed domestic companies (% of GDP)","CM.MKT.LCAP.GD.ZS","..","..","..","..","..","..","..","..","..",".."
Sint Maarten (Dutch part),"SXM","Stocks traded, total value (% of GDP)","CM.MKT.TRAD.GD.ZS","..","..","..","..","..","..","..","..","..",".."
Sint Maarten (Dutch part),"SXM","Secure Internet servers (per 1 million people)","IT.NET.SECR.P6","732.045282229601","769.309672786952","805.8017727639","817.135074904049","999.804916113929","1178.70630968704","1020.43237855668","1216.40272287071","1222.60668973472",".."
Sint Maarten (Dutch part),"SXM","Fixed broadband subscriptions (per 100 people)","IT.NET.BBND.P2","..","..","..","..","..","..","..","..","..",".."
Sint Maarten (Dutch part),"SXM","ICT goods imports (% total goods imports)","TM.VAL.ICTG.ZS.UN","..","..","..","..","..","..","..","..","..",".."
Sint Maarten (Dutch part),"SXM","Individuals using the Internet (% of population)","IT.NET.USER.ZS","..","..","..","..","..","..","..","..","..",".."
Sint Maarten (Dutch part),"SXM","School enrollment, tertiary (% gross)","SE.TER.ENRR","..","9.85608373310074","..","..","..","..","8.259449370042","7.65284309533989","..",".."
Sint Maarten (Dutch part),"SXM","Research and development expenditure (% of GDP)","GB.XPD.RSDV.GD.ZS","..","..","..","..","..","..","..","..","..",".."
Sint Maarten (Dutch part),"SXM","High-technology exports (% of manufactured exports)","TX.VAL.TECH.MF.ZS","..","..","..","..","..","..","..","..","..",".."
Sint Maarten (Dutch part),"SXM","GDP per person employed (constant 2021 PPP $)","SL.GDP.PCAP.EM.KD","..","..","..","..","..","..","..","..","..",".."
Slovak Republic,"SVK","GDP growth (annual %)","NY.GDP.MKTP.KD.ZG","1.94781841524558","2.87473327453695","4.06211981896483","2.27589910019393","-2.58551241733207","5.6558588065555","0.544591632137454","2.11263633214959","1.93867445549446",".."
Slovak Republic,"SVK","Inflation, consumer prices (annual %)","FP.CPI.TOTL.ZG","-0.520010196278266","1.31194588223228","2.51403712883812","2.66456133425431","1.93694126694223","3.14960629921268","12.7741463637611","10.5319476645211","2.75760909424272",".."
Slovak Republic,"SVK","Gross fixed capital formation (% of GDP)","NE.GDI.FTOT.ZS","21.6601191942233","21.2735243502353","21.3447569716069","21.6812781607176","19.7809655184171","19.5981995330742","20.9401153914882","21.1360451605213","20.4183967254733",".."
Slovak Republic,"SVK","Foreign direct investment, net inflows (% of GDP)","BX.KLT.DINV.WD.GD.ZS","5.27770700739813","4.39986424621101","2.11269531583982","2.15394548631737","-1.05975666677956","2.25677867211963","4.16872005912019","0.393861455912485","3.55503662060591",".."
Slovak Republic,"SVK","Domestic credit to private sector (% of GDP)","FS.AST.PRVT.GD.ZS","56.6716350835336","59.8779995896911","61.4419464182066","62.4645072522501","65.647590409826","65.1124824665326","66.7389252233433","61.4622634277722","59.6509018833935",".."
Slovak Republic,"SVK","Real interest rate (%)","FR.INR.RINR","..","..","..","..","..","..","..","..","..",".."
Slovak Republic,"SVK","Market capitalization of listed domestic companies (% of GDP)","CM.MKT.LCAP.GD.ZS","..","..","..","..","..","..","..","..","..",".."
Slovak Republic,"SVK","Stocks traded, total value (% of GDP)","CM.MKT.TRAD.GD.ZS","..","..","..","..","..","..","..","..","..",".."
Slovak Republic,"SVK","Secure Internet servers (per 1 million people)","IT.NET.SECR.P6","3240.77603328277","6963.66692944886","12993.3863567974","20091.3176707558","25918.3886941279","31322.794798914","36900.6169648393","39911.9913612961","43287.3502716398",".."
Slovak Republic,"SVK","Fixed broadband subscriptions (per 100 people)","IT.NET.BBND.P2","24.626445872585","25.8590797873319","27.6953839189658","29.181106904051","31.192548373756","32.6060735005904","33.9988127597088","33.17259432898","33.8136036435218",".."
Slovak Republic,"SVK","ICT goods imports (% total goods imports)","TM.VAL.ICTG.ZS.UN","14.27","15.14","13.74","13.18","13.19","12.47","10.67","..","..",".."
Slovak Republic,"SVK","Individuals using the Internet (% of population)","IT.NET.USER.ZS","80.475857275668","81.6256675172655","80.4489224826099","82.8536605021784","89.92090413","88.92560523","89.06766196","87.2131343","89.82507032",".."
Slovak Republic,"SVK","School enrollment, tertiary (% gross)","SE.TER.ENRR","50.3014488220215","49.1256103515625","47.8138313293457","48.1902389526367","48.3790016174316","50.7342491149902","52.4959106445312","53.417610168457","54.4743194580078",".."
Slovak Republic,"SVK","Research and development expenditure (% of GDP)","GB.XPD.RSDV.GD.ZS","0.78513","0.88153","0.83184","0.82138","0.88944","0.90093","0.97686","1.03359","..",".."
Slovak Republic,"SVK","High-technology exports (% of manufactured exports)","TX.VAL.TECH.MF.ZS","10.7371880441488","11.7654202302728","10.6364834767426","9.91238882702626","9.99741446798114","9.00138940151075","8.49041601420597","9.7184584659913","10.5935553645599",".."
Slovak Republic,"SVK","GDP per person employed (constant 2021 PPP $)","SL.GDP.PCAP.EM.KD","74439.8129566637","75449.1474894099","77409.0458034258","78732.8431113351","78329.169221545","81372.3569348175","80160.8382196868","81590.2938138641","83129.7786288092",".."
Slovenia,"SVN","GDP growth (annual %)","NY.GDP.MKTP.KD.ZG","3.03441486663654","5.17440215579958","4.37908347331195","3.50525332381912","-4.08500094942896","8.41686457725321","2.66850555542486","2.3758326648385","1.73139722479493",".."
Slovenia,"SVN","Inflation, consumer prices (annual %)","FP.CPI.TOTL.ZG","-0.054999541670474","1.42910743319306","1.7386086198818","1.63052260754344","-0.05485681576061","1.91706506089259","8.83369886749452","7.44687717385838","1.96562656432512",".."
Slovenia,"SVN","Gross fixed capital formation (% of GDP)","NE.GDI.FTOT.ZS","17.7799826082197","18.4937257477793","19.5302803292433","19.7583962473649","19.0238928131055","20.2003570967526","21.988357400127","21.5950558507346","20.9214124483696",".."
Slovenia,"SVN","Foreign direct investment, net inflows (% of GDP)","BX.KLT.DINV.WD.GD.ZS","3.26541395278807","2.4842141360232","2.86489909951597","3.99098612082388","0.948340847721794","3.60613978687237","3.64010857871706","2.09028809314832","2.5587649173879",".."
Slovenia,"SVN","Domestic credit to private sector (% of GDP)","FS.AST.PRVT.GD.ZS","47.1423210691584","45.4705282131968","43.7031144504248","42.7155413062598","43.5705752100631","41.1011816349725","41.1837741977308","36.341915835514","35.4165073993057",".."
Slovenia,"SVN","Real interest rate (%)","FR.INR.RINR","..","..","..","..","..","..","..","..","..",".."
Slovenia,"SVN","Market capitalization of listed domestic companies (% of GDP)","CM.MKT.LCAP.GD.ZS","11.8815726069095","13.1213293868957","13.5344499717059","14.6972942975039","15.8257712100048","17.5071946752625","13.641720125715","14.5965799295832","15.6772016903403",".."
Slovenia,"SVN","Stocks traded, total value (% of GDP)","CM.MKT.TRAD.GD.ZS","0.690372445752811","0.832397780266845","..","0.278130615648496","0.86550918057924","0.587301305029586","0.693632920932983","0.452471019273531","0.58379914388778",".."
Slovenia,"SVN","Secure Internet servers (per 1 million people)","IT.NET.SECR.P6","5630.87820974101","19594.093655209","33018.0809626721","42529.9932723133","49112.4747255423","55445.2655711669","61863.7776292141","63978.5405154822","68783.4915859735",".."
Slovenia,"SVN","Fixed broadband subscriptions (per 100 people)","IT.NET.BBND.P2","28.5889065200718","29.180424842781","29.6086313428343","30.1395433223627","30.9930132861242","31.5502669986288","32.0104972135392","31.8814801387465","34.2332575162942",".."
Slovenia,"SVN","ICT goods imports (% total goods imports)","TM.VAL.ICTG.ZS.UN","3.91","3.86","3.67","3.38","3.79","4.16","3.26","..","..",".."
Slovenia,"SVN","Individuals using the Internet (% of population)","IT.NET.USER.ZS","75.4985042610791","78.8854263554775","79.7499765956562","83.1083578026717","86.60130109","89.00399524","88.91248552","90.37794678","90.76355487",".."
Slovenia,"SVN","School enrollment, tertiary (% gross)","SE.TER.ENRR","79.4747467041016","79.2703475952148","77.3015975952148","76.4720077514648","75.8166809082031","82.2400436401367","82.3922576904297","80.0806884765625","..",".."
Slovenia,"SVN","Research and development expenditure (% of GDP)","GB.XPD.RSDV.GD.ZS","2.02922","1.88219","1.96365","2.05725","2.15559","2.13847","2.1","2.13385","..",".."
Slovenia,"SVN","High-technology exports (% of manufactured exports)","TX.VAL.TECH.MF.ZS","7.14418674805758","6.50844824804584","6.83053982321457","7.35392450360767","7.79985278570807","6.20930603257085","8.56978643924213","8.20345582131026","8.34338034336379",".."
Slovenia,"SVN","GDP per person employed (constant 2021 PPP $)","SL.GDP.PCAP.EM.KD","89150.6084512669","89672.8783585794","91292.691318931","94110.0935501887","91083.4812172028","97320.3692815792","97762.5823626093","100825.022382854","102210.592847293",".."
Solomon Islands,"SLB","GDP growth (annual %)","NY.GDP.MKTP.KD.ZG","5.55494348257992","3.07546176144591","2.74585244829055","1.74925244485951","-3.38125925839405","-0.227975292792024","-2.58448361755723","2.84111851154807","2.99755987604104",".."
Solomon Islands,"SLB","Inflation, consumer prices (annual %)","FP.CPI.TOTL.ZG","0.512485626268792","0.488686760261083","3.46147484973729","1.63485544012247","2.96354992076065","-0.115437894412839","5.51812928576938","5.88585897042164","4.32183948388033",".."
Solomon Islands,"SLB","Gross fixed capital formation (% of GDP)","NE.GDI.FTOT.ZS","15.8971117975636","18.1335509801423","17.3136165949864","20.433717274341","18.8099609056968","24.2876719195337","21.9916764586537","21.4715002138184","19.4606421723765",".."
Solomon Islands,"SLB","Foreign direct investment, net inflows (% of GDP)","BX.KLT.DINV.WD.GD.ZS","2.70706733520786","2.91769302207799","1.54707244532947","2.02495638459342","0.584583885803386","1.79162262618701","2.77627597762606","5.23830750788181","2.08128126058924",".."
Solomon Islands,"SLB","Domestic credit to private sector (% of GDP)","FS.AST.PRVT.GD.ZS","34.2209105536141","33.2262826138865","30.6970656700723","30.7380689311402","32.5671298012795","32.8265544242241","34.7058484961552","34.7843621325241","33.6944114849329",".."
Solomon Islands,"SLB","Real interest rate (%)","FR.INR.RINR","9.72181402662967","7.91382467289631","2.68045513504386","9.23985700270919","12.1695862397776","5.80449063618866","..","..","..",".."
Solomon Islands,"SLB","Market capitalization of listed domestic companies (% of GDP)","CM.MKT.LCAP.GD.ZS","..","..","..","..","..","..","..","..","..",".."
Solomon Islands,"SLB","Stocks traded, total value (% of GDP)","CM.MKT.TRAD.GD.ZS","..","..","..","..","..","..","..","..","..",".."
Solomon Islands,"SLB","Secure Internet servers (per 1 million people)","IT.NET.SECR.P6","34.7233230522103","56.878507507963","39.4866175622373","52.1872643848014","57.7570389712262","93.1036427128041","83.2195998801638","78.7495078155762","80.566602945808",".."
Solomon Islands,"SLB","Fixed broadband subscriptions (per 100 people)","IT.NET.BBND.P2","0.247441419489446","0.170052153216115","0.209843167616461","0.143514977058204","0.134318695281922","0.131131891144795","0.107033208461257","..","..",".."
Solomon Islands,"SLB","ICT goods imports (% total goods imports)","TM.VAL.ICTG.ZS.UN","3.83","3.47","2.6","..","..","..","..","..","..",".."
Solomon Islands,"SLB","Individuals using the Internet (% of population)","IT.NET.USER.ZS","11.00090027","15.14840031","20.8593998","22.48880005","24.1984005","26.03790092","28.01729965","28.67239952","29.04070091",".."
Solomon Islands,"SLB","School enrollment, tertiary (% gross)","SE.TER.ENRR","..","..","..","..","..","..","..","..","..",".."
Solomon Islands,"SLB","Research and development expenditure (% of GDP)","GB.XPD.RSDV.GD.ZS","..","..","..","..","..","..","..","..","..",".."
Solomon Islands,"SLB","High-technology exports (% of manufactured exports)","TX.VAL.TECH.MF.ZS","1.74290501170671","1.02247016917326","1.35922325473902","..","..","..","..","..","..",".."
Solomon Islands,"SLB","GDP per person employed (constant 2021 PPP $)","SL.GDP.PCAP.EM.KD","5376.4654962063","5326.88817380034","5262.6872796438","5189.75945106097","4933.57265239776","4758.00294423973","4507.00407525409","4496.70290678541","4495.07564756611",".."
"Somalia, Fed. Rep.","SOM","GDP growth (annual %)","NY.GDP.MKTP.KD.ZG","7.03487260042048","14.7357956045282","2.05431507259452","2.80033312513012","-2.76455696202532","3.44719850031242","2.71821202053759","4.17524257571303","4.11139335779471",".."
"Somalia, Fed. Rep.","SOM","Inflation, consumer prices (annual %)","FP.CPI.TOTL.ZG","..","..","..","..","..","..","..","..","..",".."
"Somalia, Fed. Rep.","SOM","Gross fixed capital formation (% of GDP)","NE.GDI.FTOT.ZS","12.8456368959279","13.8251070470324","16.1056776324146","16.0813308687616","16.006026889198","17.9795423389223","23.6499068901304","23.6083226866216","26.7485585359739",".."
"Somalia, Fed. Rep.","SOM","Foreign direct investment, net inflows (% of GDP)","BX.KLT.DINV.WD.GD.ZS","4.9896102178043","4.84156553446397","5.18226851263813","5.16404805914972","6.18915159944367","6.33765685964357","6.23346074683917","6.17357181967512","6.39257959388318",".."
"Somalia, Fed. Rep.","SOM","Domestic credit to private sector (% of GDP)","FS.AST.PRVT.GD.ZS","..","..","2.22417703619967","2.21647790307301","2.5422304713491","3.36973144089423","3.85293700578261","5.00566230644734","5.34625670691688",".."
"Somalia, Fed. Rep.","SOM","Real interest rate (%)","FR.INR.RINR","..","..","..","..","..","..","..","..","..",".."
"Somalia, Fed. Rep.","SOM","Market capitalization of listed domestic companies (% of GDP)","CM.MKT.LCAP.GD.ZS","..","..","..","..","..","..","..","..","..",".."
"Somalia, Fed. Rep.","SOM","Stocks traded, total value (% of GDP)","CM.MKT.TRAD.GD.ZS","..","..","..","..","..","..","..","..","..",".."
"Somalia, Fed. Rep.","SOM","Secure Internet servers (per 1 million people)","IT.NET.SECR.P6","0.766617835433634","25.3408461120807","4.20644262635523","8.2340614302153","4.26395925672824","5.26881646344185","5.61737886698255","10.0770128901336","13.9932604038971",".."
"Somalia, Fed. Rep.","SOM","Fixed broadband subscriptions (per 100 people)","IT.NET.BBND.P2","0.641171280544494","0.656984899202092","..","0.611316681940227","0.714663593733325","0.68899907598855","0.668468085170923","0.722963033976147","..",".."
"Somalia, Fed. Rep.","SOM","ICT goods imports (% total goods imports)","TM.VAL.ICTG.ZS.UN","..","..","..","..","..","..","..","..","..",".."
"Somalia, Fed. Rep.","SOM","Individuals using the Internet (% of population)","IT.NET.USER.ZS","1.879999995","..","..","2.731400013","15.02369976","23.87479973","27.6","26.12010002","27.94020081",".."
"Somalia, Fed. Rep.","SOM","School enrollment, tertiary (% gross)","SE.TER.ENRR","..","..","..","..","..","..","..","..","..",".."
"Somalia, Fed. Rep.","SOM","Research and development expenditure (% of GDP)","GB.XPD.RSDV.GD.ZS","..","..","..","..","..","..","..","..","..",".."
"Somalia, Fed. Rep.","SOM","High-technology exports (% of manufactured exports)","TX.VAL.TECH.MF.ZS","..","..","..","..","..","..","..","..","..",".."
"Somalia, Fed. Rep.","SOM","GDP per person employed (constant 2021 PPP $)","SL.GDP.PCAP.EM.KD","9497.11188393332","10446.4933287674","10304.646151794","10212.912279554","9703.22857759117","9684.72649880016","9509.52737673266","9565.80206932987","9603.9202356103",".."
South Africa,"ZAF","GDP growth (annual %)","NY.GDP.MKTP.KD.ZG","0.664552307858116","1.15794695181735","1.55678384721676","0.25993557687633","-6.1689177146757","4.85864865060148","2.05813661692193","0.80610455095804","0.534843531905139",".."
South Africa,"ZAF","Inflation, consumer prices (annual %)","FP.CPI.TOTL.ZG","6.60290842394872","5.18618655524149","4.50987264867388","4.10285075461156","3.23238831615113","4.61874544887136","7.03987272546482","6.0752438457966","4.36115246518962",".."
South Africa,"ZAF","Gross fixed capital formation (% of GDP)","NE.GDI.FTOT.ZS","17.4415036155936","16.3988051798909","15.9221674828456","15.4689896600747","13.7983605384555","13.1098786287254","14.182485143945","14.9347126554344","14.5217362279274",".."
South Africa,"ZAF","Foreign direct investment, net inflows (% of GDP)","BX.KLT.DINV.WD.GD.ZS","0.684612553455795","0.539673956759456","1.3742911715346","1.31407752293306","0.933073684352391","9.68098022663018","2.26670277731613","1.0127377916456","0.580891709673066",".."
South Africa,"ZAF","Domestic credit to private sector (% of GDP)","FS.AST.PRVT.GD.ZS","124.360496111764","127.030283858454","118.380857963487","117.185556861489","109.054691372725","93.1963897397387","91.5697287634873","89.7117995863871","89.4476360173443",".."
South Africa,"ZAF","Real interest rate (%)","FR.INR.RINR","3.27825167845196","4.64731548547952","5.85618355804153","5.26841565254553","2.19841383909371","0.595087859723449","3.37387624023208","6.47206699043374","7.41753982186412",".."
South Africa,"ZAF","Market capitalization of listed domestic companies (% of GDP)","CM.MKT.LCAP.GD.ZS","293.993488633205","322.710975289918","213.52368956176","271.322875855492","311.126474477926","272.152558910335","287.477798160284","268.934860421172","245.720967230413",".."
South Africa,"ZAF","Stocks traded, total value (% of GDP)","CM.MKT.TRAD.GD.ZS","124.368552638774","107.410830267145","72.7957146121673","73.1555740441659","86.9391107582432","61.4243558890681","57.4314383029996","52.4404546123911","47.8699823701067",".."
South Africa,"ZAF","Secure Internet servers (per 1 million people)","IT.NET.SECR.P6","900.723095086792","9326.84113909491","11863.1700840569","14105.098712599","14123.2723330346","16057.5805222423","14989.9460406253","14786.991738834","16658.2387068502",".."
South Africa,"ZAF","Fixed broadband subscriptions (per 100 people)","IT.NET.BBND.P2","2.00974331775672","1.94879126044618","1.88868165955195","2.09833928490665","2.15159473337087","2.75540858002384","3.12297476001713","3.4056617766544","5.34791194620067",".."
South Africa,"ZAF","ICT goods imports (% total goods imports)","TM.VAL.ICTG.ZS.UN","8.61","8.11","7.91","8.01","8.18","7.88","6.76","..","..",".."
South Africa,"ZAF","Individuals using the Internet (% of population)","IT.NET.USER.ZS","54","56.16740036","62.40000153","69.69689941","72.1128006","74.96859741","78.29319763","78.33670044","78.35759735",".."
South Africa,"ZAF","School enrollment, tertiary (% gross)","SE.TER.ENRR","18.9292980324153","21.0902909603212","22.3515425184231","22.2442465104023","22.6148742572009","22.3431289991291","23.7271036201865","23.493768799339","..",".."
South Africa,"ZAF","Research and development expenditure (% of GDP)","GB.XPD.RSDV.GD.ZS","0.74992","0.76257","0.68586","0.61304","0.60296","0.6139","0.61479","..","..",".."
South Africa,"ZAF","High-technology exports (% of manufactured exports)","TX.VAL.TECH.MF.ZS","6.65712319984824","5.67982442723305","5.27331266850248","4.89552263425361","5.62171975958479","5.54756049045268","5.52196923336353","4.95551571209936","5.70923344153222",".."
South Africa,"ZAF","GDP per person employed (constant 2021 PPP $)","SL.GDP.PCAP.EM.KD","50336.1073759664","50294.5566240456","50033.6304541997","50027.0502468781","50731.5758949678","54304.1684288751","52339.7859434345","49595.87018629","48752.0959349709",".."
South Sudan,"SSD","GDP growth (annual %)","NY.GDP.MKTP.KD.ZG","..","..","..","..","..","..","..","..","..",".."
South Sudan,"SSD","Inflation, consumer prices (annual %)","FP.CPI.TOTL.ZG","379.999585624026","187.851630279442","83.5015294922","87.2413641500032","29.6758435538572","10.5167158294358","-6.68732094212668","2.38280434813754","91.4408220769046",".."
South Sudan,"SSD","Gross fixed capital formation (% of GDP)","NE.GDI.FTOT.ZS","..","..","..","..","..","..","..","..","..",".."
South Sudan,"SSD","Foreign direct investment, net inflows (% of GDP)","BX.KLT.DINV.WD.GD.ZS","..","..","..","..","..","..","..","..","..",".."
South Sudan,"SSD","Domestic credit to private sector (% of GDP)","FS.AST.PRVT.GD.ZS","4.42474874705564","1.7050712207929","1.52680961002147","1.70350480610621","1.92500455443695","2.75015423943811","3.01716131679904","3.04769880153433","6.74583971309722",".."
South Sudan,"SSD","Real interest rate (%)","FR.INR.RINR","-33.0091896068993","-77.5612801177758","-27.287868332326","-25.0979573292195","14.5513067368722","-8.15352860472585","-52.1438933626743","-52.9400926374512","-26.8865198404731",".."
South Sudan,"SSD","Market capitalization of listed domestic companies (% of GDP)","CM.MKT.LCAP.GD.ZS","..","..","..","..","..","..","..","..","..",".."
South Sudan,"SSD","Stocks traded, total value (% of GDP)","CM.MKT.TRAD.GD.ZS","..","..","..","..","..","..","..","..","..",".."
South Sudan,"SSD","Secure Internet servers (per 1 million people)","IT.NET.SECR.P6","0.0923352337771149","0.194947848526302","1.48177754429354","3.64564905216962","4.29968144034094","4.04941016659642","5.26259581894021","3.83162648886991","5.2748763167096",".."
South Sudan,"SSD","Fixed broadband subscriptions (per 100 people)","IT.NET.BBND.P2","0.00138502850665672","0.00194947848526301","0.00197570339239139","0.00191876265903664","..","0.00184064098481655","0.00181468821342766","0.00174164840403178","..",".."
South Sudan,"SSD","ICT goods imports (% total goods imports)","TM.VAL.ICTG.ZS.UN","..","..","..","..","..","..","..","..","..",".."
South Sudan,"SSD","Individuals using the Internet (% of population)","IT.NET.USER.ZS","3.5","4.1","4.800000191","6.671000004","..","..","..","..","..",".."
South Sudan,"SSD","School enrollment, tertiary (% gross)","SE.TER.ENRR","..","..","..","..","..","..","..","..","..",".."
South Sudan,"SSD","Research and development expenditure (% of GDP)","GB.XPD.RSDV.GD.ZS","..","..","..","..","..","..","..","..","..",".."
South Sudan,"SSD","High-technology exports (% of manufactured exports)","TX.VAL.TECH.MF.ZS","..","..","..","..","..","..","..","..","..",".."
South Sudan,"SSD","GDP per person employed (constant 2021 PPP $)","SL.GDP.PCAP.EM.KD","..","..","..","..","..","..","..","..","..",".."
Spain,"ESP","GDP growth (annual %)","NY.GDP.MKTP.KD.ZG","2.91515598595787","2.89604207865007","2.39541124478878","1.96117850841711","-10.9400706350371","6.68314420473001","6.37031712129601","2.46085796805582","3.45525405630191",".."
Spain,"ESP","Inflation, consumer prices (annual %)","FP.CPI.TOTL.ZG","-0.202598000426452","1.95607633363963","1.6749813686379","0.699518994458738","-0.322753017299739","3.09313511976419","8.39057634118626","3.53236133492432","2.77417826534772",".."
Spain,"ESP","Gross fixed capital formation (% of GDP)","NE.GDI.FTOT.ZS","18.1917189018021","18.9061933772299","19.6739026426325","20.305014716322","20.6159328524088","20.199534753463","20.4882317498181","20.4658153069816","20.2878325064447",".."
Spain,"ESP","Foreign direct investment, net inflows (% of GDP)","BX.KLT.DINV.WD.GD.ZS","3.61722479660389","2.54039212306223","4.46748509754483","2.16052375036307","2.92165980781023","4.42272902452136","4.65609043363165","2.89981565316893","2.47896679493344",".."
Spain,"ESP","Domestic credit to private sector (% of GDP)","FS.AST.PRVT.GD.ZS","110.901834158974","105.15698823272","98.8298869234399","94.4116262931619","107.572523897153","98.4256244971566","88.1124065404768","78.3496832939301","74.2192017963659",".."
Spain,"ESP","Real interest rate (%)","FR.INR.RINR","..","..","..","..","..","..","..","..","..",".."
Spain,"ESP","Market capitalization of listed domestic companies (% of GDP)","CM.MKT.LCAP.GD.ZS","56.6808082016392","67.2468190201932","50.5496877632606","56.8071173531385","58.8606120063316","53.0814259140659","45.9328003295995","47.5198353030165","43.6927754362693",".."
Spain,"ESP","Stocks traded, total value (% of GDP)","CM.MKT.TRAD.GD.ZS","51.99411533428","55.5587462306431","43.5647052418868","35.6384522531317","37.9422703225365","27.2673916257856","25.0338810211734","19.4373820609058","16.0073348577668",".."
Spain,"ESP","Secure Internet servers (per 1 million people)","IT.NET.SECR.P6","2764.10124822262","7250.46311851917","11306.5682447896","17700.6267665434","21589.3884182375","24984.2229191447","27046.3366105902","28733.8233897512","29986.3824811398",".."
Spain,"ESP","Fixed broadband subscriptions (per 100 people)","IT.NET.BBND.P2","30.1986308494311","31.2964612808116","32.2277444368856","32.9220023670648","33.9527590155171","34.9302420932073","35.7846414290159","37.2148181549182","39.2337541858756",".."
Spain,"ESP","ICT goods imports (% total goods imports)","TM.VAL.ICTG.ZS.UN","4.98","5.1","4.96","5.08","5.8","5.28","4.33","..","..",".."
Spain,"ESP","Individuals using the Internet (% of population)","IT.NET.USER.ZS","80.5613329432179","84.6022457016524","86.107235525659","90.718665325267","93.20564892","93.89752157","94.4855432","95.44564516","95.7574516",".."
Spain,"ESP","School enrollment, tertiary (% gross)","SE.TER.ENRR","89.810791015625","92.070182800293","92.5194931030273","91.5387725830078","91.59912109375","95.3768997192383","95.0271606445312","93.7303466796875","93.7689666748047",".."
Spain,"ESP","Research and development expenditure (% of GDP)","GB.XPD.RSDV.GD.ZS","1.1808","1.20198","1.23288","1.24207","1.39637","1.39617","1.40684","1.49362","..",".."
Spain,"ESP","High-technology exports (% of manufactured exports)","TX.VAL.TECH.MF.ZS","7.80248141094868","6.99949013494316","6.76693548745416","6.84640091103014","7.76842135531122","9.39320382214351","12.5837187911388","9.56253561613111","9.28447661569937",".."
Spain,"ESP","GDP per person employed (constant 2021 PPP $)","SL.GDP.PCAP.EM.KD","111018.756501687","111039.894016921","111147.640456212","110743.211960685","101656.794523899","105480.455434457","108027.315744828","107873.575596821","108590.270486656",".."
Sri Lanka,"LKA","GDP growth (annual %)","NY.GDP.MKTP.KD.ZG","5.05362488994436","6.46068127065753","2.31008425545845","-0.220483886831275","-4.62451503749502","4.2074764951157","-7.34919301306745","-2.3298481898334","5.00871930957159",".."
Sri Lanka,"LKA","Inflation, consumer prices (annual %)","FP.CPI.TOTL.ZG","3.9588884659307","7.70413767850602","2.135037737132","3.52839358231811","6.15394508391738","7.01478071238195","49.7211021114327","16.5411742279832","-0.42936004906973",".."
Sri Lanka,"LKA","Gross fixed capital formation (% of GDP)","NE.GDI.FTOT.ZS","30.0891002438121","31.6001879090711","30.741963079897","28.5461677263665","25.56406175833","26.3457342576137","23.9141452966445","17.8405226610902","18.7930222888714",".."
Sri Lanka,"LKA","Foreign direct investment, net inflows (% of GDP)","BX.KLT.DINV.WD.GD.ZS","1.01937184461335","1.45462805347273","1.70888696252001","0.835367459152173","0.514700552667608","0.66882570941316","1.19249322228342","0.851705946554554","0.769118881748846",".."
Sri Lanka,"LKA","Domestic credit to private sector (% of GDP)","FS.AST.PRVT.GD.ZS","42.475665287697","43.8827525641269","46.6984073263911","47.0084929450456","..","..","..","..","..",".."
Sri Lanka,"LKA","Real interest rate (%)","FR.INR.RINR","4.78941323322391","5.78078147661926","6.95991098649327","7.09887513218267","..","..","..","..","..",".."
Sri Lanka,"LKA","Market capitalization of listed domestic companies (% of GDP)","CM.MKT.LCAP.GD.ZS","21.225828436206","20.0907603396914","16.4902248431908","17.6637848505495","18.9503777964471","30.553193970152","14.2942922508869","15.6745158045432","19.7056510454571",".."
Sri Lanka,"LKA","Stocks traded, total value (% of GDP)","CM.MKT.TRAD.GD.ZS","1.36795494295861","2.54388415138562","1.16190557363101","1.0586446019342","2.20042373483386","5.95482901153493","2.27185241986285","1.22160430289285","1.50947040791683",".."
Sri Lanka,"LKA","Secure Internet servers (per 1 million people)","IT.NET.SECR.P6","71.054740911877","305.085535822496","412.413474850023","328.441040223822","384.232857338382","482.487813684781","486.542536405031","482.370558605981","448.71326884468",".."
Sri Lanka,"LKA","Fixed broadband subscriptions (per 100 people)","IT.NET.BBND.P2","4.07189669081491","5.5257624644358","6.93976008216017","7.43541256815093","7.8962203692284","10.5401488574725","9.63609972688813","8.76545173115153","8.4682688580745",".."
Sri Lanka,"LKA","ICT goods imports (% total goods imports)","TM.VAL.ICTG.ZS.UN","4.95","4.73","..","4.64","5.36","6.2","3.01","..","..",".."
Sri Lanka,"LKA","Individuals using the Internet (% of population)","IT.NET.USER.ZS","22.19","25.07550049","28.33620071","32.02090073","36.18473435","44.45308724","48.3","51.2","54.59",".."
Sri Lanka,"LKA","School enrollment, tertiary (% gross)","SE.TER.ENRR","17.1510485178135","17.1941300290821","17.8869756778112","19.4563160693078","20.1614879343022","20.7824292013914","22.3679922774735","20.7412633848006","..",".."
Sri Lanka,"LKA","Research and development expenditure (% of GDP)","GB.XPD.RSDV.GD.ZS","0.12034","0.11818","0.11949","..","0.11616","..","0.10506","..","..",".."
Sri Lanka,"LKA","High-technology exports (% of manufactured exports)","TX.VAL.TECH.MF.ZS","0.94390431969077","1.0199370522552","..","1.10210418160865","1.25639280641254","1.04519129609506","1.0863745770214","1.41723845257758","1.53793971540437",".."
Sri Lanka,"LKA","GDP per person employed (constant 2021 PPP $)","SL.GDP.PCAP.EM.KD","35636.0161075014","37122.96791429","39219.258295415","38492.3046054386","37906.4919858928","39270.6983832458","36097.5004588303","37071.5144707062","37900.0656636717",".."
St. Kitts and Nevis,"KNA","GDP growth (annual %)","NY.GDP.MKTP.KD.ZG","3.93270319273282","0.220941147299996","2.00352549800972","2.93824658056356","-15.3018891740649","0.367606879216311","10.4804941546807","3.02127526129283","0.312226855858171",".."
St. Kitts and Nevis,"KNA","Inflation, consumer prices (annual %)","FP.CPI.TOTL.ZG","-0.687037123294039","0.694916711613604","-1.03712214131572","-0.329562063663977","-1.16724501769353","1.195688870384","2.66817533111249","3.55711230848243","..",".."
St. Kitts and Nevis,"KNA","Gross fixed capital formation (% of GDP)","NE.GDI.FTOT.ZS","..","..","..","..","..","..","..","..","..",".."
St. Kitts and Nevis,"KNA","Foreign direct investment, net inflows (% of GDP)","BX.KLT.DINV.WD.GD.ZS","12.0592980087624","4.54372053093376","3.72038789959679","5.63784923158187","0.321150763222841","2.23512681815828","4.1869384420309","2.82603990513145","3.74957950139418",".."
St. Kitts and Nevis,"KNA","Domestic credit to private sector (% of GDP)","FS.AST.PRVT.GD.ZS","51.4686526315015","49.2745914276904","49.170118485695","48.5172889900743","61.5059980977042","68.1809358662457","63.0959748816919","61.7075986050395","64.3325248725437",".."
St. Kitts and Nevis,"KNA","Real interest rate (%)","FR.INR.RINR","7.9333692092022","4.14506835996064","9.02036035860638","8.55518420825576","14.2770847548622","10.7071990546624","3.47030501445566","2.16417481337039","0.433661370692477",".."
St. Kitts and Nevis,"KNA","Market capitalization of listed domestic companies (% of GDP)","CM.MKT.LCAP.GD.ZS","..","..","..","..","..","..","..","..","..",".."
St. Kitts and Nevis,"KNA","Stocks traded, total value (% of GDP)","CM.MKT.TRAD.GD.ZS","..","..","..","..","..","..","..","..","..",".."
St. Kitts and Nevis,"KNA","Secure Internet servers (per 1 million people)","IT.NET.SECR.P6","977.16409984068","3443.14558979809","4977.87610619469","6155.22235474527","7062.08662257307","7420.39646729252","9398.6169688925","8233.88511056931","11720.0008539163",".."
St. Kitts and Nevis,"KNA","Fixed broadband subscriptions (per 100 people)","IT.NET.BBND.P2","30.1178969729156","62.2146652497343","34.8472600408441","43.4039018572159","45.9569020695541","43.0254688535808","46.7447387013209","..","..",".."
St. Kitts and Nevis,"KNA","ICT goods imports (% total goods imports)","TM.VAL.ICTG.ZS.UN","6.04","5.51","..","..","..","..","..","..","..",".."
St. Kitts and Nevis,"KNA","Individuals using the Internet (% of population)","IT.NET.USER.ZS","66.97389984","67.78440094","68.60479736","69.43499756","70.27529907","74.37159729","75.76229858","76.58950043","76.88400269",".."
St. Kitts and Nevis,"KNA","School enrollment, tertiary (% gross)","SE.TER.ENRR","..","..","..","..","..","..","..","..","..",".."
St. Kitts and Nevis,"KNA","Research and development expenditure (% of GDP)","GB.XPD.RSDV.GD.ZS","..","..","..","..","..","..","..","..","..",".."
St. Kitts and Nevis,"KNA","High-technology exports (% of manufactured exports)","TX.VAL.TECH.MF.ZS","25.7634764740236","34.6026368990477","..","..","..","..","..","..","..",".."
St. Kitts and Nevis,"KNA","GDP per person employed (constant 2021 PPP $)","SL.GDP.PCAP.EM.KD","..","..","..","..","..","..","..","..","..",".."
St. Lucia,"LCA","GDP growth (annual %)","NY.GDP.MKTP.KD.ZG","3.42787214525211","3.37982617272246","2.88677902171601","-0.700322396299441","-24.3614732129122","11.598783583643","20.3884431828414","2.20988276526516","3.89175024218898",".."
St. Lucia,"LCA","Inflation, consumer prices (annual %)","FP.CPI.TOTL.ZG","-3.07821765676927","0.104262078958441","1.93561893150602","0.539087559191757","-1.75580833517594","2.41070312174393","6.37814695133351","4.07060821926204","-0.110283575834694",".."
St. Lucia,"LCA","Gross fixed capital formation (% of GDP)","NE.GDI.FTOT.ZS","..","..","..","..","..","..","..","..","..",".."
St. Lucia,"LCA","Foreign direct investment, net inflows (% of GDP)","BX.KLT.DINV.WD.GD.ZS","8.64914217402882","4.500439600106","2.20879100094065","3.60370334233035","6.61223231489807","3.76096784623319","2.47761444857422","8.35645076926594","7.32073642166254",".."
St. Lucia,"LCA","Domestic credit to private sector (% of GDP)","FS.AST.PRVT.GD.ZS","64.0454146325026","58.8737129259668","55.9031409378605","53.9600313216425","78.6029535281272","63.0459991272266","51.0712484566023","50.6183389342295","50.7158185941966",".."
St. Lucia,"LCA","Real interest rate (%)","FR.INR.RINR","8.53402974257799","4.71842548171106","7.86045190058087","5.21251023731005","13.2524431665883","-4.3354163556469","2.20093584416499","4.84221250145505","5.27404188470773",".."
St. Lucia,"LCA","Market capitalization of listed domestic companies (% of GDP)","CM.MKT.LCAP.GD.ZS","..","..","..","..","..","..","..","..","..",".."
St. Lucia,"LCA","Stocks traded, total value (% of GDP)","CM.MKT.TRAD.GD.ZS","..","..","..","..","..","..","..","..","..",".."
St. Lucia,"LCA","Secure Internet servers (per 1 million people)","IT.NET.SECR.P6","187.877890757546","198.477957605108","259.862047148014","309.578354281469","387.096774193548","352.897682078399","721.553185181871","702.791644588225","734.377781734022",".."
St. Lucia,"LCA","Fixed broadband subscriptions (per 100 people)","IT.NET.BBND.P2","16.9579722851645","18.0490183847297","18.227062937458","8.88489876787815","19.9725105189341","10.675434960397","13.571912004072","..","..",".."
St. Lucia,"LCA","ICT goods imports (% total goods imports)","TM.VAL.ICTG.ZS.UN","4.29","4.84","4.36","4.61","4.59","..","..","..","..",".."
St. Lucia,"LCA","Individuals using the Internet (% of population)","IT.NET.USER.ZS","58.22259903","59.16009903","60.11259842","61.08050156","62.06399918","63.06330109","66.95159912","67.44390106","68.20500183",".."
St. Lucia,"LCA","School enrollment, tertiary (% gross)","SE.TER.ENRR","19.7992000579834","20.7471294403076","14.6563596725464","15.9467096328735","16.8199691772461","..","16.1808795928955","15.0396404266357","..",".."
St. Lucia,"LCA","Research and development expenditure (% of GDP)","GB.XPD.RSDV.GD.ZS","..","..","..","..","..","..","..","..","..",".."
St. Lucia,"LCA","High-technology exports (% of manufactured exports)","TX.VAL.TECH.MF.ZS","6.42816003025321","4.56902283276527","14.3495987473129","10.5277013660072","9.33224017462958","..","..","..","..",".."
St. Lucia,"LCA","GDP per person employed (constant 2021 PPP $)","SL.GDP.PCAP.EM.KD","49230.6041250435","49879.4732946866","50613.859264576","48398.765011939","52493.0741683239","44990.6750084198","48273.9852430639","47279.265423545","47999.6890766695",".."
St. Martin (French part),"MAF","GDP growth (annual %)","NY.GDP.MKTP.KD.ZG","5","-8.00000324038295","-7.99999506898229","6.50000363700821","-12.500002246731","4.89999967133534","..","..","..",".."
St. Martin (French part),"MAF","Inflation, consumer prices (annual %)","FP.CPI.TOTL.ZG","..","..","..","..","..","..","..","..","..",".."
St. Martin (French part),"MAF","Gross fixed capital formation (% of GDP)","NE.GDI.FTOT.ZS","..","..","..","..","..","..","..","..","..",".."
St. Martin (French part),"MAF","Foreign direct investment, net inflows (% of GDP)","BX.KLT.DINV.WD.GD.ZS","..","..","..","..","..","..","..","..","..",".."
St. Martin (French part),"MAF","Domestic credit to private sector (% of GDP)","FS.AST.PRVT.GD.ZS","..","..","..","..","..","..","..","..","..",".."
St. Martin (French part),"MAF","Real interest rate (%)","FR.INR.RINR","..","..","..","..","..","..","..","..","..",".."
St. Martin (French part),"MAF","Market capitalization of listed domestic companies (% of GDP)","CM.MKT.LCAP.GD.ZS","..","..","..","..","..","..","..","..","..",".."
St. Martin (French part),"MAF","Stocks traded, total value (% of GDP)","CM.MKT.TRAD.GD.ZS","..","..","..","..","..","..","..","..","..",".."
St. Martin (French part),"MAF","Secure Internet servers (per 1 million people)","IT.NET.SECR.P6","322.797579018157","244.319569997557","305.453737643008","..","471.905870509029","467.274123026601","1039.14097679252","1272.03343630747","2411.11408779517",".."
St. Martin (French part),"MAF","Fixed broadband subscriptions (per 100 people)","IT.NET.BBND.P2","..","..","..","..","..","..","..","..","..",".."
St. Martin (French part),"MAF","ICT goods imports (% total goods imports)","TM.VAL.ICTG.ZS.UN","..","..","..","..","..","..","..","..","..",".."
St. Martin (French part),"MAF","Individuals using the Internet (% of population)","IT.NET.USER.ZS","..","..","..","..","..","..","..","..","..",".."
St. Martin (French part),"MAF","School enrollment, tertiary (% gross)","SE.TER.ENRR","..","..","..","..","..","..","..","..","..",".."
St. Martin (French part),"MAF","Research and development expenditure (% of GDP)","GB.XPD.RSDV.GD.ZS","..","..","..","..","..","..","..","..","..",".."
St. Martin (French part),"MAF","High-technology exports (% of manufactured exports)","TX.VAL.TECH.MF.ZS","..","..","..","..","..","..","..","..","..",".."
St. Martin (French part),"MAF","GDP per person employed (constant 2021 PPP $)","SL.GDP.PCAP.EM.KD","..","..","..","..","..","..","..","..","..",".."
St. Vincent and the Grenadines,"VCT","GDP growth (annual %)","NY.GDP.MKTP.KD.ZG","4.1496810046981","1.54810173239956","3.1756114423991","0.668428481084234","-4.26892434422649","2.09340124465459","3.1108330034352","5.32636472098717","4.06183490050209",".."
St. Vincent and the Grenadines,"VCT","Inflation, consumer prices (annual %)","FP.CPI.TOTL.ZG","-0.149641647633284","2.15333648840511","2.32414485367921","0.91306972532459","-0.628131309354654","1.57272932500558","5.66009779226552","4.56457719814894","3.62770736940927",".."
St. Vincent and the Grenadines,"VCT","Gross fixed capital formation (% of GDP)","NE.GDI.FTOT.ZS","..","..","..","..","..","..","..","..","..",".."
St. Vincent and the Grenadines,"VCT","Foreign direct investment, net inflows (% of GDP)","BX.KLT.DINV.WD.GD.ZS","8.66074512206484","19.5953970726633","4.52412383276845","7.5606563885612","7.54647187844049","18.8915993798527","6.59514716509223","6.88612464767325","12.0060314102276",".."
St. Vincent and the Grenadines,"VCT","Domestic credit to private sector (% of GDP)","FS.AST.PRVT.GD.ZS","48.0592826409293","46.7070222167615","44.4315216799501","43.6128218687711","47.5178316690442","46.2241449010807","41.1896765400759","39.7035964960761","36.6622712404704",".."
St. Vincent and the Grenadines,"VCT","Real interest rate (%)","FR.INR.RINR","9.77295220423226","6.545241682768","6.83138666227532","5.94263071975383","8.87117590771937","6.92198961357141","-0.518741606481612","4.12832139759897","3.26262786896019",".."
St. Vincent and the Grenadines,"VCT","Market capitalization of listed domestic companies (% of GDP)","CM.MKT.LCAP.GD.ZS","..","..","..","..","..","..","..","..","..",".."
St. Vincent and the Grenadines,"VCT","Stocks traded, total value (% of GDP)","CM.MKT.TRAD.GD.ZS","..","..","..","..","..","..","..","..","..",".."
St. Vincent and the Grenadines,"VCT","Secure Internet servers (per 1 million people)","IT.NET.SECR.P6","197.463069704464","170.352914454445","95.3052627566094","95.999692800983","135.23172922744","194.474966209975","225.388550261647","167.780267066707","268.346982587262",".."
St. Vincent and the Grenadines,"VCT","Fixed broadband subscriptions (per 100 people)","IT.NET.BBND.P2","20.5596667575624","18.2400651126695","23.4574843222843","20.8463332917335","23.8906168498735","27.1020312910221","28.9967269662701","30.4935700680004","29.4605231772283",".."
St. Vincent and the Grenadines,"VCT","ICT goods imports (% total goods imports)","TM.VAL.ICTG.ZS.UN","4","3.6","4.44","4.22","5.18","4.14","..","..","..",".."
St. Vincent and the Grenadines,"VCT","Individuals using the Internet (% of population)","IT.NET.USER.ZS","51.5","53.70000076","56","59.57630157","63.38100052","68.83339691","74.75479889","75.53679657","76.19010162",".."
St. Vincent and the Grenadines,"VCT","School enrollment, tertiary (% gross)","SE.TER.ENRR","23.6683079677708","25.7215423689679","26.0140359224456","29.6853960093035","33.6692278624512","35.7032258064516","41.4983277591973","..","..",".."
St. Vincent and the Grenadines,"VCT","Research and development expenditure (% of GDP)","GB.XPD.RSDV.GD.ZS","..","..","..","..","..","..","..","..","..",".."
St. Vincent and the Grenadines,"VCT","High-technology exports (% of manufactured exports)","TX.VAL.TECH.MF.ZS","0.00401031383724292","0.000819764125541957","0.00108928827278134","9.92617584682862","0","0.00345024871330536","4.0070872997932","4.93442861881868","..",".."
St. Vincent and the Grenadines,"VCT","GDP per person employed (constant 2021 PPP $)","SL.GDP.PCAP.EM.KD","36540.6341287132","37127.3047331029","38321.0602059312","38761.411312799","38396.1924852521","39103.3773315739","39533.9272710815","41132.2980235692","42666.2700857994",".."
Sudan,"SDN","GDP growth (annual %)","NY.GDP.MKTP.KD.ZG","3.46764218409288","0.70925628476644","-2.6809305497999","-2.17825104530091","-3.62980082410752","-1.8685204827207","-0.957816591119183","-29.4332718325149","-13.9643375197179",".."
Sudan,"SDN","Inflation, consumer prices (annual %)","FP.CPI.TOTL.ZG","17.750253831196","32.3516260968437","63.2925073455888","50.9940515002965","163.257782355458","359.093040778999","138.80846024176","..","..",".."
Sudan,"SDN","Gross fixed capital formation (% of GDP)","NE.GDI.FTOT.ZS","9.3059152625505","10.7686344431485","9.9893502376745","14.3050078362201","5.78653523341068","3.46580920270714","2.17826429341476","2.17279846218936","2.88674000548273",".."
Sudan,"SDN","Foreign direct investment, net inflows (% of GDP)","BX.KLT.DINV.WD.GD.ZS","2.49532759301928","2.58043876395005","3.51269523880448","2.55226968828806","2.65193447042229","1.52754029838982","1.11000421594226","1.37399372870934","..",".."
Sudan,"SDN","Domestic credit to private sector (% of GDP)","FS.AST.PRVT.GD.ZS","8.21971643252736","8.38975613758766","9.35475603325025","9.17361614121809","7.89088716237967","6.61986449215035","5.63980468495649","..","..",".."
Sudan,"SDN","Real interest rate (%)","FR.INR.RINR","..","..","..","..","..","..","..","..","..",".."
Sudan,"SDN","Market capitalization of listed domestic companies (% of GDP)","CM.MKT.LCAP.GD.ZS","..","..","..","..","..","..","..","..","..",".."
Sudan,"SDN","Stocks traded, total value (% of GDP)","CM.MKT.TRAD.GD.ZS","..","..","..","..","..","..","..","..","..",".."
Sudan,"SDN","Secure Internet servers (per 1 million people)","IT.NET.SECR.P6","1.26030383210892","1.84949744940255","4.36349535059396","4.03967886748481","6.02702788596803","8.50896970232587","9.45662936650749","2.13817011125539","2.3984635719866",".."
Sudan,"SDN","Fixed broadband subscriptions (per 100 people)","IT.NET.BBND.P2","0.0639264882225092","0.071519364027593","0.070883060223742","0.0719282386176834","0.0615141548276354","0.0632992450276202","0.0604394040047428","..","..",".."
Sudan,"SDN","ICT goods imports (% total goods imports)","TM.VAL.ICTG.ZS.UN","2.26","1.65","1.59","..","..","..","..","..","..",".."
Sudan,"SDN","Individuals using the Internet (% of population)","IT.NET.USER.ZS","14.0999999446534","18.60000038","..","..","..","..","..","..","..",".."
Sudan,"SDN","School enrollment, tertiary (% gross)","SE.TER.ENRR","..","..","..","..","..","..","..","..","..",".."
Sudan,"SDN","Research and development expenditure (% of GDP)","GB.XPD.RSDV.GD.ZS","..","..","..","..","..","..","..","..","..",".."
Sudan,"SDN","High-technology exports (% of manufactured exports)","TX.VAL.TECH.MF.ZS","1.15970094833133","0.600626152786153","2.20240348221045","..","..","..","..","..","..",".."
Sudan,"SDN","GDP per person employed (constant 2021 PPP $)","SL.GDP.PCAP.EM.KD","19533.651797925","19158.7336548473","18157.5480118438","17437.856962261","16868.6708901479","16197.4562157449","15276.6478826748","..","..",".."
Suriname,"SUR","GDP growth (annual %)","NY.GDP.MKTP.KD.ZG","-4.91166050905851","1.56603782534897","4.94827108468886","1.16758977233877","-15.9751917148622","-2.43538583612838","2.40622235601218","2.41659223498058","1.72095737011739",".."
Suriname,"SUR","Inflation, consumer prices (annual %)","FP.CPI.TOTL.ZG","55.4123879763196","21.9969430173304","..","..","34.889784309078","59.1196626251977","52.446027276241","51.5873159600861","16.2296159130279",".."
Suriname,"SUR","Gross fixed capital formation (% of GDP)","NE.GDI.FTOT.ZS","..","..","..","..","..","..","..","..","..",".."
Suriname,"SUR","Foreign direct investment, net inflows (% of GDP)","BX.KLT.DINV.WD.GD.ZS","6.9833403838341","2.67494793416759","3.27713336345246","2.09560541663346","0.0357132024302943","-4.26991302669251","-0.245419018781694","-1.52896596211284","-0.850285319023894",".."
Suriname,"SUR","Domestic credit to private sector (% of GDP)","FS.AST.PRVT.GD.ZS","36.3293876411773","28.2868866474438","24.2780778063315","23.0940833809237","24.2209075589576","18.1047543764174","19.3784779706784","16.5984067841251","17.0207142282833",".."
Suriname,"SUR","Real interest rate (%)","FR.INR.RINR","-8.53234849128659","-10.7066949477175","8.17572653651775","9.30349148093913","-20.948951476167","-29.1137816722331","-23.205748142401","-14.2202605946803","1.75968116241683",".."
Suriname,"SUR","Market capitalization of listed domestic companies (% of GDP)","CM.MKT.LCAP.GD.ZS","..","..","..","..","..","..","..","..","..",".."
Suriname,"SUR","Stocks traded, total value (% of GDP)","CM.MKT.TRAD.GD.ZS","..","..","..","..","..","..","..","..","..",".."
Suriname,"SUR","Secure Internet servers (per 1 million people)","IT.NET.SECR.P6","134.409288192229","193.696280862976","280.22745128129","505.143883466938","6800.39913966132","5297.00791071637","3926.73517725671","1388.1689209173","2060.11370818891",".."
Suriname,"SUR","Fixed broadband subscriptions (per 100 people)","IT.NET.BBND.P2","12.1167421230202","11.9951895949727","12.2059071279522","13.2740587155479","15.0689920417039","19.899950800782","20.0260284612076","17.5373597122531","18.7523938773484",".."
Suriname,"SUR","ICT goods imports (% total goods imports)","TM.VAL.ICTG.ZS.UN","2.35","3.96","2.05","2.02","1.46","2.02","2.05","..","..",".."
Suriname,"SUR","Individuals using the Internet (% of population)","IT.NET.USER.ZS","45.40000153","48.94520187","55.10210037","62.03350067","..","..","..","87.4","..",".."
Suriname,"SUR","School enrollment, tertiary (% gross)","SE.TER.ENRR","..","..","..","5.26435130947432","5.30574712643678","8.45416298008342","5.02487384130847","4.93785087797966","2.56642457392281",".."
Suriname,"SUR","Research and development expenditure (% of GDP)","GB.XPD.RSDV.GD.ZS","..","..","..","..","..","..","..","..","..",".."
Suriname,"SUR","High-technology exports (% of manufactured exports)","TX.VAL.TECH.MF.ZS","20.0322377368517","8.27750945429983","5.82189672750917","12.5218071779899","2.51195891099727","4.63398792876065","11.3501449837729","3.21274943551639","10.3729916697731",".."
Suriname,"SUR","GDP per person employed (constant 2021 PPP $)","SL.GDP.PCAP.EM.KD","59232.312416997","59194.0538938199","60971.0092095587","60708.0150618","54441.8198866423","51693.8670148933","51707.7980671095","51933.3164639417","51861.8052786701",".."
Sweden,"SWE","GDP growth (annual %)","NY.GDP.MKTP.KD.ZG","2.13117914731151","1.88282184966646","1.7702553546772","2.60823012869524","-1.93379704032216","5.2258643028773","1.25543620445816","-0.204061304891439","0.820071806703865",".."
Sweden,"SWE","Inflation, consumer prices (annual %)","FP.CPI.TOTL.ZG","0.984269244577992","1.79449904665599","1.95353530127028","1.78415097403835","0.497367318853572","2.16319736447143","8.36929098869189","8.5486248974891","2.83581658224034",".."
Sweden,"SWE","Gross fixed capital formation (% of GDP)","NE.GDI.FTOT.ZS","23.8714205355535","24.5812672645971","24.6138158333991","23.8411457244241","24.5326066682559","25.1158043176516","25.590797768041","25.4119400890775","25.0968871804526",".."
Sweden,"SWE","Foreign direct investment, net inflows (% of GDP)","BX.KLT.DINV.WD.GD.ZS","3.01534061830454","4.54156677126576","-0.129928906336359","2.9559286166832","3.36375559523307","9.17868162234424","9.35228228785513","3.22512369002956","4.47808450970011",".."
Sweden,"SWE","Domestic credit to private sector (% of GDP)","FS.AST.PRVT.GD.ZS","129.172366333007","132.715906095455","133.266789972115","131.822474370602","138.459181444506","136.797864800213","136.077652643424","129.136765656002","125.520424248684",".."
Sweden,"SWE","Real interest rate (%)","FR.INR.RINR","..","..","..","..","..","..","..","..","..",".."
Sweden,"SWE","Market capitalization of listed domestic companies (% of GDP)","CM.MKT.LCAP.GD.ZS","..","..","..","..","..","..","..","..","..",".."
Sweden,"SWE","Stocks traded, total value (% of GDP)","CM.MKT.TRAD.GD.ZS","..","..","..","..","..","..","..","..","..",".."
Sweden,"SWE","Secure Internet servers (per 1 million people)","IT.NET.SECR.P6","6205.93293315536","13619.1203991212","18608.4538369414","25688.2870684346","32739.7400787101","38601.5068821813","45805.4450768818","52996.3464606147","55097.2595366627",".."
Sweden,"SWE","Fixed broadband subscriptions (per 100 people)","IT.NET.BBND.P2","37.0821744423215","38.3266046004608","38.7413375683818","39.2905524546107","40.3679810262741","40.8351431063991","40.6093424279832","40.7340135908716","40.6156538715616",".."
Sweden,"SWE","ICT goods imports (% total goods imports)","TM.VAL.ICTG.ZS.UN","9.81","9.25","9.16","8.99","10.13","9.81","8.69","..","..",".."
Sweden,"SWE","Individuals using the Internet (% of population)","IT.NET.USER.ZS","89.6509476102355","93.0062669652127","89.2469631588137","94.4934434072202","94.53943122","94.6703163","95.00970335","95.70327461","95.52930428","95.76629783"
Sweden,"SWE","School enrollment, tertiary (% gross)","SE.TER.ENRR","68.306037902832","70.4342498779297","73.4083786010742","75.1148529052734","79.1196365356445","85.9426193237305","83.8976135253906","81.3998184204102","83.9988098144531",".."
Sweden,"SWE","Research and development expenditure (% of GDP)","GB.XPD.RSDV.GD.ZS","3.25643","3.39374","3.34602","3.39847","3.50181","3.41565","3.47239","3.59978","..",".."
Sweden,"SWE","High-technology exports (% of manufactured exports)","TX.VAL.TECH.MF.ZS","17.8376016375053","15.1103424459526","14.1643140590828","14.5057835745267","15.1359508380239","13.9348317468926","17.2566541363702","17.6238520277113","17.6524551082203",".."
Sweden,"SWE","GDP per person employed (constant 2021 PPP $)","SL.GDP.PCAP.EM.KD","122019.049342135","121924.139323812","122104.503892966","124513.71338645","123917.94450324","130159.305796337","127924.409260146","126231.814876187","127938.952936147",".."
Switzerland,"CHE","GDP growth (annual %)","NY.GDP.MKTP.KD.ZG","2.06868969039562","1.36279965488859","2.86044579439036","1.14198218965691","-2.14173712008038","5.55962020605844","3.04406102969423","0.683328174376044","1.30233332541106",".."
Switzerland,"CHE","Inflation, consumer prices (annual %)","FP.CPI.TOTL.ZG","-0.434618664285814","0.533787839825876","0.936335464113572","0.362886179940674","-0.725874933313402","0.581814168489855","2.83502798644451","2.13540088016386","1.06234041976594",".."
Switzerland,"CHE","Gross fixed capital formation (% of GDP)","NE.GDI.FTOT.ZS","26.4998168152161","27.1488889494665","26.6026939426771","26.6222041866252","26.9939096017202","26.2560766763758","25.6510388708704","25.8242433719251","25.0546188527537",".."
Switzerland,"CHE","Foreign direct investment, net inflows (% of GDP)","BX.KLT.DINV.WD.GD.ZS","24.8364271188431","21.1132101645126","-22.2992307115934","3.09898460757035","-32.1514826654422","-14.8138174061548","-1.49836009615472","-12.9086989818136","-11.5737467714118",".."
Switzerland,"CHE","Domestic credit to private sector (% of GDP)","FS.AST.PRVT.GD.ZS","170.385550398773","..","..","..","..","..","..","..","..",".."
Switzerland,"CHE","Real interest rate (%)","FR.INR.RINR","3.24890889407591","3.00636749469891","1.84900465311309","2.73966457945977","3.35750970986686","1.30116110583325","-0.381723877020374","1.95038923018577","1.66594698002375",".."
Switzerland,"CHE","Market capitalization of listed domestic companies (% of GDP)","CM.MKT.LCAP.GD.ZS","204.007104415449","242.591347670345","198.624946928415","254.301608931646","269.758015141163","285.499861406335","220.942050283053","228.604263937912","210.494026368695",".."
Switzerland,"CHE","Stocks traded, total value (% of GDP)","CM.MKT.TRAD.GD.ZS","121.710067022521","136.41196379986","129.325608644557","133.870934167074","176.240405236939","104.704419237648","104.426729978185","85.9980180989562","76.8072120948976",".."
Switzerland,"CHE","Secure Internet servers (per 1 million people)","IT.NET.SECR.P6","17196.7260846272","32951.9962517038","68154.7541796893","95783.2280695208","120002.310675401","140348.158307165","151274.203927316","163621.681253151","167357.645513638",".."
Switzerland,"CHE","Fixed broadband subscriptions (per 100 people)","IT.NET.BBND.P2","45.0860971371482","46.3318234490564","45.6049920012625","46.912372381587","46.4813712779996","47.9433096708255","46.6747503634479","46.8364627671237","47.0197818175134",".."
Switzerland,"CHE","ICT goods imports (% total goods imports)","TM.VAL.ICTG.ZS.UN","3.6620921659","3.9120478189","3.9060966374","3.8459024977","3.7767842901","..","..","..","..",".."
Switzerland,"CHE","Individuals using the Internet (% of population)","IT.NET.USER.ZS","89.1346877351392","89.6861476710225","91.80000305","93.1460869535177","94.34999847","95.56937154","96.45279694","97.34436623","97.3443985","97.32103855"
Switzerland,"CHE","School enrollment, tertiary (% gross)","SE.TER.ENRR","61.1939888000488","62.4597206115723","64.3533935546875","66.3093414306641","68.0676422119141","71.893928527832","74.1526794433594","74.0060882568359","73.5430526733398",".."
Switzerland,"CHE","Research and development expenditure (% of GDP)","GB.XPD.RSDV.GD.ZS","..","3.04671","..","3.14983","..","3.24862","..","3.22178","..",".."
Switzerland,"CHE","High-technology exports (% of manufactured exports)","TX.VAL.TECH.MF.ZS","27.335457169438","14.0238568621919","13.3182169315591","12.9094936723953","12.8450867094278","14.2350632729725","29.9881397976664","29.3340286978728","29.6239015157944",".."
Switzerland,"CHE","GDP per person employed (constant 2021 PPP $)","SL.GDP.PCAP.EM.KD","139096.177668694","139845.253851302","142685.245692624","143411.166919806","140669.813316908","148248.306517319","151549.14824095","149598.352334901","150728.771415984",".."
Syrian Arab Republic,"SYR","GDP growth (annual %)","NY.GDP.MKTP.KD.ZG","-6.4055907393619","-0.723281777470547","1.39317607830837","1.22070522070523","-0.697154504235129","1.85421590064124","0.732781301861365","..","..",".."
Syrian Arab Republic,"SYR","Inflation, consumer prices (annual %)","FP.CPI.TOTL.ZG","47.7051615298923","18.0752696281771","0.940983843906769","13.4175653228571","..","..","..","..","..",".."
Syrian Arab Republic,"SYR","Gross fixed capital formation (% of GDP)","NE.GDI.FTOT.ZS","7.88045908286559","8.97080175593626","9.03030447891804","7.38867672736526","6.36567853424492","5.44532202273757","4.46598180138214","..","..",".."
Syrian Arab Republic,"SYR","Foreign direct investment, net inflows (% of GDP)","BX.KLT.DINV.WD.GD.ZS","..","..","..","..","..","..","..","..","..",".."
Syrian Arab Republic,"SYR","Domestic credit to private sector (% of GDP)","FS.AST.PRVT.GD.ZS","..","..","..","..","..","..","..","..","..",".."
Syrian Arab Republic,"SYR","Real interest rate (%)","FR.INR.RINR","..","..","..","..","..","..","..","..","..",".."
Syrian Arab Republic,"SYR","Market capitalization of listed domestic companies (% of GDP)","CM.MKT.LCAP.GD.ZS","..","..","..","..","..","..","..","..","..",".."
Syrian Arab Republic,"SYR","Stocks traded, total value (% of GDP)","CM.MKT.TRAD.GD.ZS","..","..","..","..","..","..","..","..","..",".."
Syrian Arab Republic,"SYR","Secure Internet servers (per 1 million people)","IT.NET.SECR.P6","5.73100715573553","11.8077461727818","16.4982407410009","18.9647655291705","32.589957665835","46.4195049951595","78.9327016580275","93.2839655882614","113.89078481694",".."
Syrian Arab Republic,"SYR","Fixed broadband subscriptions (per 100 people)","IT.NET.BBND.P2","5.26009550775525","7.40231248726896","6.78669179370865","7.33616579803782","7.35459379919522","7.28562915466706","7.16283326639858","6.86124546257849","..",".."
Syrian Arab Republic,"SYR","ICT goods imports (% total goods imports)","TM.VAL.ICTG.ZS.UN","..","..","..","..","..","..","..","..","..",".."
Syrian Arab Republic,"SYR","Individuals using the Internet (% of population)","IT.NET.USER.ZS","31.8696003","32.70000076","33.77000046","..","..","..","..","..","..",".."
Syrian Arab Republic,"SYR","School enrollment, tertiary (% gross)","SE.TER.ENRR","43.7606582641602","..","..","..","..","..","..","..","..",".."
Syrian Arab Republic,"SYR","Research and development expenditure (% of GDP)","GB.XPD.RSDV.GD.ZS","..","..","..","..","..","..","0.04217","..","..",".."
Syrian Arab Republic,"SYR","High-technology exports (% of manufactured exports)","TX.VAL.TECH.MF.ZS","..","..","..","..","..","..","..","..","..",".."
Syrian Arab Republic,"SYR","GDP per person employed (constant 2021 PPP $)","SL.GDP.PCAP.EM.KD","25826.9037314801","25152.9077034368","24434.9923827559","23040.7905525683","23254.7024667055","22285.358758642","20211.1558248649","..","..",".."
Tajikistan,"TJK","GDP growth (annual %)","NY.GDP.MKTP.KD.ZG","6.89999999999999","7.10000041864309","7.5999988895536","7.40000016310556","4.40000111553493","9.39999955037523","8.00000033846364","8.29999921651935","8.39999980983981",".."
Tajikistan,"TJK","Inflation, consumer prices (annual %)","FP.CPI.TOTL.ZG","6.00458082322139","..","..","..","..","..","..","..","..",".."
Tajikistan,"TJK","Gross fixed capital formation (% of GDP)","NE.GDI.FTOT.ZS","40.0691363252255","31.245780585806","35.3885211204179","31.5088648941092","27.5736883667249","31.9702046869543","31.7053317053317","28.3003294116229","..",".."
Tajikistan,"TJK","Foreign direct investment, net inflows (% of GDP)","BX.KLT.DINV.WD.GD.ZS","3.45540459636672","2.46572647891723","2.84433010113639","2.5637213527723","1.30975252279444","0.94025522151091","1.62432287476597","1.14813698883392","2.05083616601343",".."
Tajikistan,"TJK","Domestic credit to private sector (% of GDP)","FS.AST.PRVT.GD.ZS","19.0962287293006","13.0145857124699","11.9422524363348","11.582367305732","13.0320029655913","10.3441984160481","10.4170792945354","12.2229106929242","..",".."
Tajikistan,"TJK","Real interest rate (%)","FR.INR.RINR","24.270353035943","18.0694406754277","24.09604073384","19.1889598699904","..","..","..","..","..",".."
Tajikistan,"TJK","Market capitalization of listed domestic companies (% of GDP)","CM.MKT.LCAP.GD.ZS","..","..","..","..","..","..","..","..","..",".."
Tajikistan,"TJK","Stocks traded, total value (% of GDP)","CM.MKT.TRAD.GD.ZS","..","..","..","..","..","..","..","..","..",".."
Tajikistan,"TJK","Secure Internet servers (per 1 million people)","IT.NET.SECR.P6","5.75255162322907","19.5906953442162","26.753098873759","69.5700278468989","90.2627980851978","100.532682753769","100.371019213684","123.775253015001","152.489012529309",".."
Tajikistan,"TJK","Fixed broadband subscriptions (per 100 people)","IT.NET.BBND.P2","0.067677077920342","0.0660360517220772","..","0.0629593012189131","0.369964643651705","0.495991334524208","0.585196433548591","0.983936262867068","..",".."
Tajikistan,"TJK","ICT goods imports (% total goods imports)","TM.VAL.ICTG.ZS.UN","1.39","1.11","1.15","1.84","1.19","1.35","..","..","..",".."
Tajikistan,"TJK","Individuals using the Internet (% of population)","IT.NET.USER.ZS","20.46999931","21.95999908","32.59999847","22.68630028","27.54409981","36.70560074","48.91429901","54.41550064","55.79339981",".."
Tajikistan,"TJK","School enrollment, tertiary (% gross)","SE.TER.ENRR","28.5179100036621","30.2374706268311","..","..","34.6676458195911","37.4220713871838","37.2834392884446","34.9689625947729","35.6398418742497",".."
Tajikistan,"TJK","Research and development expenditure (% of GDP)","GB.XPD.RSDV.GD.ZS","0.10622","0.10957","0.09401","0.09367","0.08969","..","..","..","..",".."
Tajikistan,"TJK","High-technology exports (% of manufactured exports)","TX.VAL.TECH.MF.ZS","33.786721545945","14.7094943066209","4.28796650943169","4.52885647845312","2.60766316096919","0.408284648961987","1.62712759033372","15.2077910112936","..",".."
Tajikistan,"TJK","GDP per person employed (constant 2021 PPP $)","SL.GDP.PCAP.EM.KD","13476.1691996724","14372.7897249205","15457.0394201962","16598.9432128389","17237.119306911","18358.2870125621","18899.5507034732","19890.2163667493","20931.9737955804",".."
Tanzania,"TZA","GDP growth (annual %)","NY.GDP.MKTP.KD.ZG","6.86711619644551","6.72726996832338","5.50267599385063","5.79999999996723","1.99196460647855","4.32138429480482","4.56600576430955","5.06952353203394","5.5263138305945",".."
Tanzania,"TZA","Inflation, consumer prices (annual %)","FP.CPI.TOTL.ZG","5.17476629301493","5.31871605228931","3.49445848856181","3.46428057999021","3.29029062798325","3.69091958802199","4.35027204269101","3.79923291384916","3.05694676312373",".."
Tanzania,"TZA","Gross fixed capital formation (% of GDP)","NE.GDI.FTOT.ZS","32.7538452434608","35.1589886009781","39.0488316106315","42.6304711470676","40.5342442670396","41.459600723321","42.8203518814369","42.726818190292","41.3501218577049",".."
Tanzania,"TZA","Foreign direct investment, net inflows (% of GDP)","BX.KLT.DINV.WD.GD.ZS","1.73591210997565","1.76011643802415","1.70440979499363","1.99459353959393","1.42845965174632","1.68494347865961","1.89781100360764","2.08641570952108","2.17843632795407",".."
Tanzania,"TZA","Domestic credit to private sector (% of GDP)","FS.AST.PRVT.GD.ZS","13.670306797678","13.0765127755534","12.7000393990914","12.6383081530206","12.4351808144123","12.9776126678886","15.1576772705188","16.386679568119","16.7547897044923",".."
Tanzania,"TZA","Real interest rate (%)","FR.INR.RINR","7.89628648135895","14.7093732540287","13.9859534876626","14.3628917375248","9.63750201577468","..","..","..","..",".."
Tanzania,"TZA","Market capitalization of listed domestic companies (% of GDP)","CM.MKT.LCAP.GD.ZS","..","..","..","6.45341783135399","9.81096387975383","9.67778530775594","8.84085496580101","7.33657010889973","9.2836009913928",".."
Tanzania,"TZA","Stocks traded, total value (% of GDP)","CM.MKT.TRAD.GD.ZS","..","..","..","..","0.0280314118607341","0.0311369392314352","0.0389179429183804","0.0450709582486527","0.0840135703685802",".."
Tanzania,"TZA","Secure Internet servers (per 1 million people)","IT.NET.SECR.P6","5.57372041360052","22.2989318254631","26.7596866104678","38.327066795949","37.4101250856161","35.8743469643331","43.9332405743921","52.5836968683624","52.4065310993964",".."
Tanzania,"TZA","Fixed broadband subscriptions (per 100 people)","IT.NET.BBND.P2","0.591695","1.37184","1.49944","1.75692","1.86248","1.97842","0.110774196881278","0.10501728326893","0.246433216306666",".."
Tanzania,"TZA","ICT goods imports (% total goods imports)","TM.VAL.ICTG.ZS.UN","4.23","3.87","3.12","3.21","3.85","3.26","2.42","..","..",".."
Tanzania,"TZA","Individuals using the Internet (% of population)","IT.NET.USER.ZS","13.5042328468919","14.46339989","15.49069977","16.59090042","19.48139954","22.87540054","26.86059952","28.43190002","31.16209984",".."
Tanzania,"TZA","School enrollment, tertiary (% gross)","SE.TER.ENRR","3.72893939925404","4.78205361153138","4.27996511118124","2.85588898826608","7.18188265775187","3.59164319762461","5.32159018874409","5.16887784940301","4.01880979537964",".."
Tanzania,"TZA","Research and development expenditure (% of GDP)","GB.XPD.RSDV.GD.ZS","..","..","..","..","..","..","..","..","..",".."
Tanzania,"TZA","High-technology exports (% of manufactured exports)","TX.VAL.TECH.MF.ZS","2.31952756480127","2.55837018191353","6.89164359708857","1.28442528941505","2.68761929554671","1.68293471092468","1.70363565960126","5.06811053608461","3.00569275084221",".."
Tanzania,"TZA","GDP per person employed (constant 2021 PPP $)","SL.GDP.PCAP.EM.KD","6796.21368620229","6979.91741734497","7108.02916427693","7274.90077094387","7261.76041830374","7248.51600925229","7305.31791811677","7430.8615438717","7595.35845335691",".."
Thailand,"THA","GDP growth (annual %)","NY.GDP.MKTP.KD.ZG","3.43515771692182","4.1776810321001","4.22287028746071","2.11455779628278","-6.05003846851622","1.55216608426647","2.58037874709827","2.01775095328327","2.54182067735289",".."
Thailand,"THA","Inflation, consumer prices (annual %)","FP.CPI.TOTL.ZG","0.188149704448143","0.665631893135106","1.06389754183024","0.706728601314311","-0.845937147357041","1.23039541318384","-1.61068030486688","8.47805174421543","1.36580540798037",".."
Thailand,"THA","Gross fixed capital formation (% of GDP)","NE.GDI.FTOT.ZS","23.7136263542096","23.1083649306357","22.7862263680667","22.5729511697849","23.212428656105","23.5077904399395","23.3619271542054","22.9312009556512","22.2430564475903",".."
Thailand,"THA","Foreign direct investment, net inflows (% of GDP)","BX.KLT.DINV.WD.GD.ZS","0.843364340718618","1.81550260101987","2.71279835138662","1.01734877580041","-0.857989527274493","3.04025282072429","2.39179841841837","2.00183400496619","2.71636831286516",".."
Thailand,"THA","Domestic credit to private sector (% of GDP)","FS.AST.PRVT.GD.ZS","146.223949449025","144.640307265206","144.088791675771","143.369163383068","160.110920105828","164.095042230688","156.452416603848","154.140780148938","147.091927028252",".."
Thailand,"THA","Real interest rate (%)","FR.INR.RINR","1.78511916997275","2.46971462408852","2.67979728915769","3.03891578719485","4.65169004750105","1.2628955644913","-1.45349274915803","2.97300810942538","3.54888514574285",".."
Thailand,"THA","Market capitalization of listed domestic companies (% of GDP)","CM.MKT.LCAP.GD.ZS","104.739096376679","120.255772176784","98.8133934943694","104.642042313034","108.532657860554","118.315809495129","121.933117198961","100.715997492965","98.699823505114",".."
Thailand,"THA","Stocks traded, total value (% of GDP)","CM.MKT.TRAD.GD.ZS","78.6224467748558","74.3998379338938","76.2781331835466","67.4855808232124","96.170957561717","118.125400536002","96.4813448680996","66.4311737748167","57.3371082489702",".."
Thailand,"THA","Secure Internet servers (per 1 million people)","IT.NET.SECR.P6","142.577232144791","562.435284213067","927.831858065501","1366.58132681497","1859.02067578611","2134.31889534104","2746.24794708894","3002.53401436088","3149.99672587537",".."
Thailand,"THA","Fixed broadband subscriptions (per 100 people)","IT.NET.BBND.P2","10.187716904417","11.5345396717409","12.8740610702362","14.1338059581469","16.021813562656","17.3168855632327","17.5125815621477","14.5089451983046","14.8870491187484",".."
Thailand,"THA","ICT goods imports (% total goods imports)","TM.VAL.ICTG.ZS.UN","14.03","14.04","13.38","13.07","15.01","14.3","..","..","..",".."
Thailand,"THA","Individuals using the Internet (% of population)","IT.NET.USER.ZS","47.5049656215909","52.8919293439676","56.8174809301456","66.6524194587528","77.84374066","85.26956666","87.97724503","89.53525238","90.86718789",".."
Thailand,"THA","School enrollment, tertiary (% gross)","SE.TER.ENRR","49.3227291503798","47.427491541895","46.1667791174286","44.9880040072053","42.5900878816865","43.4690405127808","43.29484965617","45.4407811172674","44.9845744019321","49.0776442074561"
Thailand,"THA","Research and development expenditure (% of GDP)","GB.XPD.RSDV.GD.ZS","0.77829","1.00165","1.11375","1.14317","1.32818","1.20822","1.15902","0.93628","..",".."
Thailand,"THA","High-technology exports (% of manufactured exports)","TX.VAL.TECH.MF.ZS","24.1533912741093","25.0947352815091","23.7010461775138","24.1456146250576","27.6476472642596","24.6642800019366","25.8377488104933","26.0506229435129","28.3057768762254",".."
Thailand,"THA","GDP per person employed (constant 2021 PPP $)","SL.GDP.PCAP.EM.KD","34706.2573619582","36301.276344058","37364.4397250631","38366.1569552291","35914.6207865648","36345.6913344344","36892.9327467022","37074.5183596341","38288.9096486361",".."
Timor-Leste,"TLS","GDP growth (annual %)","NY.GDP.MKTP.KD.ZG","3.00993358093274","-3.18241515376397","-0.466502371512661","24.2128789232326","31.7257429812373","5.36980163959615","-20.5224785561874","-18.135905003556","-9.10069369772735",".."
Timor-Leste,"TLS","Inflation, consumer prices (annual %)","FP.CPI.TOTL.ZG","-1.33853876185163","0.557215537430361","2.63647201015892","0.958812739703141","0.495499215459571","3.69792094666786","7.00530945399787","8.42035103310377","2.06284153005468",".."
Timor-Leste,"TLS","Gross fixed capital formation (% of GDP)","NE.GDI.FTOT.ZS","38.253604599224","32.944829681811","32.9208519722836","22.8814773625338","13.7011288278151","14.1831457663315","9.8573388318389","17.3563221817831","27.0079126873215",".."
Timor-Leste,"TLS","Foreign direct investment, net inflows (% of GDP)","BX.KLT.DINV.WD.GD.ZS","0.333972458756695","0.423750951361252","3.08007810122631","-7.79447354365124","-16.2053004878706","-6.59364357378021","1.67248575304862","5.87499269142466","12.0853687045097",".."
Timor-Leste,"TLS","Domestic credit to private sector (% of GDP)","FS.AST.PRVT.GD.ZS","12.67653068945","16.3807804187487","16.0577019350861","12.9706038186397","13.4246471058541","8.3759768535983","12.7236024114007","23.6829887559702","34.793207276323",".."
Timor-Leste,"TLS","Real interest rate (%)","FR.INR.RINR","13.8873345274601","13.5282522320675","15.0237255706377","9.69710768704102","41.2938033021488","-30.1231701781292","-0.326379916863373","39.842404634919","12.0828309223653",".."
Timor-Leste,"TLS","Market capitalization of listed domestic companies (% of GDP)","CM.MKT.LCAP.GD.ZS","..","..","..","..","..","..","..","..","..",".."
Timor-Leste,"TLS","Stocks traded, total value (% of GDP)","CM.MKT.TRAD.GD.ZS","..","..","..","..","..","..","..","..","..",".."
Timor-Leste,"TLS","Secure Internet servers (per 1 million people)","IT.NET.SECR.P6","11.3977556190935","11.9836734433008","28.997796951156","37.664928186818","89.7400028505648","118.506316757015","211.787817818659","240.557225891181","264.879290723228",".."
Timor-Leste,"TLS","Fixed broadband subscriptions (per 100 people)","IT.NET.BBND.P2","..","0.267315808941898","0.00548606969346194","0.00684118083393226","0.00625917666940914","0.0101471033723194","0.0100051486348815","0.00577915257396232","0.00599726695977119",".."
Timor-Leste,"TLS","ICT goods imports (% total goods imports)","TM.VAL.ICTG.ZS.UN","..","3.88","..","..","..","..","..","..","..",".."
Timor-Leste,"TLS","Individuals using the Internet (% of population)","IT.NET.USER.ZS","21.20000076","24.20000076","27.60000038","28.00460052","32.01269913","35.04199982","..","..","..",".."
Timor-Leste,"TLS","School enrollment, tertiary (% gross)","SE.TER.ENRR","..","..","..","..","..","..","..","30.9611108169641","..",".."
Timor-Leste,"TLS","Research and development expenditure (% of GDP)","GB.XPD.RSDV.GD.ZS","..","..","..","..","..","..","..","..","..",".."
Timor-Leste,"TLS","High-technology exports (% of manufactured exports)","TX.VAL.TECH.MF.ZS","..","..","..","..","0.00729554242357919","0.0271228875443355","6.82976698503659","1.52605032155587","..",".."
Timor-Leste,"TLS","GDP per person employed (constant 2021 PPP $)","SL.GDP.PCAP.EM.KD","11514.0165149398","10739.8088738763","10308.0573168823","12491.0713664006","16084.6552777926","16285.0418100693","12523.5140537418","10044.1788774196","8920.75512804453",".."
Togo,"TGO","GDP growth (annual %)","NY.GDP.MKTP.KD.ZG","4.21490387414525","4.00791259566937","4.79518333086139","4.92283321360694","2.16228657424364","5.12890113701732","6.29443692019429","6.19211576941919","6.53204505563791",".."
Togo,"TGO","Inflation, consumer prices (annual %)","FP.CPI.TOTL.ZG","1.28544847051417","-0.981889868943119","0.927755426457183","0.674652770077525","1.69928463299399","4.1862150652352","7.96757361617945","5.48928568141131","2.86262074089801",".."
Togo,"TGO","Gross fixed capital formation (% of GDP)","NE.GDI.FTOT.ZS","22.346801163375","16.9688001917549","17.8156790638551","17.7722974425889","19.622405488233","21.4467414190339","27.0724521810265","..","..",".."
Togo,"TGO","Foreign direct investment, net inflows (% of GDP)","BX.KLT.DINV.WD.GD.ZS","-0.76275824996834","1.38645400988561","-2.57457902571647","4.9437244573784","-0.79089727996859","-1.59478801736582","-2.00429827129667","0.812296154474204","0.786342441379874",".."
Togo,"TGO","Domestic credit to private sector (% of GDP)","FS.AST.PRVT.GD.ZS","..","..","..","..","..","..","..","..","..",".."
Togo,"TGO","Real interest rate (%)","FR.INR.RINR","3.78210934053472","..","..","..","..","..","..","..","..",".."
Togo,"TGO","Market capitalization of listed domestic companies (% of GDP)","CM.MKT.LCAP.GD.ZS","..","..","..","..","..","..","..","..","..",".."
Togo,"TGO","Stocks traded, total value (% of GDP)","CM.MKT.TRAD.GD.ZS","..","..","..","..","..","..","..","..","..",".."
Togo,"TGO","Secure Internet servers (per 1 million people)","IT.NET.SECR.P6","3.30860827337859","4.34397317162169","7.38608060417655","18.7875129917425","25.2603313601823","25.1171976325859","80.6403880947944","91.4627232440098","90.0660792858947",".."
Togo,"TGO","Fixed broadband subscriptions (per 100 people)","IT.NET.BBND.P2","0.620529481672155","0.627393839501362","0.316705449644003","0.376920048379618","0.607931974735055","0.749325974933037","1.03723561669214","1.22815843837127","1.41538265577438",".."
Togo,"TGO","ICT goods imports (% total goods imports)","TM.VAL.ICTG.ZS.UN","3.05","2.64","2.71","3.78","3.06","1.95","2.48","..","..",".."
Togo,"TGO","Individuals using the Internet (% of population)","IT.NET.USER.ZS","11.31000042","12.3602249692905","15.5","20.72730064","29.02370071","30.33839989","35.60749817","37.57020187","39.48320007",".."
Togo,"TGO","School enrollment, tertiary (% gross)","SE.TER.ENRR","12.0913340463942","12.3068653432672","12.9031599603185","13.1551472123617","14.9029897765252","..","..","..","..",".."
Togo,"TGO","Research and development expenditure (% of GDP)","GB.XPD.RSDV.GD.ZS","..","..","..","..","..","..","..","..","0.22229",".."
Togo,"TGO","High-technology exports (% of manufactured exports)","TX.VAL.TECH.MF.ZS","0.0998030691143818","0.740557470665412","0.0906626481003325","0.0535470312830166","0.237930203742775","0.32609213809593","0.301071945203147","0.573585599316818","0.681948279595617",".."
Togo,"TGO","GDP per person employed (constant 2021 PPP $)","SL.GDP.PCAP.EM.KD","7340.7849454843","7495.24404825686","7582.93592893074","7680.97304140667","7724.35855032545","7869.69711381991","8068.59191617745","8324.17278511544","8625.97746924105",".."
Tonga,"TON","GDP growth (annual %)","NY.GDP.MKTP.KD.ZG","6.59870436118344","3.2023165092282","0.527827266310538","-0.285208794735084","1.80618735341196","-0.934926303735025","-2.12854452405193","2.79014366862668","..",".."
Tonga,"TON","Inflation, consumer prices (annual %)","FP.CPI.TOTL.ZG","2.57815515245081","7.51706283551115","5.03209691984874","1.17954334821808","-0.349737696727496","5.64051140636751","10.9713652903022","6.35112980255189","3.230563002681",".."
Tonga,"TON","Gross fixed capital formation (% of GDP)","NE.GDI.FTOT.ZS","24.1973377109968","26.6999595514284","22.4432499484449","25.9285419777856","23.4081961772996","31.5493510071126","27.6941217094422","26.1576293364394","..",".."
Tonga,"TON","Foreign direct investment, net inflows (% of GDP)","BX.KLT.DINV.WD.GD.ZS","3.9505771329227","-3.40708330022208","4.70301138186589","-1.20711457204864","0.754966505925585","0.049775545023486","0.523176247933185","0.44357392332268","..",".."
Tonga,"TON","Domestic credit to private sector (% of GDP)","FS.AST.PRVT.GD.ZS","37.3893351738726","38.0234934951747","39.3003534960615","38.2103378023803","37.8225169665748","36.3990634096723","35.9655059744696","35.652195146772","34.7987341488737",".."
Tonga,"TON","Real interest rate (%)","FR.INR.RINR","4.81091413741403","2.17541428575699","1.99672127420404","1.48126950289014","7.84442746208672","5.60493338672326","-1.22724606684921","0.28767712136845","-0.452939458634175",".."
Tonga,"TON","Market capitalization of listed domestic companies (% of GDP)","CM.MKT.LCAP.GD.ZS","..","..","..","..","..","..","..","..","..",".."
Tonga,"TON","Stocks traded, total value (% of GDP)","CM.MKT.TRAD.GD.ZS","..","..","..","..","..","..","..","..","..",".."
Tonga,"TON","Secure Internet servers (per 1 million people)","IT.NET.SECR.P6","132.671240665631","199.324196059076","170.507829151155","227.124322175851","558.162415802619","692.008721205802","780.64012490242","879.566335554557","969.522438204944",".."
Tonga,"TON","Fixed broadband subscriptions (per 100 people)","IT.NET.BBND.P2","2.84295515712066","2.84748851512966","2.38616234239867","3.5043390209049","4.73018996442897","6.4574841217177","8.17387330781973","..","..",".."
Tonga,"TON","ICT goods imports (% total goods imports)","TM.VAL.ICTG.ZS.UN","..","..","..","..","..","..","..","..","..",".."
Tonga,"TON","Individuals using the Internet (% of population)","IT.NET.USER.ZS","39.95000076","46.20080185","48.80789948","51.56299973","54.47370148","57.549","61.60739899","64.13140106","67.4417038",".."
Tonga,"TON","School enrollment, tertiary (% gross)","SE.TER.ENRR","..","..","..","..","21.2782986508118","..","..","42.8611738148984","..",".."
Tonga,"TON","Research and development expenditure (% of GDP)","GB.XPD.RSDV.GD.ZS","..","..","..","..","..","..","..","..","..",".."
Tonga,"TON","High-technology exports (% of manufactured exports)","TX.VAL.TECH.MF.ZS","..","4.90217758413357","2.16969167425594","1.12785950007084","3.73336175701603","1.68995954105615","0.552737028070169","28.4602948799521","..",".."
Tonga,"TON","GDP per person employed (constant 2021 PPP $)","SL.GDP.PCAP.EM.KD","19521.5189019017","20280.021434832","20448.4354604449","20484.6281300432","21323.5057955489","21181.0735825086","21018.3055137596","21944.5166930593","..",".."
Trinidad and Tobago,"TTO","GDP growth (annual %)","NY.GDP.MKTP.KD.ZG","-7.53636305379372","-4.87274946918724","-0.945449700943314","0.467734528855885","-8.78879817831519","-0.716740625909793","0.86126082651883","1.46645947294053","2.50920813979569",".."
Trinidad and Tobago,"TTO","Inflation, consumer prices (annual %)","FP.CPI.TOTL.ZG","3.07066742464024","1.88038440183532","1.01856930188822","1.00054293027237","0.598986330824643","2.05922746915458","5.82838638517959","4.62930242419968","0.526884625776839",".."
Trinidad and Tobago,"TTO","Gross fixed capital formation (% of GDP)","NE.GDI.FTOT.ZS","19.554532751341","20.9091101135151","22.9190828412","20.9735100285165","20.515037518445","20.2761339028349","17.1792577387006","18.9857170569527","..",".."
Trinidad and Tobago,"TTO","Foreign direct investment, net inflows (% of GDP)","BX.KLT.DINV.WD.GD.ZS","-0.0998893521188151","-1.97594519661626","-2.93172548825317","0.783604895019003","5.0552618910961","-3.85907284846354","4.1369722626234","-5.98486458707791","-1.76782828873977",".."
Trinidad and Tobago,"TTO","Domestic credit to private sector (% of GDP)","FS.AST.PRVT.GD.ZS","36.6555281398849","37.4884810643255","38.9371724667601","41.4484338507219","46.4559824126942","40.7829583273103","37.1271998467827","45.529190336265","48.3766326687665",".."
Trinidad and Tobago,"TTO","Real interest rate (%)","FR.INR.RINR","9.50325991701113","1.11425216347258","7.96537993277094","11.9273841427192","9.29024569728177","-8.11777752849696","-7.27790201589327","23.5661064639995","7.63507008462009",".."
Trinidad and Tobago,"TTO","Market capitalization of listed domestic companies (% of GDP)","CM.MKT.LCAP.GD.ZS","..","..","..","..","..","..","..","..","..",".."
Trinidad and Tobago,"TTO","Stocks traded, total value (% of GDP)","CM.MKT.TRAD.GD.ZS","..","..","..","..","..","..","..","..","..",".."
Trinidad and Tobago,"TTO","Secure Internet servers (per 1 million people)","IT.NET.SECR.P6","304.307202552635","296.321849755977","287.670698716076","319.651609071947","348.277817410232","348.796906602864","401.960748423091","428.516062039766","480.146280181798",".."
Trinidad and Tobago,"TTO","Fixed broadband subscriptions (per 100 people)","IT.NET.BBND.P2","17.7852731961704","22.6101721419176","23.2707114091769","22.8528096955069","25.4398983406076","24.9299429931902","26.0331929293058","26.8942307436398","27.0294379426204",".."
Trinidad and Tobago,"TTO","ICT goods imports (% total goods imports)","TM.VAL.ICTG.ZS.UN","2.72","3.17","2.31","2.63","3.14","2.98","..","..","..",".."
Trinidad and Tobago,"TTO","Individuals using the Internet (% of population)","IT.NET.USER.ZS","67.80000305","70.59999847","72.76029968","74.98670197","77.28130341","84.36576986","81.69760132","81.9681015","82.15989685",".."
Trinidad and Tobago,"TTO","School enrollment, tertiary (% gross)","SE.TER.ENRR","..","..","..","..","..","..","..","..","23.8493010569383",".."
Trinidad and Tobago,"TTO","Research and development expenditure (% of GDP)","GB.XPD.RSDV.GD.ZS","0.08662","0.08587","0.08371","0.06007","0.06455","0.05445","0.05039","..","..",".."
Trinidad and Tobago,"TTO","High-technology exports (% of manufactured exports)","TX.VAL.TECH.MF.ZS","0.157263834515161","0.19754661450502","0.147211459065661","0.332515325398055","0.17586322664858","0.102834401912664","0.0822278998582187","0.223229642343117","0.223696636088891",".."
Trinidad and Tobago,"TTO","GDP per person employed (constant 2021 PPP $)","SL.GDP.PCAP.EM.KD","74268.8083310684","71063.0871206003","70566.5234809391","71023.2557200008","67309.519602817","67953.8204750095","67533.9645967989","66442.9157225149","69121.501784074",".."
Tunisia,"TUN","GDP growth (annual %)","NY.GDP.MKTP.KD.ZG","1.117231963992","2.25261437620587","2.60696965356362","1.55009304966742","-8.97512622934723","4.73603648206102","2.75228761004381","0.184015548469745","1.61444564976986",".."
Tunisia,"TUN","Inflation, consumer prices (annual %)","FP.CPI.TOTL.ZG","3.62939937384381","5.30884839565844","7.30759176031652","6.72007532863799","5.63415115897625","5.706350208307","8.30646124447623","9.32899597507865","7.20661657168794",".."
Tunisia,"TUN","Gross fixed capital formation (% of GDP)","NE.GDI.FTOT.ZS","20.4975710197309","20.0462692931679","19.6008337353023","19.4346881701368","15.8455792827072","15.8559150280589","16.3148062490812","15.7368610160164","15.2116354094814",".."
Tunisia,"TUN","Foreign direct investment, net inflows (% of GDP)","BX.KLT.DINV.WD.GD.ZS","1.40344558640993","1.9233125677007","2.32248034984414","1.94487649950903","1.46634304906862","1.16289301361367","1.43159199894021","1.46351333844229","1.4797736580075",".."
Tunisia,"TUN","Domestic credit to private sector (% of GDP)","FS.AST.PRVT.GD.ZS","62.2469554675417","64.7537285373031","63.5224389825305","59.2903583224447","67.6567184648519","64.667534646183","66.0067667517737","62.7305652264979","60.6117249735149",".."
Tunisia,"TUN","Real interest rate (%)","FR.INR.RINR","..","..","..","..","..","..","..","..","..",".."
Tunisia,"TUN","Market capitalization of listed domestic companies (% of GDP)","CM.MKT.LCAP.GD.ZS","19.0491121619026","21.1618663687427","19.5119982425444","20.2913724958912","20.1726305999476","17.1647223947847","17.257631404609","16.4972219460002","16.1731937197344",".."
Tunisia,"TUN","Stocks traded, total value (% of GDP)","CM.MKT.TRAD.GD.ZS","..","..","1.96835044385341","1.09214409703072","1.25252457886514","1.21699731874969","1.26902073011126","1.22685607756565","1.06969715643281",".."
Tunisia,"TUN","Secure Internet servers (per 1 million people)","IT.NET.SECR.P6","90.6435553646499","210.291439902397","310.823649523514","266.861337619508","324.200895318938","413.491268960052","739.562091448259","818.331745821111","912.34833868462",".."
Tunisia,"TUN","Fixed broadband subscriptions (per 100 people)","IT.NET.BBND.P2","5.55369160408213","6.8819804955977","8.6185014951323","10.0541966829532","11.1467984493476","12.4220429522978","13.9309222767522","14.0829860846719","14.9741523024679",".."
Tunisia,"TUN","ICT goods imports (% total goods imports)","TM.VAL.ICTG.ZS.UN","6.21","5.34","5.27","5.47","6.22","5.22","..","..","..",".."
Tunisia,"TUN","Individuals using the Internet (% of population)","IT.NET.USER.ZS","49.5999948415756","55.5001550633671","64.1908102327387","66.6999983024144","68.55639648","68.31552226","..","..","76.5",".."
Tunisia,"TUN","School enrollment, tertiary (% gross)","SE.TER.ENRR","31.2128105163574","30.9277496337891","30.9594707489014","31.4410896301269","32.5181999206543","33.2740287780762","37.1276893615723","38.1219482421875","..",".."
Tunisia,"TUN","Research and development expenditure (% of GDP)","GB.XPD.RSDV.GD.ZS","0.56539","0.69953","0.71645","0.74658","..","..","..","..","..",".."
Tunisia,"TUN","High-technology exports (% of manufactured exports)","TX.VAL.TECH.MF.ZS","7.85596751497277","7.38975259439514","6.76449990449832","6.88585735055521","7.64832224466298","7.16831118373217","7.1898860861443","7.70110744284105","..",".."
Tunisia,"TUN","GDP per person employed (constant 2021 PPP $)","SL.GDP.PCAP.EM.KD","42287.3925495485","42959.2209256569","42754.8526031271","42968.1278027622","42585.6211185966","43981.9659373785","42974.6356205868","43076.8101472162","43673.3131523889",".."
Turkiye,"TUR","GDP growth (annual %)","NY.GDP.MKTP.KD.ZG","3.32366508200445","7.82585730002594","3.46815306092219","1.30162365464503","1.80306247087255","11.811094450607","5.44122511322401","5.04512369812289","3.3276230893799",".."
Turkiye,"TUR","Inflation, consumer prices (annual %)","FP.CPI.TOTL.ZG","7.7751341532833","11.1443110840764","16.3324638988929","15.1768215720022","12.2789574462574","19.5964926913324","72.3088359891207","53.8594087593315","58.5064507300342",".."
Turkiye,"TUR","Gross fixed capital formation (% of GDP)","NE.GDI.FTOT.ZS","30.0433084585307","30.2598822010726","30.2954032645887","26.4629293789655","27.9506064917081","28.3920963280631","30.5449887042516","32.8740322550634","31.3157272627937",".."
Turkiye,"TUR","Foreign direct investment, net inflows (% of GDP)","BX.KLT.DINV.WD.GD.ZS","1.58873607703875","1.29532700760314","1.57923380202967","1.22536076199392","1.02531493703228","1.50891969619413","1.48839623728753","0.933806495534912","0.860701598247461",".."
Turkiye,"TUR","Domestic credit to private sector (% of GDP)","FS.AST.PRVT.GD.ZS","69.2826364676667","70.0844027288208","66.6976668187438","64.2557519386267","75.2676019236764","70.9983608541485","53.4262221477913","48.7833981885989","42.9546658478032",".."
Turkiye,"TUR","Real interest rate (%)","FR.INR.RINR","..","..","..","..","..","..","..","..","..",".."
Turkiye,"TUR","Market capitalization of listed domestic companies (% of GDP)","CM.MKT.LCAP.GD.ZS","19.7245502231899","26.3362113489672","18.9334987440389","23.8403441910817","32.3697487020909","16.4768268498906","35.6345879593311","29.5804723476915","27.8827608424366",".."
Turkiye,"TUR","Stocks traded, total value (% of GDP)","CM.MKT.TRAD.GD.ZS","32.3612694140806","43.6757323172448","46.9090078065434","44.8053040177224","118.397690303086","64.0753331634572","96.5644127419669","95.5398236226668","70.5741192993154",".."
Turkiye,"TUR","Secure Internet servers (per 1 million people)","IT.NET.SECR.P6","1310.01097127093","3384.80721940135","4383.72751384509","5494.176274385","6837.08326277681","7755.87404936661","9166.00138199718","9881.98609883873","11103.4011629345",".."
Turkiye,"TUR","Fixed broadband subscriptions (per 100 people)","IT.NET.BBND.P2","12.859061240418","14.3528880563786","15.8823338271459","16.6733436685105","19.4384064376386","20.9211211378579","21.8230372591075","22.4591697943845","23.4317347919186",".."
Turkiye,"TUR","ICT goods imports (% total goods imports)","TM.VAL.ICTG.ZS.UN","6.22","5.68","4.09","4.06","4.57","4.1","2.97","..","..",".."
Turkiye,"TUR","Individuals using the Internet (% of population)","IT.NET.USER.ZS","58.3477340145685","64.6846176835371","71.0427608433809","73.9767022871511","77.6695605","81.40843745","83.43716576","85.96074155","87.3078767","89.77024003"
Turkiye,"TUR","School enrollment, tertiary (% gross)","SE.TER.ENRR","103.71558380127","110.534072875977","115.462463378906","117.005470275879","118.883682250977","125.763786315918","127.577972412109","105.88606262207","..",".."
Turkiye,"TUR","Research and development expenditure (% of GDP)","GB.XPD.RSDV.GD.ZS","1.11979","1.17632","1.27093","1.3196","1.36748","1.40209","1.32342","1.42224","..",".."
Turkiye,"TUR","High-technology exports (% of manufactured exports)","TX.VAL.TECH.MF.ZS","3.03814599740941","3.23291293505096","2.67353129854845","3.02817669225913","3.15277011329118","3.28362739970141","3.66403554879462","4.51829098986852","5.13775956987065",".."
Turkiye,"TUR","GDP per person employed (constant 2021 PPP $)","SL.GDP.PCAP.EM.KD","74788.5839730779","78129.1890317527","79009.088365638","81669.732509391","87565.2962580847","91634.5087235411","90689.4498626247","92879.6081132764","93114.9478117046",".."
Turkmenistan,"TKM","GDP growth (annual %)","NY.GDP.MKTP.KD.ZG","6.1999999664301","6.50000004682975","6.19999994137119","6.30000004226711","5.900000048526","6.20000001747076","6.19999993621698","6.30015758549871","6.2994265836889",".."
Turkmenistan,"TKM","Inflation, consumer prices (annual %)","FP.CPI.TOTL.ZG","..","..","..","..","..","..","..","..","..",".."
Turkmenistan,"TKM","Gross fixed capital formation (% of GDP)","NE.GDI.FTOT.ZS","46.9663409509215","40.8398999563062","28.2687010702346","22.610175915106","22.3554061722467","18.0962257036098","17.5193069834595","18.318481062766","17.6375193145689",".."
Turkmenistan,"TKM","Foreign direct investment, net inflows (% of GDP)","BX.KLT.DINV.WD.GD.ZS","6.20181210651458","5.49999584909072","3.9411831208517","4.54209517895884","3.45999795208479","3.17156362954225","2.21764501242202","3.00321589469314","3.2007384018073",".."
Turkmenistan,"TKM","Domestic credit to private sector (% of GDP)","FS.AST.PRVT.GD.ZS","..","..","..","..","..","..","..","..","..",".."
Turkmenistan,"TKM","Real interest rate (%)","FR.INR.RINR","..","..","..","..","..","..","..","..","..",".."
Turkmenistan,"TKM","Market capitalization of listed domestic companies (% of GDP)","CM.MKT.LCAP.GD.ZS","..","..","..","..","..","..","..","..","..",".."
Turkmenistan,"TKM","Stocks traded, total value (% of GDP)","CM.MKT.TRAD.GD.ZS","..","..","..","..","..","..","..","..","..",".."
Turkmenistan,"TKM","Secure Internet servers (per 1 million people)","IT.NET.SECR.P6","1.72954859882193","3.99565948436629","5.25878954083856","17.4898558835875","41.1516001929233","87.7039239609799","103.455052997894","138.775015826055","188.271449268517",".."
Turkmenistan,"TKM","Fixed broadband subscriptions (per 100 people)","IT.NET.BBND.P2","0.73436633505979","1.15619017556467","1.71364418489063","2.59674388854464","3.40423015428109","4.08263176069293","5.21710831232306","..","..",".."
Turkmenistan,"TKM","ICT goods imports (% total goods imports)","TM.VAL.ICTG.ZS.UN","..","..","..","..","..","..","..","..","..",".."
Turkmenistan,"TKM","Individuals using the Internet (% of population)","IT.NET.USER.ZS","17.99029922","..","..","..","..","..","..","..","..",".."
Turkmenistan,"TKM","School enrollment, tertiary (% gross)","SE.TER.ENRR","..","..","..","11.0507708201956","12.4085702576356","14.5425982703266","16.7316012007071","18.8084201812744","20.4250351701637",".."
Turkmenistan,"TKM","Research and development expenditure (% of GDP)","GB.XPD.RSDV.GD.ZS","0.16","0.09","0.08","0.11","0.13","0.1","0.14","0.09","..",".."
Turkmenistan,"TKM","High-technology exports (% of manufactured exports)","TX.VAL.TECH.MF.ZS","..","..","..","..","..","..","..","..","..",".."
Turkmenistan,"TKM","GDP per person employed (constant 2021 PPP $)","SL.GDP.PCAP.EM.KD","46498.3385718514","48828.5079966851","51159.09183211","53698.8341676221","57863.5433804875","60240.8395050438","61871.1258882763","64867.4145888074","67321.3239452339",".."
Turks and Caicos Islands,"TCA","GDP growth (annual %)","NY.GDP.MKTP.KD.ZG","7.25118627570265","74.5879880544188","6.75264845178367","4.98170549382992","-33.8170973434652","29.6293781722414","14.0871234168153","13.7311481139228","5.63682517443362",".."
Turks and Caicos Islands,"TCA","Inflation, consumer prices (annual %)","FP.CPI.TOTL.ZG","..","..","..","..","..","..","..","..","..",".."
Turks and Caicos Islands,"TCA","Gross fixed capital formation (% of GDP)","NE.GDI.FTOT.ZS","..","..","..","..","..","..","..","..","..",".."
Turks and Caicos Islands,"TCA","Foreign direct investment, net inflows (% of GDP)","BX.KLT.DINV.WD.GD.ZS","1.38011010932735","1.84213469921316","3.21281809957781","1.96536835982091","3.31220825207674","2.3203583782398","2.44052271812869","1.99307418959353","2.5209301366237",".."
Turks and Caicos Islands,"TCA","Domestic credit to private sector (% of GDP)","FS.AST.PRVT.GD.ZS","..","..","..","..","..","..","..","..","..",".."
Turks and Caicos Islands,"TCA","Real interest rate (%)","FR.INR.RINR","..","..","..","..","..","..","..","..","..",".."
Turks and Caicos Islands,"TCA","Market capitalization of listed domestic companies (% of GDP)","CM.MKT.LCAP.GD.ZS","..","..","..","..","..","..","..","..","..",".."
Turks and Caicos Islands,"TCA","Stocks traded, total value (% of GDP)","CM.MKT.TRAD.GD.ZS","..","..","..","..","..","..","..","..","..",".."
Turks and Caicos Islands,"TCA","Secure Internet servers (per 1 million people)","IT.NET.SECR.P6","861.281482448127","701.525818655576","673.74094660603","671.825047491081","675.888793763799","640.983135512676","676.162017143979","735.962595783367","859.568067046309",".."
Turks and Caicos Islands,"TCA","Fixed broadband subscriptions (per 100 people)","IT.NET.BBND.P2","..","..","..","..","..","..","..","..","..",".."
Turks and Caicos Islands,"TCA","ICT goods imports (% total goods imports)","TM.VAL.ICTG.ZS.UN","..","..","..","..","..","..","..","..","..",".."
Turks and Caicos Islands,"TCA","Individuals using the Internet (% of population)","IT.NET.USER.ZS","..","..","..","..","..","..","..","..","..",".."
Turks and Caicos Islands,"TCA","School enrollment, tertiary (% gross)","SE.TER.ENRR","11.0619469026549","11.8171251452925","11.3000755857899","11.7383177570093","..","..","16.973180770874","25.2537080405933","..",".."
Turks and Caicos Islands,"TCA","Research and development expenditure (% of GDP)","GB.XPD.RSDV.GD.ZS","..","..","..","..","..","..","..","..","..",".."
Turks and Caicos Islands,"TCA","High-technology exports (% of manufactured exports)","TX.VAL.TECH.MF.ZS","..","..","..","..","..","..","..","..","..",".."
Turks and Caicos Islands,"TCA","GDP per person employed (constant 2021 PPP $)","SL.GDP.PCAP.EM.KD","..","..","..","..","..","..","..","..","..",".."
Tuvalu,"TUV","GDP growth (annual %)","NY.GDP.MKTP.KD.ZG","5.66037735849056","2.44839285714286","1.38728384151602","13.8220984406966","-4.27493206901397","1.8041359113616","0.677309361438304","3.85280919517032","..",".."
Tuvalu,"TUV","Inflation, consumer prices (annual %)","FP.CPI.TOTL.ZG","..","..","..","..","..","..","..","..","..",".."
Tuvalu,"TUV","Gross fixed capital formation (% of GDP)","NE.GDI.FTOT.ZS","..","..","..","..","..","..","..","..","..",".."
Tuvalu,"TUV","Foreign direct investment, net inflows (% of GDP)","BX.KLT.DINV.WD.GD.ZS","0.720650357142857","0.662593990689801","0.622427121663383","0.552184660028822","0.193249432786911","0.331298850213827","0.337639353401454","0.267002517757908","..",".."
Tuvalu,"TUV","Domestic credit to private sector (% of GDP)","FS.AST.PRVT.GD.ZS","..","..","..","..","..","..","..","..","..",".."
Tuvalu,"TUV","Real interest rate (%)","FR.INR.RINR","..","..","..","..","..","..","..","..","..",".."
Tuvalu,"TUV","Market capitalization of listed domestic companies (% of GDP)","CM.MKT.LCAP.GD.ZS","..","..","..","..","..","..","..","..","..",".."
Tuvalu,"TUV","Stocks traded, total value (% of GDP)","CM.MKT.TRAD.GD.ZS","..","..","..","..","..","..","..","..","..",".."
Tuvalu,"TUV","Secure Internet servers (per 1 million people)","IT.NET.SECR.P6","..","..","93.014603292717","94.5090256119459","288.489277815175","588.581518540318","500.400320256205","509.372453137734","311.009744972009",".."
Tuvalu,"TUV","Fixed broadband subscriptions (per 100 people)","IT.NET.BBND.P2","4.11710887465691","4.14021529119514","..","..","..","4.41436138905238","4.52361889511609","..","..",".."
Tuvalu,"TUV","ICT goods imports (% total goods imports)","TM.VAL.ICTG.ZS.UN","..","..","..","..","..","..","..","..","..",".."
Tuvalu,"TUV","Individuals using the Internet (% of population)","IT.NET.USER.ZS","31","35.20000076","..","..","..","..","..","..","..",".."
Tuvalu,"TUV","School enrollment, tertiary (% gross)","SE.TER.ENRR","..","..","..","..","..","..","..","19.3509615384615","..",".."
Tuvalu,"TUV","Research and development expenditure (% of GDP)","GB.XPD.RSDV.GD.ZS","..","..","..","..","..","..","..","..","..",".."
Tuvalu,"TUV","High-technology exports (% of manufactured exports)","TX.VAL.TECH.MF.ZS","..","..","..","..","..","..","..","..","..",".."
Tuvalu,"TUV","GDP per person employed (constant 2021 PPP $)","SL.GDP.PCAP.EM.KD","..","..","..","..","..","..","..","..","..",".."
Uganda,"UGA","GDP growth (annual %)","NY.GDP.MKTP.KD.ZG","4.78100029254482","3.13140551723596","6.30392378262997","6.43874503276439","2.95130642218098","3.53658034070898","4.58802192181773","5.33697295511469","6.05558075875589",".."
Uganda,"UGA","Inflation, consumer prices (annual %)","FP.CPI.TOTL.ZG","5.70637504616212","5.20971705914209","2.61601190952274","2.867588034469","3.31332289544502","2.20457204757414","7.1957888597581","5.35094804280395","3.3233806708656",".."
Uganda,"UGA","Gross fixed capital formation (% of GDP)","NE.GDI.FTOT.ZS","24.8711103998499","24.052422886294","23.7504449883722","24.9024562516631","23.5178704044069","23.3395824392817","23.4475814827832","22.084367974066","21.6442820900246",".."
Uganda,"UGA","Foreign direct investment, net inflows (% of GDP)","BX.KLT.DINV.WD.GD.ZS","2.1425304891559","2.61088918011351","3.20512810607337","3.68569218154174","3.16881317773755","4.06673785760736","6.48067616265599","6.13816501913594","6.04170465829259",".."
Uganda,"UGA","Domestic credit to private sector (% of GDP)","FS.AST.PRVT.GD.ZS","13.6400887820262","13.4819167027351","13.6392294214659","13.8050637116228","14.2204016385665","14.7869665338727","15.0891724993298","14.8125509462498","14.3001761811715",".."
Uganda,"UGA","Real interest rate (%)","FR.INR.RINR","18.2333937267573","15.8908471114542","14.7478688039364","..","..","..","..","..","..",".."
Uganda,"UGA","Market capitalization of listed domestic companies (% of GDP)","CM.MKT.LCAP.GD.ZS","..","..","..","..","..","..","..","..","..",".."
Uganda,"UGA","Stocks traded, total value (% of GDP)","CM.MKT.TRAD.GD.ZS","..","..","..","..","..","..","..","..","..",".."
Uganda,"UGA","Secure Internet servers (per 1 million people)","IT.NET.SECR.P6","4.02070643193439","20.9072824744107","20.7863040197608","22.6280979999901","35.3823834689186","34.4144629612164","43.8571285662107","51.6271163289848","53.7637719430767",".."
Uganda,"UGA","Fixed broadband subscriptions (per 100 people)","IT.NET.BBND.P2","0.237414982677972","..","..","0.0752797052682096","0.077818750062982","0.0838841644026815","0.0850849430150062","0.0912969650305002","0.207613333991268",".."
Uganda,"UGA","ICT goods imports (% total goods imports)","TM.VAL.ICTG.ZS.UN","4.21","4.07","4.01","3.48","3.06","..","..","..","..",".."
Uganda,"UGA","Individuals using the Internet (% of population)","IT.NET.USER.ZS","5.9","7.417900085","9.326299667","11.72579956","7.4","10","9.636899948","9.286999702","8.949831061",".."
Uganda,"UGA","School enrollment, tertiary (% gross)","SE.TER.ENRR","..","..","..","..","..","..","..","..","..",".."
Uganda,"UGA","Research and development expenditure (% of GDP)","GB.XPD.RSDV.GD.ZS","..","..","..","..","..","..","..","0.4383","..",".."
Uganda,"UGA","High-technology exports (% of manufactured exports)","TX.VAL.TECH.MF.ZS","2.05103990718418","2.05387568901074","3.47828668335427","3.1241230157024","2.10287202929438","2.34793469732292","2.39571486308791","1.40810780488794","1.91593833437355",".."
Uganda,"UGA","GDP per person employed (constant 2021 PPP $)","SL.GDP.PCAP.EM.KD","6801.54531565971","6913.33514383975","6730.03841179367","6622.04264637247","6516.14651727212","6342.84785673134","6295.17346868265","6399.53934394348","6557.70012726979",".."
Ukraine,"UKR","GDP growth (annual %)","NY.GDP.MKTP.KD.ZG","2.44098194492067","2.35997228099491","3.48836234022659","3.19950386354134","-3.75281793983162","3.44562065945944","-28.7585842155085","5.53473354963334","2.9138222142611",".."
Ukraine,"UKR","Inflation, consumer prices (annual %)","FP.CPI.TOTL.ZG","13.9127101997797","14.4383227488749","10.9518559353178","7.88671745611133","2.73249209419427","9.36313917695223","20.1836366617478","12.8490222828559","6.50198464669254",".."
Ukraine,"UKR","Gross fixed capital formation (% of GDP)","NE.GDI.FTOT.ZS","15.4563637377393","15.7762894271386","17.6472670015072","17.6158441194027","13.3659764293256","13.2047503058698","11.8694878561528","19.887850879026","18.8802112745848",".."
Ukraine,"UKR","Foreign direct investment, net inflows (% of GDP)","BX.KLT.DINV.WD.GD.ZS","4.42178946686191","3.28306130596563","3.80086991777664","3.76649676088543","0.194103193490519","3.98166133947207","0.136428578229067","2.52287921090664","2.1065185105382",".."
Ukraine,"UKR","Domestic credit to private sector (% of GDP)","FS.AST.PRVT.GD.ZS","47.3071300933367","38.3051472985389","34.5118586409828","30.0270685880178","28.1751542458628","23.5556488725733","23.3160378131569","18.6466208363539","18.1729591584823",".."
Ukraine,"UKR","Real interest rate (%)","FR.INR.RINR","1.82756968752029","-4.68048423181966","3.12512181706498","10.6936587686836","3.62431779033836","-9.22452695906716","-12.0860052732231","1.86637148771747","6.51047838569121",".."
Ukraine,"UKR","Market capitalization of listed domestic companies (% of GDP)","CM.MKT.LCAP.GD.ZS","4.77023033306238","4.63732409467645","3.37336946125581","..","..","..","..","..","..",".."
Ukraine,"UKR","Stocks traded, total value (% of GDP)","CM.MKT.TRAD.GD.ZS","0.0135502996016965","0.0173698922899866","0.00911444786313071","0.000857794293369352","..","..","..","..","..",".."
Ukraine,"UKR","Secure Internet servers (per 1 million people)","IT.NET.SECR.P6","1879.89819196563","3895.69593002172","5949.6240420057","7767.05391127764","8842.70089978038","9534.33333393531","8917.22299276914","9888.25753781136","9936.86751062547",".."
Ukraine,"UKR","Fixed broadband subscriptions (per 100 people)","IT.NET.BBND.P2","12.0342584918375","12.3535432124088","12.8032560497243","16.1591311845578","18.617022844321","18.2677942438439","17.5398140646824","21.3774151510902","21.6539327212609",".."
Ukraine,"UKR","ICT goods imports (% total goods imports)","TM.VAL.ICTG.ZS.UN","4.88","5.13","5.8","6.59","5.95","5.36","4.73","..","..",".."
Ukraine,"UKR","Individuals using the Internet (% of population)","IT.NET.USER.ZS","53.0009695981884","58.8894794459775","62.5531553933869","70.1248442995263","75.03790912","79.21829353","80.47429657","81.58059692","82.47489929",".."
Ukraine,"UKR","School enrollment, tertiary (% gross)","SE.TER.ENRR","77.0398374695438","80.1990246943391","81.4946716210446","84.48135621115","82.1345992180731","75.9079435107907","..","82.5533599853516","87.1920013427734",".."
Ukraine,"UKR","Research and development expenditure (% of GDP)","GB.XPD.RSDV.GD.ZS","0.48339","0.44878","0.47113","0.43384","0.40318","0.38478","0.32673","0.32209","0.36988",".."
Ukraine,"UKR","High-technology exports (% of manufactured exports)","TX.VAL.TECH.MF.ZS","6.67894123051556","6.16592909585636","5.42495174066934","5.48014872729842","5.85239384495226","4.51050792257841","5.73613565623019","6.68812192869261","6.37028789775054",".."
Ukraine,"UKR","GDP per person employed (constant 2021 PPP $)","SL.GDP.PCAP.EM.KD","34764.1061245004","35835.7324026933","36994.8441693595","38113.50342085","38230.1090531997","40308.3359337474","..","..","..",".."
United Arab Emirates,"ARE","GDP growth (annual %)","NY.GDP.MKTP.KD.ZG","5.65793329224303","-1.06137661464977","1.53716683173516","1.27134240761141","-8.69342617885171","4.55278571242283","7.51448425801082","4.30118228020602","3.99180705485398",".."
United Arab Emirates,"ARE","Inflation, consumer prices (annual %)","FP.CPI.TOTL.ZG","1.61748808904197","1.96682557818842","3.06863379251996","-1.93108114782172","-2.07940317940943","0.179935336174431","5.29122604376849","1.62670837213248","1.66336510224894",".."
United Arab Emirates,"ARE","Gross fixed capital formation (% of GDP)","NE.GDI.FTOT.ZS","..","..","..","..","..","..","..","..","..",".."
United Arab Emirates,"ARE","Foreign direct investment, net inflows (% of GDP)","BX.KLT.DINV.WD.GD.ZS","2.51620200951453","2.56696112401594","2.35729150002132","4.11928564301823","5.56735507865122","4.89230472033291","4.44591399207935","5.87184069440898","8.26261712974626",".."
United Arab Emirates,"ARE","Domestic credit to private sector (% of GDP)","FS.AST.PRVT.GD.ZS","81.9398711422571","78.1489012109159","73.9842900645691","75.2884988271793","88.835666097675","76.1676429790591","65.4574313053044","..","..",".."
United Arab Emirates,"ARE","Real interest rate (%)","FR.INR.RINR","..","..","..","..","..","..","..","..","..",".."
United Arab Emirates,"ARE","Market capitalization of listed domestic companies (% of GDP)","CM.MKT.LCAP.GD.ZS","55.8562273946487","57.5418997990357","52.5189378966808","56.880357829535","82.5485466048425","131.393728182834","170.816665223741","190.227205289085","190.859117789375",".."
United Arab Emirates,"ARE","Stocks traded, total value (% of GDP)","CM.MKT.TRAD.GD.ZS","12.9592391212079","10.9502457778606","5.77216581466627","6.7410770403252","10.5020306542693","28.3256454506722","28.6412563833475","21.3185206660658","21.8212381157092",".."
United Arab Emirates,"ARE","Secure Internet servers (per 1 million people)","IT.NET.SECR.P6","983.425470014588","1321.88036180403","1529.09566701663","1977.81338448843","1478.66650469874","2580.22013645319","1626.60420961755","2119.66117852284","4192.27408432243",".."
United Arab Emirates,"ARE","Fixed broadband subscriptions (per 100 people)","IT.NET.BBND.P2","14.3683229738697","29.9082975943997","32.3591212887309","32.480344369022","34.345290333178","36.5005361093336","36.8485872897377","37.0968234502256","40.840113505519",".."
United Arab Emirates,"ARE","ICT goods imports (% total goods imports)","TM.VAL.ICTG.ZS.UN","5.54","17.19","13.3","11.99","13.26","12.24","..","..","..",".."
United Arab Emirates,"ARE","Individuals using the Internet (% of population)","IT.NET.USER.ZS","90.6000073180483","94.8199225383446","98.4500017817194","99.1499979561243","100","100","100","100","100",".."
United Arab Emirates,"ARE","School enrollment, tertiary (% gross)","SE.TER.ENRR","..","..","53.2113281680102","53.8814655213653","54.9746998074699","56.4520334436146","60.4188226013954","61.3456114422447","63.7384451086316",".."
United Arab Emirates,"ARE","Research and development expenditure (% of GDP)","GB.XPD.RSDV.GD.ZS","0.9318","..","1.26389","1.31065","1.48831","1.49469","..","..","..",".."
United Arab Emirates,"ARE","High-technology exports (% of manufactured exports)","TX.VAL.TECH.MF.ZS","2.61902840521391","2.84060044002548","2.90326432456259","2.99865577867219","5.37704492826553","8.95796265725262","9.2877602243891","8.96029397394575","..",".."
United Arab Emirates,"ARE","GDP per person employed (constant 2021 PPP $)","SL.GDP.PCAP.EM.KD","117888.589538888","113429.303479906","112814.714143888","112569.205841427","106218.555323403","110017.470442334","111830.239841343","109489.506893755","108203.155306846",".."
United Kingdom,"GBR","GDP growth (annual %)","NY.GDP.MKTP.KD.ZG","2.20652020635357","3.02322219840339","1.55133095078786","1.25629899760824","-10.047896637362","8.5431118453255","5.14970388522993","0.271650048355255","1.1264226705118",".."
United Kingdom,"GBR","Inflation, consumer prices (annual %)","FP.CPI.TOTL.ZG","1.0084173681141","2.55775577557747","2.29283990345938","1.73810460086513","0.989486703772491","2.51837109614213","7.92204883147902","6.79396706793963","3.2715729463592",".."
United Kingdom,"GBR","Gross fixed capital formation (% of GDP)","NE.GDI.FTOT.ZS","18.568952315869","18.9676629369709","18.6901207841924","18.8313068890229","18.2216480289167","18.5366124585172","19.0026614241506","18.897529362349","18.6678876534931",".."
United Kingdom,"GBR","Foreign direct investment, net inflows (% of GDP)","BX.KLT.DINV.WD.GD.ZS","11.9998637298189","4.64443540147576","-0.864867036878713","0.688204352262878","5.77039185007421","3.20643815254935","2.91635435189931","0.403116734836793","-0.351465690300773",".."
United Kingdom,"GBR","Domestic credit to private sector (% of GDP)","FS.AST.PRVT.GD.ZS","131.480106047871","132.333248459152","132.783359788981","131.443065370417","145.572075379344","136.161594591011","126.126397693252","117.978361754605","112.661832187589",".."
United Kingdom,"GBR","Real interest rate (%)","FR.INR.RINR","..","..","..","..","..","..","..","..","..",".."
United Kingdom,"GBR","Market capitalization of listed domestic companies (% of GDP)","CM.MKT.LCAP.GD.ZS","..","..","..","..","..","118.935321441875","97.3198877208869","..","..",".."
United Kingdom,"GBR","Stocks traded, total value (% of GDP)","CM.MKT.TRAD.GD.ZS","..","..","..","28.105672947243","..","26.7403243915856","35.3431483449395","18.6160720572099","..",".."
United Kingdom,"GBR","Secure Internet servers (per 1 million people)","IT.NET.SECR.P6","8697.02928041215","21225.7223418124","27332.2874081673","36099.3681619667","36636.6265132446","44113.2061387794","44420.8922548962","47354.4501547626","68449.1953890157",".."
United Kingdom,"GBR","Fixed broadband subscriptions (per 100 people)","IT.NET.BBND.P2","38.6588569366885","39.2489467665261","39.8293995840604","40.022769455921","40.5775246507294","41.1134869970784","41.2867157729584","41.4367685540411","42.1648283773461",".."
United Kingdom,"GBR","ICT goods imports (% total goods imports)","TM.VAL.ICTG.ZS.UN","7.63","7.77","8.08","7.57","8.23","7.56","7.26","..","..",".."
United Kingdom,"GBR","Individuals using the Internet (% of population)","IT.NET.USER.ZS","94.7758006318882","90.4245504868553","90.692008988783","92.5166285497138","94.81820132","96.19650269","95.46530151","95.44719696","95.4720993",".."
United Kingdom,"GBR","School enrollment, tertiary (% gross)","SE.TER.ENRR","58.083869934082","59.6282081604004","61.1377716064453","65.5119934082031","69.4076614379883","76.7543563842773","79.7695083618164","80.4146499633789","..",".."
United Kingdom,"GBR","Research and development expenditure (% of GDP)","GB.XPD.RSDV.GD.ZS","2.32051","2.32602","2.70889","2.6707","2.93993","2.89968","2.75224","2.67614","..",".."
United Kingdom,"GBR","High-technology exports (% of manufactured exports)","TX.VAL.TECH.MF.ZS","23.5591126028431","22.6194649609659","22.3331118559009","23.0942001089205","23.0073604990707","23.8654057182193","27.1597708192348","28.8917146113567","29.233260009076",".."
United Kingdom,"GBR","GDP per person employed (constant 2021 PPP $)","SL.GDP.PCAP.EM.KD","103399.446982843","105575.926152627","105985.061323432","106175.236523448","96172.8986957219","105285.801024902","108290.950138112","107342.137070302","107932.043406526",".."
United States,"USA","GDP growth (annual %)","NY.GDP.MKTP.KD.ZG","1.81945147788167","2.45762229852507","2.96650506901305","2.58382533412825","-2.16302914036166","6.05505293244555","2.51237531986017","2.88755600749487","2.79300127716779",".."
United States,"USA","Inflation, consumer prices (annual %)","FP.CPI.TOTL.ZG","1.26158320570536","2.13011000365961","2.44258329692817","1.81221007526021","1.23358439630629","4.69785886363742","8.00279982052121","4.11633838374488","2.94952520485207",".."
United States,"USA","Gross fixed capital formation (% of GDP)","NE.GDI.FTOT.ZS","20.8016632416177","21.1343937588394","21.4240428649128","21.4897485242357","21.8887242742465","21.6159536186479","21.7099777470183","21.7264982141848","21.6987566313724",".."
United States,"USA","Foreign direct investment, net inflows (% of GDP)","BX.KLT.DINV.WD.GD.ZS","2.53749765919682","1.95521086285051","1.0457039920427","1.47787452846554","0.650821071352324","2.04998648308338","1.62816817042838","1.32618252590589","1.03321085618604",".."
United States,"USA","Domestic credit to private sector (% of GDP)","FS.AST.PRVT.GD.ZS","187.421407342664","195.433929792231","184.15464675742","196.183464613648","220.892997772959","223.841716689478","190.921583099118","195.61346104482","201.218305876064",".."
United States,"USA","Real interest rate (%)","FR.INR.RINR","2.63773113762977","2.37161907294657","2.46243186978415","3.71968036171318","2.84614797883625","-1.08716753956254","..","..","..",".."
United States,"USA","Market capitalization of listed domestic companies (% of GDP)","CM.MKT.LCAP.GD.ZS","146.306705272649","164.91321885409","148.23078992826","159.420819612207","197.3833187889","208.228052204508","157.384175416952","179.463180379106","216.290842771421",".."
United States,"USA","Stocks traded, total value (% of GDP)","CM.MKT.TRAD.GD.ZS","225.039211350828","204.267566460686","238.947637823649","169.974999633926","195.088022164129","196.757396621236","173.076167486492","136.534444336926","148.169705648382",".."
United States,"USA","Secure Internet servers (per 1 million people)","IT.NET.SECR.P6","11389.9150845803","30199.9571603454","65494.8762801956","123268.08312533","140775.773474768","156949.432905341","180213.052484185","186692.908896926","196554.134852003",".."
United States,"USA","Fixed broadband subscriptions (per 100 people)","IT.NET.BBND.P2","32.1144006365866","32.5702836317829","33.0559177307939","33.835216356436","35.7156999293054","37.0074278936277","37.4887954801437","38.0939254696383","38.8571729185246",".."
United States,"USA","ICT goods imports (% total goods imports)","TM.VAL.ICTG.ZS.UN","14.06","14.28","13.6","12.93","14.44","14","12.98","..","..",".."
United States,"USA","Individuals using the Internet (% of population)","IT.NET.USER.ZS","85.5444212887222","87.2748891687657","88.498903165152","89.4302848575712","90.34470367","91.2684021","92.72850037","93.52559662","94.69380188",".."
United States,"USA","School enrollment, tertiary (% gross)","SE.TER.ENRR","88.8350524902344","88.1673889160156","88.2991790771484","87.8887100219727","87.5676574707031","84.8550872802734","79.361930847168","..","..",".."
United States,"USA","Research and development expenditure (% of GDP)","GB.XPD.RSDV.GD.ZS","2.83677","2.88315","2.98956","3.14297","3.41788","3.4689","3.48736","3.44716","..",".."
United States,"USA","High-technology exports (% of manufactured exports)","TX.VAL.TECH.MF.ZS","22.4192942002286","19.2659699620243","18.4842699258676","18.6853939276571","19.4939761609452","19.9014614131792","20.5789833007379","21.8459878355521","24.322982844202",".."
United States,"USA","GDP per person employed (constant 2021 PPP $)","SL.GDP.PCAP.EM.KD","135265.257758258","136420.185572236","138621.235992433","140253.575221907","145799.895376767","149654.666813837","148654.120404472","150436.445055838","153543.964207",".."
Uruguay,"URY","GDP growth (annual %)","NY.GDP.MKTP.KD.ZG","1.68979822971775","1.74037643374211","0.164777608940113","0.928351141267498","-7.35732706484723","5.84427312558179","4.48622703072073","0.742128785315927","3.10825478066172",".."
Uruguay,"URY","Inflation, consumer prices (annual %)","FP.CPI.TOTL.ZG","9.6394134763508","6.2180938256186","7.60653360377047","7.88198870879619","9.75640636078194","7.74791402314762","9.10437983075437","5.86910359896119","4.84914366613156",".."
Uruguay,"URY","Gross fixed capital formation (% of GDP)","NE.GDI.FTOT.ZS","16.9435969015498","16.2395166023116","14.7561747626298","14.4910061718462","15.4357491872963","17.6712600620307","19.0189634315017","17.1960361195822","16.2379503195638",".."
Uruguay,"URY","Foreign direct investment, net inflows (% of GDP)","BX.KLT.DINV.WD.GD.ZS","-0.897082488190792","4.13270996152796","2.64222389301977","2.35703341175475","1.81750744846519","8.50404179273101","12.4804063396028","-6.72904061401343","-4.86239476784597",".."
Uruguay,"URY","Domestic credit to private sector (% of GDP)","FS.AST.PRVT.GD.ZS","25.6815822953668","23.9263156750777","24.944851219691","25.3082543138449","27.8846373005871","26.7129770999909","26.6238341080853","28.577104248513","31.0792040544242",".."
Uruguay,"URY","Real interest rate (%)","FR.INR.RINR","7.4005664568913","7.71512605971876","4.34831518079668","3.04912855507663","0.458650581277752","-3.26214134619286","5.43776304681267","8.20235085615781","5.39595354614294",".."
Uruguay,"URY","Market capitalization of listed domestic companies (% of GDP)","CM.MKT.LCAP.GD.ZS","..","..","..","..","..","..","..","..","..",".."
Uruguay,"URY","Stocks traded, total value (% of GDP)","CM.MKT.TRAD.GD.ZS","..","..","..","..","..","..","..","..","..",".."
Uruguay,"URY","Secure Internet servers (per 1 million people)","IT.NET.SECR.P6","313.971928364686","1119.39483620476","1600.21964723287","1843.2794478757","1964.41978859466","2491.53957008209","4678.38602759788","4353.20170916811","4640.65897593684",".."
Uruguay,"URY","Fixed broadband subscriptions (per 100 people)","IT.NET.BBND.P2","27.2743360055965","28.1333463973666","28.7930537740968","29.8012543248776","31.2948224284548","32.5451063460216","33.4865565704576","32.4032099586757","33.0440254320868",".."
Uruguay,"URY","ICT goods imports (% total goods imports)","TM.VAL.ICTG.ZS.UN","7.12","8","6.79","6.68","6.67","5.73","5.32","..","..",".."
Uruguay,"URY","Individuals using the Internet (% of population)","IT.NET.USER.ZS","66.40000153","70.3223543994698","80.7268428795854","83.3515337667548","85.47100067","87.64440155","89.87304314","90.92590332","91.99109007",".."
Uruguay,"URY","School enrollment, tertiary (% gross)","SE.TER.ENRR","59.6462945758069","59.7518904286933","60.2781342968002","61.9644279466795","64.9332150107214","75.1713873701582","76.3977408357972","79.9536903496537","..",".."
Uruguay,"URY","Research and development expenditure (% of GDP)","GB.XPD.RSDV.GD.ZS","0.37391","0.44052","0.50484","0.56805","0.67606","0.61467","0.62206","0.70196","..",".."
Uruguay,"URY","High-technology exports (% of manufactured exports)","TX.VAL.TECH.MF.ZS","10.5960535494658","8.49114263279873","7.63670382159395","8.29802507186468","9.8025032036597","8.60373400525292","9.55160023287408","10.7072308737214","9.84178975855216",".."
Uruguay,"URY","GDP per person employed (constant 2021 PPP $)","SL.GDP.PCAP.EM.KD","62339.5387275168","63606.2534093888","64121.0224970058","64950.7594494456","63301.5834798217","64064.6372284468","65393.9648258428","64534.0379433861","65702.2391963764",".."
Uzbekistan,"UZB","GDP growth (annual %)","NY.GDP.MKTP.KD.ZG","5.93215079993293","4.39527463349263","5.55919572919288","6.77992399655236","1.56334277260515","8.03468312640049","6.00134232203442","6.29141635082311","6.49999999997677",".."
Uzbekistan,"UZB","Inflation, consumer prices (annual %)","FP.CPI.TOTL.ZG","8.130886695236","13.8757425441635","17.5241796514055","14.5257359560687","12.8677297362606","10.8492397508122","11.4466436998836","9.95659071258018","9.62825465956682",".."
Uzbekistan,"UZB","Gross fixed capital formation (% of GDP)","NE.GDI.FTOT.ZS","21.6785573020986","22.9671633501257","29.7516540862651","36.7876684138932","34.544998301372","32.1511552256114","29.3057438759691","32.4291992653019","37.0559095195938",".."
Uzbekistan,"UZB","Foreign direct investment, net inflows (% of GDP)","BX.KLT.DINV.WD.GD.ZS","1.93048466413592","2.57993736270607","1.06427628704368","3.44235052410005","2.60108803608825","2.94839500995796","2.94947448385164","2.10084902446518","2.5972703195852",".."
Uzbekistan,"UZB","Domestic credit to private sector (% of GDP)","FS.AST.PRVT.GD.ZS","11.7537734525025","14.0633269127664","20.4256335757578","25.8580592156528","32.1742913237435","32.0554536910014","32.7092516216428","34.3556541184544","33.1994355366732",".."
Uzbekistan,"UZB","Real interest rate (%)","FR.INR.RINR","4.21700427700174","-13.6914121074511","-4.69930252940841","5.12864556545851","10.605439775893","6.79911198585489","6.36317497514543","7.31578257912652","8.59082214477278",".."
Uzbekistan,"UZB","Market capitalization of listed domestic companies (% of GDP)","CM.MKT.LCAP.GD.ZS","..","..","..","..","7.8714222834672","6.71580808160246","9.35316425620265","13.3683931943064","16.3523872580379",".."
Uzbekistan,"UZB","Stocks traded, total value (% of GDP)","CM.MKT.TRAD.GD.ZS","..","..","..","..","0.0467616993300852","0.0475432783457334","0.116187272819319","0.0286335365399635","0.00887224282427666",".."
Uzbekistan,"UZB","Secure Internet servers (per 1 million people)","IT.NET.SECR.P6","70.9934687287355","205.787842790911","283.966912433599","460.977941222643","477.693750310394","595.02922815341","733.565156714046","823.873753807853","966.617245834433",".."
Uzbekistan,"UZB","Fixed broadband subscriptions (per 100 people)","IT.NET.BBND.P2","8.77864127770599","10.4346190212708","12.7372983265011","10.5554301857614","15.8070422134311","21.8944210928633","25.7992232452287","30.2699233460544","34.7381414135069",".."
Uzbekistan,"UZB","ICT goods imports (% total goods imports)","TM.VAL.ICTG.ZS.UN","..","2.6","2.05","3.02","3.98","4.2","4.07","..","..",".."
Uzbekistan,"UZB","Individuals using the Internet (% of population)","IT.NET.USER.ZS","46.79130173","48.6999988524556","55.2000006732722","70.3999986481458","71.09999824","76.59043014","83.90000012","89.01361047","89.50550079",".."
Uzbekistan,"UZB","School enrollment, tertiary (% gross)","SE.TER.ENRR","8.33958377998093","8.64750307019382","9.95855522351711","13.0316667432446","15.9720957084892","22.0939011675309","31.701936179599","45.7591768686293","56.517478700865","59.8086982926392"
Uzbekistan,"UZB","Research and development expenditure (% of GDP)","GB.XPD.RSDV.GD.ZS","0.17238","0.13212","0.11164","0.10128","0.12554","0.11843","0.14297","0.11093","0.10416",".."
Uzbekistan,"UZB","High-technology exports (% of manufactured exports)","TX.VAL.TECH.MF.ZS","..","1.5432836613328","0.453823633941083","0.72493510820114","1.30490782664246","0.308087494427371","1.41210240735451","2.82239070122292","1.73386305963966",".."
Uzbekistan,"UZB","GDP per person employed (constant 2021 PPP $)","SL.GDP.PCAP.EM.KD","20490.7215968903","21240.1139602239","21983.7961402469","23018.6900929451","23623.1694411093","24978.3760764128","25106.9050008246","26234.7125958378","27508.0898469539",".."
Vanuatu,"VUT","GDP growth (annual %)","NY.GDP.MKTP.KD.ZG","3.47154471544715","4.41266598569969","2.90023027256446","3.24118765540442","-4.99249142889525","-1.55229489129462","5.18622862422562","2.093743250054","0.942185362275907",".."
Vanuatu,"VUT","Inflation, consumer prices (annual %)","FP.CPI.TOTL.ZG","0.842069084035061","3.08452624403546","2.33096379566866","2.76252019386111","5.32935073101715","2.34328358208953","6.67930581887121","11.1825017088175","..",".."
Vanuatu,"VUT","Gross fixed capital formation (% of GDP)","NE.GDI.FTOT.ZS","24.4896789648019","27.1438658614984","26.3101487531135","23.8417868776175","32.7097370602979","46.0898070618998","37.8679068544477","..","..",".."
Vanuatu,"VUT","Foreign direct investment, net inflows (% of GDP)","BX.KLT.DINV.WD.GD.ZS","5.49263637992702","4.34327388667744","4.10870468514392","5.64318738616692","4.52584159327415","4.53028102541425","1.01371235156553","0.83061864668994","2.58164239501493",".."
Vanuatu,"VUT","Domestic credit to private sector (% of GDP)","FS.AST.PRVT.GD.ZS","67.1198327923529","64.4852232729457","61.4991352412897","59.0872947836203","60.2114539688742","60.9428290310797","55.2448439738049","53.551817090879","56.333229902796",".."
Vanuatu,"VUT","Real interest rate (%)","FR.INR.RINR","8.11044129152082","5.57507665751726","6.75711569696679","6.55056178657294","6.78646523418731","8.57362678725672","-2.17660685621177","1.83572089412531","9.4050902793083",".."
Vanuatu,"VUT","Market capitalization of listed domestic companies (% of GDP)","CM.MKT.LCAP.GD.ZS","..","..","..","..","..","..","..","..","..",".."
Vanuatu,"VUT","Stocks traded, total value (% of GDP)","CM.MKT.TRAD.GD.ZS","..","..","..","..","..","..","..","..","..",".."
Vanuatu,"VUT","Secure Internet servers (per 1 million people)","IT.NET.SECR.P6","169.063571578208","183.119275278539","203.323996788883","359.607514084628","374.759919426617","2818.20916212222","2319.14798464123","1635.4097419236","1918.98760437737",".."
Vanuatu,"VUT","Fixed broadband subscriptions (per 100 people)","IT.NET.BBND.P2","1.61198440204787","..","..","2.70150863914242","0.931880692502794","1.03214458524592","1.1263520377197","1.23342353055002","1.15566375920214",".."
Vanuatu,"VUT","ICT goods imports (% total goods imports)","TM.VAL.ICTG.ZS.UN","..","..","..","..","..","..","..","..","..",".."
Vanuatu,"VUT","Individuals using the Internet (% of population)","IT.NET.USER.ZS","..","..","..","..","..","..","..","..","..",".."
Vanuatu,"VUT","School enrollment, tertiary (% gross)","SE.TER.ENRR","..","..","..","..","..","..","..","..","..",".."
Vanuatu,"VUT","Research and development expenditure (% of GDP)","GB.XPD.RSDV.GD.ZS","..","..","..","..","..","..","..","..","..",".."
Vanuatu,"VUT","High-technology exports (% of manufactured exports)","TX.VAL.TECH.MF.ZS","..","..","..","..","..","..","..","..","..",".."
Vanuatu,"VUT","GDP per person employed (constant 2021 PPP $)","SL.GDP.PCAP.EM.KD","9649.88896558482","9980.38518042624","10169.738103662","10392.0016912947","9597.07358763897","9256.43779478909","9500.94552393999","9440.45381264992","9276.37811248205",".."
"Venezuela, RB","VEN","GDP growth (annual %)","NY.GDP.MKTP.KD.ZG","-17.0403345996548","-15.6714088720003","-19.6553415972227","-27.6579678662627","-29.9985699155957","0.955433428579269","8.00091310654791","4.00168591128376","5.29999999999984",".."
"Venezuela, RB","VEN","Inflation, consumer prices (annual %)","FP.CPI.TOTL.ZG","254.948534781816","..","..","..","..","..","..","..","..",".."
"Venezuela, RB","VEN","Gross fixed capital formation (% of GDP)","NE.GDI.FTOT.ZS","10.8589937535261","8.06286288818543","6.20501316656654","5.58508501566833","7.02012357236498","6.70392836224351","4.73134621738228","4.1166650763677","3.82359847041536",".."
"Venezuela, RB","VEN","Foreign direct investment, net inflows (% of GDP)","BX.KLT.DINV.WD.GD.ZS","1.40548157326263","-0.25801825119328","0.609677838011936","0.772453708102055","3.51089983775956","2.14254260514198","2.63893280227629","0.0126982233499548","1.36272366359347",".."
"Venezuela, RB","VEN","Domestic credit to private sector (% of GDP)","FS.AST.PRVT.GD.ZS","..","..","..","..","..","..","..","..","..",".."
"Venezuela, RB","VEN","Real interest rate (%)","FR.INR.RINR","-70.3603635303755","-89.4708018720893","..","..","..","..","..","..","..",".."
"Venezuela, RB","VEN","Market capitalization of listed domestic companies (% of GDP)","CM.MKT.LCAP.GD.ZS","..","..","..","..","..","..","..","..","..",".."
"Venezuela, RB","VEN","Stocks traded, total value (% of GDP)","CM.MKT.TRAD.GD.ZS","..","..","..","..","..","..","..","..","..",".."
"Venezuela, RB","VEN","Secure Internet servers (per 1 million people)","IT.NET.SECR.P6","143.698896044039","282.215241108363","266.911865943415","213.939423385739","194.45173067138","147.178469050698","214.369133226695","223.456154361985","246.677206628298",".."
"Venezuela, RB","VEN","Fixed broadband subscriptions (per 100 people)","IT.NET.BBND.P2","8.49644019382612","8.53198574083448","8.73796850144755","8.85037434042832","9.00606477756336","9.2424360147272","9.58036143387288","10.638053537183","12.9446636524427",".."
"Venezuela, RB","VEN","ICT goods imports (% total goods imports)","TM.VAL.ICTG.ZS.UN","..","..","..","..","..","..","..","..","..",".."
"Venezuela, RB","VEN","Individuals using the Internet (% of population)","IT.NET.USER.ZS","60","..","..","49.05009842","72.44110107","74.11219788","75.82180023","76.33190155","76.67890167",".."
"Venezuela, RB","VEN","School enrollment, tertiary (% gross)","SE.TER.ENRR","..","..","..","..","..","..","..","..","..",".."
"Venezuela, RB","VEN","Research and development expenditure (% of GDP)","GB.XPD.RSDV.GD.ZS","..","..","..","..","..","..","..","..","..",".."
"Venezuela, RB","VEN","High-technology exports (% of manufactured exports)","TX.VAL.TECH.MF.ZS","..","..","..","..","..","..","..","..","..",".."
"Venezuela, RB","VEN","GDP per person employed (constant 2021 PPP $)","SL.GDP.PCAP.EM.KD","..","..","..","..","..","..","..","..","..",".."
Viet Nam,"VNM","GDP growth (annual %)","NY.GDP.MKTP.KD.ZG","6.69000892660424","6.94019037359206","7.46500685572751","7.35926270105006","2.86541320912272","2.55372852648131","8.53750046755788","5.06502391455075","7.09118746633975",".."
Viet Nam,"VNM","Inflation, consumer prices (annual %)","FP.CPI.TOTL.ZG","2.66824816969082","3.52025688811617","3.53962805942641","2.7958236745225","3.22093436652514","1.83471554810444","3.15650749963129","3.25289282667662","3.62109273885843",".."
Viet Nam,"VNM","Gross fixed capital formation (% of GDP)","NE.GDI.FTOT.ZS","29.8938593535094","30.5447649065873","30.341493072074","30.3625675367417","30.2778176424342","31.0348551186527","30.5658412856141","30.1077352983759","29.0216638418898",".."
Viet Nam,"VNM","Foreign direct investment, net inflows (% of GDP)","BX.KLT.DINV.WD.GD.ZS","4.90089302916746","5.01148721749681","4.99828319622328","4.821074861051","4.55836196782424","4.27314566190187","4.32947308910883","4.26407109843686","4.23394171325231",".."
Viet Nam,"VNM","Domestic credit to private sector (% of GDP)","FS.AST.PRVT.GD.ZS","98.8589607655139","103.972032257471","105.275984683547","108.031900933361","115.525349937741","124.282898747665","124.961478822546","..","..",".."
Viet Nam,"VNM","Real interest rate (%)","FR.INR.RINR","5.04860292807267","2.59151415896465","3.61415504341763","5.15925265729481","6.09064299683403","4.79218047283212","3.41861684479736","7.08136836215213","..",".."
Viet Nam,"VNM","Market capitalization of listed domestic companies (% of GDP)","CM.MKT.LCAP.GD.ZS","28.4804887315354","44.5382693488122","42.7765974728133","44.8064716103622","53.6641904330945","76.0745639070541","41.1547279732429","43.2902972706012","42.9514977454551",".."
Viet Nam,"VNM","Stocks traded, total value (% of GDP)","CM.MKT.TRAD.GD.ZS","10.507384395072","15.7437371732788","14.7067356464442","9.43869258703846","16.403992571099","51.8881801712597","39.2001982313149","31.4233413055855","33.671453196182",".."
Viet Nam,"VNM","Secure Internet servers (per 1 million people)","IT.NET.SECR.P6","277.637952301698","1340.49224950694","1756.65741478106","2577.96918378473","3082.33578313263","3846.57222455068","4713.44214180776","5256.30770476842","5733.7485681175",".."
Viet Nam,"VNM","Fixed broadband subscriptions (per 100 people)","IT.NET.BBND.P2","9.679017739946","11.8410316814328","13.5025072757898","15.2328957557438","17.0262915402718","19.5362327330994","21.3681380805533","22.6806675035061","23.711259212336",".."
Viet Nam,"VNM","ICT goods imports (% total goods imports)","TM.VAL.ICTG.ZS.UN","22.59","25.01","23.81","25.65","30.63","29.42","..","..","..",".."
Viet Nam,"VNM","Individuals using the Internet (% of population)","IT.NET.USER.ZS","53","58.1400000036297","69.8479286837965","68.6615802057338","70.30000012","74.20999985","78.58999918","78.08","84.15",".."
Viet Nam,"VNM","School enrollment, tertiary (% gross)","SE.TER.ENRR","29.0811980839409","25.9526307046456","..","30.2241191864014","..","41.9554971195048","44.7536854027422","32.8415128147815","37.5923642016718",".."
Viet Nam,"VNM","Research and development expenditure (% of GDP)","GB.XPD.RSDV.GD.ZS","..","0.41895","..","0.41652","..","0.42494","..","0.41456","..",".."
Viet Nam,"VNM","High-technology exports (% of manufactured exports)","TX.VAL.TECH.MF.ZS","38.0569617054575","41.7381332957129","40.7501595675465","40.4334300320093","41.7401040421189","41.5396346544198","42.689178907016","44.256885251682","..",".."
Viet Nam,"VNM","GDP per person employed (constant 2021 PPP $)","SL.GDP.PCAP.EM.KD","17000.2147796543","17973.3795572139","18936.4394759814","20457.7304210902","21529.5499916683","22082.4320174116","23275.247865038","24513.2203648419","26090.7424814589",".."
Virgin Islands (U.S.),"VIR","GDP growth (annual %)","NY.GDP.MKTP.KD.ZG","1.6008537886873","-0.735294117647058","1.87830687830687","2.90833549727343","-1.61493817814787","3.66760707873814","-1.31123206333498","..","..",".."
Virgin Islands (U.S.),"VIR","Inflation, consumer prices (annual %)","FP.CPI.TOTL.ZG","..","..","..","..","..","..","..","..","..",".."
Virgin Islands (U.S.),"VIR","Gross fixed capital formation (% of GDP)","NE.GDI.FTOT.ZS","..","..","..","..","..","..","..","..","..",".."
Virgin Islands (U.S.),"VIR","Foreign direct investment, net inflows (% of GDP)","BX.KLT.DINV.WD.GD.ZS","..","..","..","..","..","..","..","..","..",".."
Virgin Islands (U.S.),"VIR","Domestic credit to private sector (% of GDP)","FS.AST.PRVT.GD.ZS","..","..","..","..","..","..","..","..","..",".."
Virgin Islands (U.S.),"VIR","Real interest rate (%)","FR.INR.RINR","..","..","..","..","..","..","..","..","..",".."
Virgin Islands (U.S.),"VIR","Market capitalization of listed domestic companies (% of GDP)","CM.MKT.LCAP.GD.ZS","..","..","..","..","..","..","..","..","..",".."
Virgin Islands (U.S.),"VIR","Stocks traded, total value (% of GDP)","CM.MKT.TRAD.GD.ZS","..","..","..","..","..","..","..","..","..",".."
Virgin Islands (U.S.),"VIR","Secure Internet servers (per 1 million people)","IT.NET.SECR.P6","837.084712972953","1053.3086007774","859.805048550948","1181.22416072148","649.167372283376","472.277321243034","607.135742270877","305.003002373305","5614.26367877981",".."
Virgin Islands (U.S.),"VIR","Fixed broadband subscriptions (per 100 people)","IT.NET.BBND.P2","..","..","..","..","..","..","10.0662374143133","..","..",".."
Virgin Islands (U.S.),"VIR","ICT goods imports (% total goods imports)","TM.VAL.ICTG.ZS.UN","..","..","..","..","..","..","..","..","..",".."
Virgin Islands (U.S.),"VIR","Individuals using the Internet (% of population)","IT.NET.USER.ZS","59.60831579895","64.3774942980087","..","..","..","..","..","..","..",".."
Virgin Islands (U.S.),"VIR","School enrollment, tertiary (% gross)","SE.TER.ENRR","..","..","..","..","..","..","..","..","..",".."
Virgin Islands (U.S.),"VIR","Research and development expenditure (% of GDP)","GB.XPD.RSDV.GD.ZS","..","..","..","..","..","..","..","..","..",".."
Virgin Islands (U.S.),"VIR","High-technology exports (% of manufactured exports)","TX.VAL.TECH.MF.ZS","..","..","..","..","..","..","..","..","..",".."
Virgin Islands (U.S.),"VIR","GDP per person employed (constant 2021 PPP $)","SL.GDP.PCAP.EM.KD","104299.519691841","101192.572704584","110359.840610783","118933.410701635","120072.689992657","121206.545571773","116146.463492296","..","..",".."
West Bank and Gaza,"PSE","GDP growth (annual %)","NY.GDP.MKTP.KD.ZG","8.86461881995935","1.41936756294787","1.22707737782703","1.36268746558062","-11.3184661065134","7.01198227592003","4.08276027347105","-4.55580428525744","-26.5575264529877",".."
West Bank and Gaza,"PSE","Inflation, consumer prices (annual %)","FP.CPI.TOTL.ZG","-0.219106604907316","0.212570934228881","-0.195107773730735","1.58018333639455","-0.735332001092191","1.23748102831369","3.74122391852077","5.87110177678988","53.6691458303782",".."
West Bank and Gaza,"PSE","Gross fixed capital formation (% of GDP)","NE.GDI.FTOT.ZS","23.9773066587041","26.000744047619","26.8188688055245","25.2371085884379","22.7186978888338","23.8748688497432","25.0199577365579","24.0543705421926","21.847991773089",".."
West Bank and Gaza,"PSE","Foreign direct investment, net inflows (% of GDP)","BX.KLT.DINV.WD.GD.ZS","1.92447798073354","1.14056698202946","1.29446294401352","0.769720046510608","0.513433766585376","1.95194132723981","1.62179695015304","0.580098297204125","1.18281329825606",".."
West Bank and Gaza,"PSE","Domestic credit to private sector (% of GDP)","FS.AST.PRVT.GD.ZS","36.5279321411323","41.7423779001116","44.8402878170502","44.9267353587416","52.2438211575681","47.3295160416368","47.7106174807336","55.05839660764","68.4843025256061",".."
West Bank and Gaza,"PSE","Real interest rate (%)","FR.INR.RINR","4.81021837744655","2.48648397866908","6.19365815999576","2.00529807738656","3.22478542182297","-3.1194174840674","..","..","..",".."
West Bank and Gaza,"PSE","Market capitalization of listed domestic companies (% of GDP)","CM.MKT.LCAP.GD.ZS","22.0060498266841","24.1287822420635","22.9465613211604","21.9307205182829","22.1927412968316","24.3366281959247","25.5468419816858","25.9136929274593","29.7573498844002",".."
West Bank and Gaza,"PSE","Stocks traded, total value (% of GDP)","CM.MKT.TRAD.GD.ZS","2.89482908590494","2.90835813492063","2.17176805966848","1.5985642163014","1.22388405647804","2.31194433706997","2.46667188437557","1.84649174412676","1.19749691855504",".."
West Bank and Gaza,"PSE","Secure Internet servers (per 1 million people)","IT.NET.SECR.P6","108.081174457671","547.723188781552","469.021491602152","557.701033827887","535.676848413029","594.180202971957","517.882818900423","434.591131050036","427.100601381847",".."
West Bank and Gaza,"PSE","Fixed broadband subscriptions (per 100 people)","IT.NET.BBND.P2","6.92212533449435","7.58784526169771","7.50601163734241","7.35978367684813","7.43459365973318","8.01282694120497","7.93673083556539","8.37056926326656","8.16158042217888",".."
West Bank and Gaza,"PSE","ICT goods imports (% total goods imports)","TM.VAL.ICTG.ZS.UN","3.1","4.36","3.86","4.11","3.9","4.02","..","..","..",".."
West Bank and Gaza,"PSE","Individuals using the Internet (% of population)","IT.NET.USER.ZS","59.90000153","63.29999924","64.3999937114499","70.6225837001758","76.18160248","..","88.64690554","86.63765334","..",".."
West Bank and Gaza,"PSE","School enrollment, tertiary (% gross)","SE.TER.ENRR","45.3924907557838","45.5044081379083","46.4852162059319","45.6330464687168","45.3895360497376","44.2081176768623","45.7982801281791","44.4904623709098","..",".."
West Bank and Gaza,"PSE","Research and development expenditure (% of GDP)","GB.XPD.RSDV.GD.ZS","..","..","..","..","..","..","..","..","..",".."
West Bank and Gaza,"PSE","High-technology exports (% of manufactured exports)","TX.VAL.TECH.MF.ZS","0.717403672954043","0.615204104781565","0.850022002024037","0.903315434063868","1.69747322599568","1.60088574523558","1.25502447705891","1.84344953927492","..",".."
West Bank and Gaza,"PSE","GDP per person employed (constant 2021 PPP $)","SL.GDP.PCAP.EM.KD","32293.5879986927","32602.3210556777","32800.3816133074","31366.6017895356","29457.487102834","29095.4811616882","27595.5393534341","..","..",".."
"Yemen, Rep.","YEM","GDP growth (annual %)","NY.GDP.MKTP.KD.ZG","-9.37512379736752","-5.07179568062152","0.752447592962554","..","..","..","..","..","..",".."
"Yemen, Rep.","YEM","Inflation, consumer prices (annual %)","FP.CPI.TOTL.ZG","..","..","..","..","..","..","..","..","..",".."
"Yemen, Rep.","YEM","Gross fixed capital formation (% of GDP)","NE.GDI.FTOT.ZS","1.42924659655832","2.07228522486508","6.17671078391039","..","..","..","..","..","..",".."
"Yemen, Rep.","YEM","Foreign direct investment, net inflows (% of GDP)","BX.KLT.DINV.WD.GD.ZS","-1.79131212045889","-1.00531889341895","-1.30563839823089","..","..","..","..","..","..",".."
"Yemen, Rep.","YEM","Domestic credit to private sector (% of GDP)","FS.AST.PRVT.GD.ZS","..","..","..","..","..","..","..","..","..",".."
"Yemen, Rep.","YEM","Real interest rate (%)","FR.INR.RINR","..","..","..","..","..","..","..","..","..",".."
"Yemen, Rep.","YEM","Market capitalization of listed domestic companies (% of GDP)","CM.MKT.LCAP.GD.ZS","..","..","..","..","..","..","..","..","..",".."
"Yemen, Rep.","YEM","Stocks traded, total value (% of GDP)","CM.MKT.TRAD.GD.ZS","..","..","..","..","..","..","..","..","..",".."
"Yemen, Rep.","YEM","Secure Internet servers (per 1 million people)","IT.NET.SECR.P6","1.21461234712624","2.84065831833451","3.1391940345221","3.6740195665181","4.67692377856808","8.69676897531329","9.20914480637197","6.95593912679964","15.0062227775045",".."
"Yemen, Rep.","YEM","Fixed broadband subscriptions (per 100 people)","IT.NET.BBND.P2","0.860253866438112","1.11512157670075","1.13342507603451","1.08796548403869","1.08205751326634","1.09217148089821","1.27124133725573","..","..",".."
"Yemen, Rep.","YEM","ICT goods imports (% total goods imports)","TM.VAL.ICTG.ZS.UN","..","..","1.82","2.34","..","..","..","..","..",".."
"Yemen, Rep.","YEM","Individuals using the Internet (% of population)","IT.NET.USER.ZS","24.57920074","..","..","17.49099922","..","..","..","..","..",".."
"Yemen, Rep.","YEM","School enrollment, tertiary (% gross)","SE.TER.ENRR","..","..","..","..","..","..","..","..","..",".."
"Yemen, Rep.","YEM","Research and development expenditure (% of GDP)","GB.XPD.RSDV.GD.ZS","..","..","..","..","..","..","..","..","..",".."
"Yemen, Rep.","YEM","High-technology exports (% of manufactured exports)","TX.VAL.TECH.MF.ZS","..","..","..","..","..","..","..","..","..",".."
"Yemen, Rep.","YEM","GDP per person employed (constant 2021 PPP $)","SL.GDP.PCAP.EM.KD","..","..","..","..","..","..","..","..","..",".."
Zambia,"ZMB","GDP growth (annual %)","NY.GDP.MKTP.KD.ZG","3.75510031678988","3.52586277149926","4.03449389667165","1.44130602603785","-2.78505506545167","6.23492204726448","5.21122360356247","5.36794285493059","3.82004825518591",".."
Zambia,"ZMB","Inflation, consumer prices (annual %)","FP.CPI.TOTL.ZG","17.8697300795268","6.57731154205644","7.4945719272852","9.15031644316296","15.7330604721369","22.0207676245777","10.9932039209136","10.884531691282","14.9856262747939",".."
Zambia,"ZMB","Gross fixed capital formation (% of GDP)","NE.GDI.FTOT.ZS","36.4205905653916","38.8072565095918","35.0575989116852","35.7566183829109","29.8228506521771","28.5104973388638","25.1043252414273","26.4374095105745","21.6032158081555",".."
Zambia,"ZMB","Foreign direct investment, net inflows (% of GDP)","BX.KLT.DINV.WD.GD.ZS","3.16251974813899","4.28050117059574","1.55231886738395","2.3509190433173","1.35190577412928","1.78407846118257","-0.223286755156161","2.32465335614826","9.32437789659637",".."
Zambia,"ZMB","Domestic credit to private sector (% of GDP)","FS.AST.PRVT.GD.ZS","15.4421205069545","14.9060105438137","14.973719234617","15.6261899079478","15.1635545633961","11.3595044648168","12.9750888260207","15.6263060649433","17.0073799722572",".."
Zambia,"ZMB","Real interest rate (%)","FR.INR.RINR","1.69392927805065","2.0914904852687","2.21586529013412","2.46967432530594","-3.89303245264567","..","..","..","..",".."
Zambia,"ZMB","Market capitalization of listed domestic companies (% of GDP)","CM.MKT.LCAP.GD.ZS","..","..","..","..","14.9769831640579","18.259838291498","13.8433005038651","12.5325819685149","30.6883496878705",".."
Zambia,"ZMB","Stocks traded, total value (% of GDP)","CM.MKT.TRAD.GD.ZS","..","..","..","..","0.103596005747361","0.599327938133543","0.10389598939548","0.627530180419469","0.156857721520642",".."
Zambia,"ZMB","Secure Internet servers (per 1 million people)","IT.NET.SECR.P6","8.57256555544342","40.9372685094935","39.7806356656266","35.0008445034009","39.0883341260308","44.3285768787346","49.8190387922595","54.9605251697733","80.5068516209933",".."
Zambia,"ZMB","Fixed broadband subscriptions (per 100 people)","IT.NET.BBND.P2","0.18791063697532","0.205901846878562","0.401856748651311","0.48013272665923","0.431897234933218","0.411108017009319","0.428949863290405","0.681389878819039","0.789797548725881",".."
Zambia,"ZMB","ICT goods imports (% total goods imports)","TM.VAL.ICTG.ZS.UN","5.94","3.09","4.36","2.99","3.52","2.49","..","..","..",".."
Zambia,"ZMB","Individuals using the Internet (% of population)","IT.NET.USER.ZS","10.30000019","12.19999981","14.2999970950012","14.47189999","14.64579964","14.82190037","15","16.45070076","17.10099983",".."
Zambia,"ZMB","School enrollment, tertiary (% gross)","SE.TER.ENRR","..","..","..","..","..","..","..","..","..",".."
Zambia,"ZMB","Research and development expenditure (% of GDP)","GB.XPD.RSDV.GD.ZS","..","..","..","..","..","..","..","..","..",".."
Zambia,"ZMB","High-technology exports (% of manufactured exports)","TX.VAL.TECH.MF.ZS","22.5255637247844","4.48475826872894","2.14275391250791","2.1996059285433","1.3612623275557","0.953120510576897","0.716710301849432","1.16356588883727","1.4719428559393",".."
Zambia,"ZMB","GDP per person employed (constant 2021 PPP $)","SL.GDP.PCAP.EM.KD","11736.8560335647","11640.9603928292","11757.5814691967","11353.0862603223","10463.7779442582","10766.4463114632","11129.2239924685","10849.814829468","10873.5656933431",".."
Zimbabwe,"ZWE","GDP growth (annual %)","NY.GDP.MKTP.KD.ZG","0.75579405855224","4.73441117758482","5.00992154297603","-6.33244976028571","-7.81695060188729","8.46801676808001","6.13926327570213","5.3508687909833","1.74239524880791",".."
Zimbabwe,"ZWE","Inflation, consumer prices (annual %)","FP.CPI.TOTL.ZG","-1.54366960054161","0.893962316050027","10.6188658669575","255.304990757856","557.201817362051","98.5461050920624","104.705170628667","..","..",".."
Zimbabwe,"ZWE","Gross fixed capital formation (% of GDP)","NE.GDI.FTOT.ZS","9.80823716818464","11.3993419178061","11.0482562563712","8.84133205384636","8.53111486154582","10.7642655044502","9.60250660332949","9.67550195111188","7.92626050746844",".."
Zimbabwe,"ZWE","Foreign direct investment, net inflows (% of GDP)","BX.KLT.DINV.WD.GD.ZS","1.66841598492163","0.601908067055593","1.21217684971106","0.748473073606359","0.470482157673421","0.575184665386161","0.826254039449821","1.68432122793783","1.12046122708248",".."
Zimbabwe,"ZWE","Domestic credit to private sector (% of GDP)","FS.AST.PRVT.GD.ZS","17.0984957033978","5.81005418078355","5.83026742967083","3.42802176448637","3.64213203545347","4.75952182207041","5.82632307387219","6.47769726494533","..",".."
Zimbabwe,"ZWE","Real interest rate (%)","FR.INR.RINR","4.84676501119519","-64.0569870550594","3.45482465727136","-76.6315761576556","-80.610262143418","-30.3181952038656","-38.0936507384686","-68.8772669884142","-85.8938147855464",".."
Zimbabwe,"ZWE","Market capitalization of listed domestic companies (% of GDP)","CM.MKT.LCAP.GD.ZS","..","..","..","..","..","..","..","..","..",".."
Zimbabwe,"ZWE","Stocks traded, total value (% of GDP)","CM.MKT.TRAD.GD.ZS","..","..","..","..","..","..","..","..","..",".."
Zimbabwe,"ZWE","Secure Internet servers (per 1 million people)","IT.NET.SECR.P6","13.2874036646111","29.367124294227","44.7638530489838","64.8926802104435","71.2956775369282","75.8994784522077","78.1004185933511","89.3467905102938","89.9943749006951",".."
Zimbabwe,"ZWE","Fixed broadband subscriptions (per 100 people)","IT.NET.BBND.P2","1.17009972538909","1.26454162104636","1.35060459802592","1.33860961244598","1.31037848666133","1.29980547197891","1.62150159909829","1.5745780720211","1.93865437549104",".."
Zimbabwe,"ZWE","ICT goods imports (% total goods imports)","TM.VAL.ICTG.ZS.UN","3.65","4.64","2.75","2.26","2.4","2.15","2.3","..","..",".."
Zimbabwe,"ZWE","Individuals using the Internet (% of population)","IT.NET.USER.ZS","23.12000084","24.39999962","25","26.5883007","29.29856532","32.5923996","36.25650024","38.67480087","41.64279938",".."
Zimbabwe,"ZWE","School enrollment, tertiary (% gross)","SE.TER.ENRR","..","..","..","..","..","..","..","..","7.74912957845971",".."
Zimbabwe,"ZWE","Research and development expenditure (% of GDP)","GB.XPD.RSDV.GD.ZS","..","..","..","..","..","..","..","..","..",".."
Zimbabwe,"ZWE","High-technology exports (% of manufactured exports)","TX.VAL.TECH.MF.ZS","5.16438263725404","2.58586852030626","2.06369292021293","4.94971446176859","2.38386758382921","1.05374010425564","1.47693113776014","1.94218828246376","2.79801736625087",".."
Zimbabwe,"ZWE","GDP per person employed (constant 2021 PPP $)","SL.GDP.PCAP.EM.KD","14458.0861068336","14933.7459243891","15446.8038537702","14261.1795385466","13252.3828337324","14037.1379013988","14711.6054510282","14471.8917064701","14380.9240049532",".."
,"","","","","","","","","","","","",""
,"","","","","","","","","","","","",""
,"","","","","","","","","","","","",""
Data from database: World Development Indicators,"","","","","","","","","","","","",""
Last Updated: 04/08/2026,"","","","","","","","","","","","",""
